pdbid,status_bp,notes,mmtype,mmclass,reso,name,uniprot,gpid,title,pairid,bp_type,LW,bp_name,bp_motif,nt_1,nt_2,chid_1,chid_2,resn_1,resn_2,resc_1,resc_2,resi_1,resi_2,icode_1,icode_2,form_1,form_2,conf_1,conf_2,chi_1,chi_2,pucker_1,pucker_2,phase_1,phase_2,ampli_1,ampli_2,C1C1_dist,C6C8_dist,hbonds_num,hbonds_desc_1,hbonds_len_1,hbonds_desc_2,hbonds_len_2,hbonds_desc_3,hbonds_len_3,hbonds_desc_4,hbonds_len_4,hbonds_desc_5,hbonds_len_5,hbonds_desc_6,hbonds_len_6,shear,stretch,stagger,buckle,propeller,opening,alpha_1,alpha_2,beta_1,beta_2,gamma_1,gamma_2,delta_1,delta_2,epsilon_1,epsilon_2,zeta_1,zeta_2,v0_1,v0_2,v1_1,v1_2,v2_1,v2_2,v3_1,v3_2,v4_1,v4_2
1mnv,Duplex,Wobble,Protein#DNA,DNA/ANTIBIOTIC,2.6,,null,,Actinomycin D binding to ATGCTGCAT,1mnv_TT_A_DT_5_^_B_DT_14_^,--,cWW,TT,T-T,1:A.DT5,1:B.DT14,A,B,DT,DT,T,T,5,14,^,^,0,0,anti,anti,-104.238,-132.443,C4'-exo,C4'-exo,65.822,40.686,43.283,43.401,8.365,8.736,2,O2(carbonyl)-N3(imino),2.78,N3(imino)-O4(carbonyl),3.28,--,0,--,0,--,0,--,0,2.252,-1.47,0.057,-1.513,11.677,24.57,-77.338,-65.246,162.363,132.074,53.798,89.322,82.228,55.765,-153.843,-118.812,-111.125,-91.672,-32.119,-17.089,8.122,-12.425,17.727,32.91,-37.759,-44.596,43.524,37.819
1p51,Duplex,Wobble,Protein#DNA,DNA Binding Protein/DNA,2.5,,DNA-binding protein HU,9734,Anabaena HU-DNA cocrystal structure (AHU6),1p51_TT_E_DT_11_^_F_DT_11_^,--,cWW,TT,T-T,1:E.DT11,1:F.DT11,E,F,DT,DT,T,T,11,11,^,^,B,B,anti,anti,-123.557,-95.508,C3'-exo,C3'-exo,185.418,185.388,28.752,28.542,8.268,8.12,2,N3(imino)-O2(carbonyl),2.59,O4(carbonyl)-N3(imino),2.51,--,0,--,0,--,0,--,0,-2.357,-2.264,-0.549,-6.167,-20.374,15.418,-16.9,49.694,-102.337,172.463,-79.466,-66.175,144.688,144.627,-156.14,-158.635,-82.798,-122.516,-6.674,-6.669,22.283,22.217,-28.623,-28.416,25.351,25.243,-11.96,-11.892
1p71,Duplex,Wobble,Protein#DNA,DNA Binding Protein/DNA,1.9,,DNA-binding protein HU,9734,Anabaena HU-DNA corcrystal structure (TR3),1p71_TT_C_DT_11_^_D_DT_11_^,--,cWW,TT,T-T,1:C.DT11,1:D.DT11,C,D,DT,DT,T,T,11,11,^,^,B,B,anti,anti,-121.108,-124.625,C1'-exo,C2'-endo,128.694,147.879,22.066,24.333,8.413,8.241,2,O2(carbonyl)-N3(imino),2.52,N3(imino)-O4(carbonyl),2.57,--,0,--,0,--,0,--,0,2.264,-2.14,0.01,-0.917,-17.88,12.733,-49.139,70.761,-163.403,171.098,20.553,-86.282,124.07,132.809,-172.503,-172.132,-99.644,-81.735,-21.161,-19.167,21.539,24.974,-13.795,-20.608,1.883,10.047,12.189,5.724
1p78,Duplex,Wobble,Protein#DNA,DNA BINDING PROTEIN/DNA,2.25,,DNA-binding protein HU,9734,Anabaena HU-DNA cocrystal structure (AHU2),1p78_TT_C_DT_11_^_D_DT_11_^,--,cWW,TT,T-T,1:C.DT11,1:D.DT11,C,D,DT,DT,T,T,11,11,^,^,B,B,anti,anti,-139.192,-141.678,O4'-endo,O4'-endo,88.629,78.673,35.645,37.429,8.599,8.3,2,O2(carbonyl)-N3(imino),2.56,N3(imino)-O4(carbonyl),2.57,--,0,--,0,--,0,--,0,2.117,-2.086,0.193,-2.909,-20.562,9.952,-74.709,-66.904,-175.279,-161.785,56.693,21.36,101.826,95.936,-171.098,179.558,-88.038,-67.787,-34.339,-32.918,19.657,14.826,0.853,7.351,-20.9,-27.104,34.775,38.104
5gsk,Duplex,Stacked in WC. Non hydrogen bonded. Mercury. ,DNA,DNA,1.05,,null,,Crystal structure of duplex DNA3 in complex with Hg(II) and Sr(II),5gsk_TT_A_DT_3_^_A_DT_6_^,Metal,cWW,TT,T-T,1:A.DT3,2:A.DT6,A,A,DT,DT,T,T,3,6,^,^,A,A,anti,anti,-157.517,-159.074,C3'-endo,C3'-endo,18.034,16.945,37.571,39.668,10.235,9.319,1,O4(carbonyl)*O4(carbonyl),3.27,--,0,--,0,--,0,--,0,--,0,0.081,-0.772,-0.131,-0.397,-25.808,-7.978,-72.103,-72.476,178.188,174.704,54.861,56.347,84.708,84.658,-152.603,-148.01,-63.901,-69.385,0.325,1.12,-23.246,-25.161,35.725,37.946,-36.593,-38.456,22.776,23.407
5gsk,Duplex,Stacked in WC. Non hydrogen bonded. Mercury. ,DNA,DNA,1.05,,null,,Crystal structure of duplex DNA3 in complex with Hg(II) and Sr(II),5gsk_TT_A_DT_6_^_A_DT_3_^,Metal,cWW,TT,T-T,1:A.DT6,2:A.DT3,A,A,DT,DT,T,T,6,3,^,^,A,A,anti,anti,-159.074,-157.517,C3'-endo,C3'-endo,16.945,18.034,39.668,37.571,10.235,9.319,1,O4(carbonyl)*O4(carbonyl),3.27,--,0,--,0,--,0,--,0,--,0,-0.081,-0.772,-0.131,0.397,-25.808,-7.978,-72.476,-72.103,174.704,178.188,56.347,54.861,84.658,84.708,-148.01,-152.603,-69.385,-63.901,1.12,0.325,-25.161,-23.246,37.946,35.725,-38.456,-36.593,23.407,22.776
5wsp,Duplex,Wobble,DNA,DNA,1.5,,null,,Crystal structure of DNA3 duplex,5wsp_TT_A_DT_3_^_A_DT_6_^,--,cWW,TT,T-T,1:A.DT3,2:A.DT6,A,A,DT,DT,T,T,3,6,^,^,A,A,anti,anti,-156.374,-164.175,C3'-endo,C3'-endo,18.729,19.086,38.843,42.619,8.978,8.635,2,O2(carbonyl)-N3(imino),3.08,N3(imino)-O4(carbonyl),2.84,--,0,--,0,--,0,--,0,2.388,-1.809,0.207,-4.354,-20.81,6.66,-75.687,-70.221,-173.601,-179.111,54.781,58.956,83.454,80.797,-142.965,-147.458,-95.523,-69.572,-0.131,-0.278,-23.354,-25.749,36.786,40.276,-37.631,-41.877,23.975,26.484
5wsp,Duplex,Wobble,DNA,DNA,1.5,,null,,Crystal structure of DNA3 duplex,5wsp_TT_A_DT_6_^_A_DT_3_^,--,cWW,TT,T-T,1:A.DT6,2:A.DT3,A,A,DT,DT,T,T,6,3,^,^,A,A,anti,anti,-164.175,-156.374,C3'-endo,C3'-endo,19.086,18.729,42.619,38.843,8.978,8.635,2,N3(imino)-O2(carbonyl),3.08,O4(carbonyl)-N3(imino),2.84,--,0,--,0,--,0,--,0,-2.388,-1.809,0.207,4.354,-20.81,6.66,-70.221,-75.687,-179.111,-173.601,58.956,54.781,80.797,83.454,-147.458,-142.965,-69.572,-95.523,-0.278,-0.131,-25.749,-23.354,40.276,36.786,-41.877,-37.631,26.484,23.975
5wsr,Duplex,Stacked in wobble. Non hydrogen bonded. Mercury. ,DNA,DNA,1.5,,null,,Crystal structure of T-Hg-T pair containing DNA duplex,5wsr_TT_A_DT_3_^_A_DT_6_^,Metal,cWW,TT,T-T,1:A.DT3,2:A.DT6,A,A,DT,DT,T,T,3,6,^,^,A,A,anti,anti,-156.251,-165.514,C3'-endo,C3'-endo,17.633,13.04,37.032,41.035,9.569,9.374,2,O2(carbonyl)-N3(imino),3.99,N3(imino)-O4(carbonyl),3.98,--,0,--,0,--,0,--,0,1.584,-0.821,0.361,0.156,-23.031,10.778,-65.792,-69.618,173.766,177.938,58.34,57.266,79.707,83.254,-144.654,-148.924,-85.062,-70.243,0.309,4.086,-22.966,-28.075,35.292,39.977,-35.503,-38.712,22.296,21.945
5wsr,Duplex,Stacked in wobble. Non hydrogen bonded. Mercury. ,DNA,DNA,1.5,,null,,Crystal structure of T-Hg-T pair containing DNA duplex,5wsr_TT_A_DT_6_^_A_DT_3_^,Metal,cWW,TT,T-T,1:A.DT6,2:A.DT3,A,A,DT,DT,T,T,6,3,^,^,A,A,anti,anti,-165.514,-156.251,C3'-endo,C3'-endo,13.04,17.633,41.035,37.032,9.569,9.374,2,N3(imino)-O2(carbonyl),3.99,O4(carbonyl)-N3(imino),3.98,--,0,--,0,--,0,--,0,-1.584,-0.821,0.361,-0.156,-23.031,10.778,-69.618,-65.792,177.938,173.766,57.266,58.34,83.254,79.707,-148.924,-144.654,-70.243,-85.062,4.086,0.309,-28.075,-22.966,39.977,35.292,-38.712,-35.503,21.945,22.296
5wss,Duplex,Stacked in WC. Non hydrogen bonded & wobble. Mercury. ,DNA,DNA,1.45,,null,,Crystal structure of T-Hg-T pair containing DNA duplex in the presence Ba2+,5wss_TT_A_DT_3_^_A_DT_6_^,Metal,cWW,TT,T-T,1:A.DT3,2:A.DT6,A,A,DT,DT,T,T,3,6,^,^,A,A,anti,anti,-171.69,-158.75,C3'-endo,C3'-endo,16.482,17.08,42.252,40.709,10.077,9.072,1,O4(carbonyl)*O4(carbonyl),3,--,0,--,0,--,0,--,0,--,0,-0.045,-0.985,0.085,-6.576,-24.503,-11.33,-69.051,-74.353,169.788,-179.524,57.543,56.884,84.366,84.138,-132.97,-147.181,-81.121,-70.205,1.577,1.062,-26.96,-25.672,40.516,38.913,-40.876,-39.494,24.555,24.039
5wss,Duplex,Stacked in WC. Non hydrogen bonded & wobble. Mercury. ,DNA,DNA,1.45,,null,,Crystal structure of T-Hg-T pair containing DNA duplex in the presence Ba2+,5wss_TT_A_DT_6_^_A_DT_3_^,Metal,cWW,TT,T-T,1:A.DT6,2:A.DT3,A,A,DT,DT,T,T,6,3,^,^,A,A,anti,anti,-158.75,-171.69,C3'-endo,C3'-endo,17.08,16.482,40.709,42.252,10.077,9.072,1,O4(carbonyl)*O4(carbonyl),3,--,0,--,0,--,0,--,0,--,0,0.045,-0.985,0.085,6.576,-24.503,-11.33,-74.353,-69.051,-179.524,169.788,56.884,57.543,84.138,84.366,-147.181,-132.97,-70.205,-81.121,1.062,1.577,-25.672,-26.96,38.913,40.516,-39.494,-40.876,24.039,24.555
