pdbf,pair_id,bp_name,nt1_chain,nt2_chain,nt1_name,nt2_name,nt1_resi,nt2_resi,rmsd1_h,rmsd2_h,alpha_h_b,beta_h_b,gamma_h_b,zeta_h_b,minorgw
111d,111d_CG_A_DC_1_^_B_DG_24_^,CG,A,B,DC,DG,1,24,,,,,,,
111d,111d_GC_A_DG_2_^_B_DC_23_^,GC,A,B,DG,DC,2,23,,,,,,,
111d,111d_CG_A_DC_3_^_B_DG_22_^,CG,A,B,DC,DG,3,22,0.8,0.58,37.5,4.6,-6.5,31.0,12.79
111d,111d_AG_A_DA_4_^_B_DG_21_^,AG,A,B,DA,DG,4,21,0.66,0.84,8.0,2.8,25.2,33.2,11.331
111d,111d_AT_A_DA_5_^_B_DT_20_^,AT,A,B,DA,DT,5,20,0.78,0.72,19.4,7.1,15.1,34.5,10.25
111d,111d_AT_A_DA_6_^_B_DT_19_^,AT,A,B,DA,DT,6,19,0.58,0.68,3.6,5.1,31.3,34.9,9.624
111d,111d_TA_A_DT_7_^_B_DA_18_^,TA,A,B,DT,DA,7,18,0.84,0.68,48.7,2.8,-13.5,35.2,9.802
111d,111d_TA_A_DT_8_^_B_DA_17_^,TA,A,B,DT,DA,8,17,0.72,0.69,-168.1,3.9,-155.6,36.3,10.724
111d,111d_GA_A_DG_9_^_B_DA_16_^,GA,A,B,DG,DA,9,16,0.68,0.66,179.1,10.8,-141.3,37.8,11.166
111d,111d_GC_A_DG_10_^_B_DC_15_^,GC,A,B,DG,DC,10,15,0.68,0.74,-142.7,9.1,178.6,35.9,
111d,111d_CG_A_DC_11_^_B_DG_14_^,CG,A,B,DC,DG,11,14,,,,,,,
111d,111d_GC_A_DG_12_^_B_DC_13_^,GC,A,B,DG,DC,12,13,,,,,,,
112d,112d_CG_A_DC_1_^_B_DG_24_^,CG,A,B,DC,DG,1,24,,,,,,,
112d,112d_GC_A_DG_2_^_B_DC_23_^,GC,A,B,DG,DC,2,23,,,,,,,
112d,112d_CG_A_DC_3_^_B_DG_22_^,CG,A,B,DC,DG,3,22,0.84,0.63,48.8,3.1,-19.8,29.0,13.477
112d,112d_GA_A_DG_4_^_B_DA_21_^,GA,A,B,DG,DA,4,21,0.68,0.7,-104.2,3.1,136.7,32.5,11.713
112d,112d_AT_A_DA_5_^_B_DT_20_^,AT,A,B,DA,DT,5,20,0.8,0.71,14.2,6.1,21.0,35.2,10.413
112d,112d_AT_A_DA_6_^_B_DT_19_^,AT,A,B,DA,DT,6,19,0.63,0.62,45.5,3.3,-8.7,36.8,9.591
112d,112d_TA_A_DT_7_^_B_DA_18_^,TA,A,B,DT,DA,7,18,0.7,0.68,125.5,5.0,-88.6,36.9,9.578
112d,112d_TA_A_DT_8_^_B_DA_17_^,TA,A,B,DT,DA,8,17,0.71,0.8,-156.1,5.7,-168.1,35.8,10.841
112d,112d_AG_A_DA_9_^_B_DG_16_^,AG,A,B,DA,DG,9,16,0.62,0.7,168.9,11.6,-133.6,35.3,11.417
112d,112d_GC_A_DG_10_^_B_DC_15_^,GC,A,B,DG,DC,10,15,0.68,0.61,-173.5,9.3,-152.3,34.2,
112d,112d_CG_A_DC_11_^_B_DG_14_^,CG,A,B,DC,DG,11,14,,,,,,,
112d,112d_GC_A_DG_12_^_B_DC_13_^,GC,A,B,DG,DC,12,13,,,,,,,
113d,113d_CG_A_DC_1_^_B_DG_24_^,CG,A,B,DC,DG,1,24,,,,,,,
113d,113d_GC_A_DG_2_^_B_DC_23_^,GC,A,B,DG,DC,2,23,,,,,,,
113d,113d_CG_A_DC_3_^_B_DG_22_^,CG,A,B,DC,DG,3,22,0.78,0.55,32.1,3.2,-3.9,28.2,14.031
113d,113d_GT_A_DG_4_^_B_DT_21_^,GT,A,B,DG,DT,4,21,0.73,0.68,-52.7,3.1,83.1,30.4,12.271
113d,113d_AT_A_DA_5_^_B_DT_20_^,AT,A,B,DA,DT,5,20,0.9,0.63,29.9,6.5,3.7,33.6,10.334
113d,113d_AT_A_DA_6_^_B_DT_19_^,AT,A,B,DA,DT,6,19,0.55,0.65,41.2,4.4,-4.8,36.4,9.433
113d,113d_TA_A_DT_7_^_B_DA_18_^,TA,A,B,DT,DA,7,18,0.68,0.71,34.2,1.6,2.3,36.5,9.798
113d,113d_TA_A_DT_8_^_B_DA_17_^,TA,A,B,DT,DA,8,17,0.63,0.89,-127.5,1.5,162.3,34.8,11.048
113d,113d_TG_A_DT_9_^_B_DG_16_^,TG,A,B,DT,DG,9,16,0.65,0.82,148.9,12.0,-114.1,34.8,11.461
113d,113d_GC_A_DG_10_^_B_DC_15_^,GC,A,B,DG,DC,10,15,0.71,0.84,-159.5,10.4,-165.0,35.5,
113d,113d_CG_A_DC_11_^_B_DG_14_^,CG,A,B,DC,DG,11,14,,,,,,,
113d,113d_GC_A_DG_12_^_B_DC_13_^,GC,A,B,DG,DC,12,13,,,,,,,
1d80,1d80_CG_A_DC_1_^_B_DG_24_^,CG,A,B,DC,DG,1,24,,,,,,,
1d80,1d80_GC_A_DG_2_^_B_DC_23_^,GC,A,B,DG,DC,2,23,,,,,,,
1d80,1d80_CG_A_DC_3_^_B_DG_22_^,CG,A,B,DC,DG,3,22,0.64,0.51,21.6,8.1,8.4,30.0,13.412
1d80,1d80_GG_A_DG_4_^_B_DG_21_^,GG,A,B,DG,DG,4,21,0.68,0.63,20.1,2.5,11.8,31.9,11.23
1d80,1d80_AT_A_DA_5_^_B_DT_20_^,AT,A,B,DA,DT,5,20,0.76,0.73,44.1,6.9,-9.2,34.9,9.74
1d80,1d80_AT_A_DA_6_^_B_DT_19_^,AT,A,B,DA,DT,6,19,0.51,0.62,9.9,1.3,27.0,36.9,9.253
1d80,1d80_TA_A_DT_7_^_B_DA_18_^,TA,A,B,DT,DA,7,18,0.63,0.62,1.4,2.2,35.3,36.7,9.448
1d80,1d80_TA_A_DT_8_^_B_DA_17_^,TA,A,B,DT,DA,8,17,0.73,0.78,168.1,5.1,-131.0,37.1,10.471
1d80,1d80_GG_A_DG_9_^_B_DG_16_^,GG,A,B,DG,DG,9,16,0.62,0.61,172.9,12.1,-135.3,37.6,11.175
1d80,1d80_GC_A_DG_10_^_B_DC_15_^,GC,A,B,DG,DC,10,15,0.62,0.69,-144.9,12.5,-177.6,37.5,
1d80,1d80_CG_A_DC_11_^_B_DG_14_^,CG,A,B,DC,DG,11,14,,,,,,,
1d80,1d80_GC_A_DG_12_^_B_DC_13_^,GC,A,B,DG,DC,12,13,,,,,,,
1d92,1d92_GC_A_DG_1_^_B_DC_16_^,GC,A,B,DG,DC,1,16,,,,,,,
1d92,1d92_GC_A_DG_2_^_B_DC_15_^,GC,A,B,DG,DC,2,15,,,,,,,
1d92,1d92_GT_A_DG_3_^_B_DT_14_^,GT,A,B,DG,DT,3,14,1.31,1.36,-13.7,27.7,31.4,17.7,16.753
1d92,1d92_GC_A_DG_4_^_B_DC_13_^,GC,A,B,DG,DC,4,13,1.32,1.33,-20.7,38.3,38.8,18.1,17.392
1d92,1d92_CG_A_DC_5_^_B_DG_12_^,CG,A,B,DC,DG,5,12,1.28,1.34,-6.6,44.6,26.0,19.4,17.336
1d92,1d92_TG_A_DT_6_^_B_DG_11_^,TG,A,B,DT,DG,6,11,1.36,1.33,-2.4,40.7,21.6,19.2,
1d92,1d92_CG_A_DC_7_^_B_DG_10_^,CG,A,B,DC,DG,7,10,,,,,,,
1d92,1d92_CG_A_DC_8_^_B_DG_9_^,CG,A,B,DC,DG,8,9,,,,,,,
1d99,1d99_CG_A_DC_1_^_B_DG_24_^,CG,A,B,DC,DG,1,24,,,,,,,
1d99,1d99_GC_A_DG_2_^_B_DC_23_^,GC,A,B,DG,DC,2,23,,,,,,,
1d99,1d99_CG_A_DC_3_^_B_DG_22_^,CG,A,B,DC,DG,3,22,0.82,0.63,58.4,1.9,-28.0,30.4,13.409
1d99,1d99_AC_A_DA_4_^_B_DC_21_^,AC,A,B,DA,DC,4,21,0.7,0.8,-90.1,4.2,122.8,32.7,11.968
1d99,1d99_AT_A_DA_5_^_B_DT_20_^,AT,A,B,DA,DT,5,20,0.81,0.75,32.4,7.0,1.1,33.5,10.02
1d99,1d99_AT_A_DA_6_^_B_DT_19_^,AT,A,B,DA,DT,6,19,0.63,0.69,54.8,3.9,-20.7,34.1,9.504
1d99,1d99_TA_A_DT_7_^_B_DA_18_^,TA,A,B,DT,DA,7,18,0.8,0.69,117.2,1.7,-82.3,34.9,10.309
1d99,1d99_TA_A_DT_8_^_B_DA_17_^,TA,A,B,DT,DA,8,17,0.75,0.73,-144.5,2.6,179.9,35.4,10.931
1d99,1d99_CA_A_DC_9_^_B_DA_16_^,CA,A,B,DC,DA,9,16,0.69,0.67,151.2,13.7,-113.9,37.3,10.756
1d99,1d99_GC_A_DG_10_^_B_DC_15_^,GC,A,B,DG,DC,10,15,0.69,0.85,-164.5,11.1,-158.8,36.7,
1d99,1d99_CG_A_DC_11_^_B_DG_14_^,CG,A,B,DC,DG,11,14,,,,,,,
1d99,1d99_GC_A_DG_12_^_B_DC_13_^,GC,A,B,DG,DC,12,13,,,,,,,
1dmu,1dmu_AT_F_DA_-8_^_F_DT_8_^,AT,F,F,DA,DT,-8,8,,,,,,,
1dmu,1dmu_TA_F_DT_-7_^_F_DA_7_^,TA,F,F,DT,DA,-7,7,,,,,,,
1dmu,1dmu_CG_F_DC_-6_^_F_DG_6_^,CG,F,F,DC,DG,-6,6,0.7,0.66,91.6,15.6,-60.1,31.5,10.425
1dmu,1dmu_GC_F_DG_-5_^_F_DC_5_^,GC,F,F,DG,DC,-5,5,0.54,0.74,-115.5,13.6,146.2,30.7,12.248
1dmu,1dmu_CG_F_DC_-4_^_F_DG_4_^,CG,F,F,DC,DG,-4,4,0.63,1.32,-84.6,7.0,110.0,25.4,14.631
1dmu,1dmu_CG_F_DC_-3_^_F_DG_3_^,CG,F,F,DC,DG,-3,3,0.66,0.62,23.8,13.2,-4.4,19.4,14.968
1dmu,1dmu_TA_F_DT_-2_^_F_DA_2_^,TA,F,F,DT,DA,-2,2,0.74,0.6,-38.8,6.4,57.6,18.8,15.076
1dmu,1dmu_AT_F_DA_-1_^_F_DT_1_^,AT,F,F,DA,DT,-1,1,1.32,0.6,-17.8,17.5,39.2,21.4,14.228
1dmu,1dmu_AA_F_DA_0_^_F_DA_0_^,AA,F,F,DA,DA,0,0,0.62,0.62,-5.1,23.6,30.9,25.8,14.228
1dmu,1dmu_TA_F_DT_1_^_F_DA_-1_^,TA,F,F,DT,DA,1,-1,0.6,1.32,3.2,17.5,18.2,21.4,15.076
1dmu,1dmu_AT_F_DA_2_^_F_DT_-2_^,AT,F,F,DA,DT,2,-2,0.6,0.74,21.6,6.4,-2.8,18.8,14.968
1dmu,1dmu_GC_F_DG_3_^_F_DC_-3_^,GC,F,F,DG,DC,3,-3,0.62,0.66,-40.4,13.2,59.8,19.4,14.631
1dmu,1dmu_GC_F_DG_4_^_F_DC_-4_^,GC,F,F,DG,DC,4,-4,1.32,0.63,74.0,7.0,-48.6,25.4,12.248
1dmu,1dmu_CG_F_DC_5_^_F_DG_-5_^,CG,F,F,DC,DG,5,-5,0.74,0.54,110.3,13.6,-79.6,30.7,10.425
1dmu,1dmu_GC_F_DG_6_^_F_DC_-6_^,GC,F,F,DG,DC,6,-6,0.66,0.7,-96.1,15.6,127.6,31.5,
1dmu,1dmu_AT_F_DA_7_^_F_DT_-7_^,AT,F,F,DA,DT,7,-7,,,,,,,
1dmu,1dmu_TA_F_DT_8_^_F_DA_-8_^,TA,F,F,DT,DA,8,-8,,,,,,,
1dnm,1dnm_CG_A_DC_1_^_B_DG_24_^,CG,A,B,DC,DG,1,24,,,,,,,
1dnm,1dnm_GC_A_DG_2_^_B_DC_23_^,GC,A,B,DG,DC,2,23,,,,,,,
1dnm,1dnm_CG_A_DC_3_^_B_DG_22_^,CG,A,B,DC,DG,3,22,0.82,1.01,111.1,6.5,-77.1,34.0,12.515
1dnm,1dnm_AG_A_DA_4_^_B_DG_21_^,AG,A,B,DA,DG,4,21,0.64,0.75,-137.0,4.9,173.3,36.3,12.46
1dnm,1dnm_AT_A_DA_5_^_B_DT_20_^,AT,A,B,DA,DT,5,20,0.85,0.69,-38.2,4.0,72.3,34.1,12.453
1dnm,1dnm_GC_A_DG_6_^_B_DC_19_^,GC,A,B,DG,DC,6,19,1.01,0.54,-13.0,12.9,43.6,30.6,12.611
1dnm,1dnm_CG_A_DC_7_^_B_DG_18_^,CG,A,B,DC,DG,7,18,0.75,0.87,20.6,9.7,10.1,30.7,13.274
1dnm,1dnm_TA_A_DT_8_^_B_DA_17_^,TA,A,B,DT,DA,8,17,0.69,0.77,67.1,7.4,-34.7,32.4,12.556
1dnm,1dnm_GA_A_DG_9_^_B_DA_16_^,GA,A,B,DG,DA,9,16,0.54,0.85,171.6,9.6,-135.7,35.9,11.606
1dnm,1dnm_GC_A_DG_10_^_B_DC_15_^,GC,A,B,DG,DC,10,15,0.87,0.81,-170.9,6.2,-152.4,36.7,
1dnm,1dnm_CG_A_DC_11_^_B_DG_14_^,CG,A,B,DC,DG,11,14,,,,,,,
1dnm,1dnm_GC_A_DG_12_^_B_DC_13_^,GC,A,B,DG,DC,12,13,,,,,,,
1e3m,1e3m_AT_E_DA_1_^_F_DT_30_^,AT,E,F,DA,DT,1,30,,,,,,,
1e3m,1e3m_GC_E_DG_2_^_F_DC_29_^,GC,E,F,DG,DC,2,29,,,,,,,
1e3m,1e3m_CG_E_DC_3_^_F_DG_28_^,CG,E,F,DC,DG,3,28,0.79,0.69,-2.1,22.7,36.3,34.2,13.06
1e3m,1e3m_TA_E_DT_4_^_F_DA_27_^,TA,E,F,DT,DA,4,27,0.82,0.6,63.8,18.0,-31.1,32.7,11.605
1e3m,1e3m_GC_E_DG_5_^_F_DC_26_^,GC,E,F,DG,DC,5,26,0.74,0.53,-10.6,2.1,43.7,33.1,12.366
1e3m,1e3m_CG_E_DC_6_^_F_DG_25_^,CG,E,F,DC,DG,6,25,0.69,0.62,-64.7,14.6,95.3,30.6,14.654
1e3m,1e3m_CG_E_DC_7_^_F_DG_24_^,CG,E,F,DC,DG,7,24,0.6,1.88,-22.9,36.2,50.6,27.7,17.535
1e3m,1e3m_AT_E_DA_8_^_F_DT_23_^,AT,E,F,DA,DT,8,23,0.53,1.83,-24.6,51.3,42.4,17.8,21.483
1e3m,1e3m_GT_E_DG_9_^_F_DT_22_^,GT,E,F,DG,DT,9,22,0.62,1.43,-17.0,63.4,25.6,8.6,22.588
1e3m,1e3m_GC_E_DG_10_^_F_DC_21_^,GC,E,F,DG,DC,10,21,1.88,0.86,-4.6,51.6,10.7,6.1,20.116
1e3m,1e3m_CG_E_DC_11_^_F_DG_20_^,CG,E,F,DC,DG,11,20,1.83,0.86,12.1,33.9,1.3,13.4,15.451
1e3m,1e3m_AT_E_DA_12_^_F_DT_19_^,AT,E,F,DA,DT,12,19,1.43,0.71,4.9,15.5,17.7,22.6,13.422
1e3m,1e3m_CG_E_DC_13_^_F_DG_18_^,CG,E,F,DC,DG,13,18,0.86,0.59,-17.6,14.0,43.9,26.3,14.363
1e3m,1e3m_CG_E_DC_14_^_F_DG_17_^,CG,E,F,DC,DG,14,17,0.86,0.68,-11.8,21.0,39.5,27.7,14.143
1e3m,1e3m_AT_E_DA_15_^_F_DT_16_^,AT,E,F,DA,DT,15,16,0.71,0.85,-4.3,22.8,34.6,30.3,
1e3m,1e3m_GC_E_DG_16_^_F_DC_15_^,GC,E,F,DG,DC,16,15,,,,,,,
1e3m,1e3m_TA_E_DT_17_^_F_DA_14_^,TA,E,F,DT,DA,17,14,,,,,,,
1mnv,1mnv_AT_A_DA_1_^_B_DT_18_^,AT,A,B,DA,DT,1,18,,,,,,,
1mnv,1mnv_TA_A_DT_2_^_B_DA_17_^,TA,A,B,DT,DA,2,17,,,,,,,
1mnv,1mnv_GC_A_DG_3_^_B_DC_16_^,GC,A,B,DG,DC,3,16,0.93,2.06,-36.8,24.4,37.2,0.4,22.464
1mnv,1mnv_CG_A_DC_4_^_B_DG_15_^,CG,A,B,DC,DG,4,15,1.61,1.89,-29.8,24.2,22.0,-7.8,22.502
1mnv,1mnv_TT_A_DT_5_^_B_DT_14_^,TT,A,B,DT,DT,5,14,2.72,2.72,-20.6,30.2,10.8,-9.8,22.195
1mnv,1mnv_GC_A_DG_6_^_B_DC_13_^,GC,A,B,DG,DC,6,13,2.06,1.73,-7.3,16.1,1.2,-6.1,21.855
1mnv,1mnv_CG_A_DC_7_^_B_DG_12_^,CG,A,B,DC,DG,7,12,1.89,0.91,-2.8,16.7,7.0,4.2,
1mnv,1mnv_AT_A_DA_8_^_B_DT_11_^,AT,A,B,DA,DT,8,11,,,,,,,
1mnv,1mnv_TA_A_DT_9_^_B_DA_10_^,TA,A,B,DT,DA,9,10,,,,,,,
1ng9,1ng9_AT_E_DA_1_^_F_DT_30_^,AT,E,F,DA,DT,1,30,,,,,,,
1ng9,1ng9_GC_E_DG_2_^_F_DC_29_^,GC,E,F,DG,DC,2,29,,,,,,,
1ng9,1ng9_CG_E_DC_3_^_F_DG_28_^,CG,E,F,DC,DG,3,28,1.02,0.67,-14.1,18.1,48.2,34.1,13.22
1ng9,1ng9_TA_E_DT_4_^_F_DA_27_^,TA,E,F,DT,DA,4,27,0.79,0.56,67.1,17.6,-32.8,34.3,11.535
1ng9,1ng9_GC_E_DG_5_^_F_DC_26_^,GC,E,F,DG,DC,5,26,0.68,0.53,-8.4,1.5,42.6,34.2,12.099
1ng9,1ng9_CG_E_DC_6_^_F_DG_25_^,CG,E,F,DC,DG,6,25,0.67,0.64,-70.4,13.7,102.1,31.7,14.516
1ng9,1ng9_CG_E_DC_7_^_F_DG_24_^,CG,E,F,DC,DG,7,24,0.56,1.93,-24.5,36.9,52.1,27.6,17.61
1ng9,1ng9_AT_E_DA_8_^_F_DT_23_^,AT,E,F,DA,DT,8,23,0.53,1.83,-24.9,51.6,42.2,17.3,21.517
1ng9,1ng9_GT_E_DG_9_^_F_DT_22_^,GT,E,F,DG,DT,9,22,0.64,1.52,-16.1,63.2,24.3,8.2,22.633
1ng9,1ng9_GC_E_DG_10_^_F_DC_21_^,GC,E,F,DG,DC,10,21,1.93,0.97,-4.6,49.2,10.3,5.7,20.214
1ng9,1ng9_CG_E_DC_11_^_F_DG_20_^,CG,E,F,DC,DG,11,20,1.83,0.85,10.7,33.1,3.5,14.2,15.785
1ng9,1ng9_AT_E_DA_12_^_F_DT_19_^,AT,E,F,DA,DT,12,19,1.52,0.67,1.9,17.3,21.5,23.4,13.624
1ng9,1ng9_CG_E_DC_13_^_F_DG_18_^,CG,E,F,DC,DG,13,18,0.97,0.51,-12.3,16.1,38.9,26.6,13.91
1ng9,1ng9_CG_E_DC_14_^_F_DG_17_^,CG,E,F,DC,DG,14,17,0.85,0.53,-7.1,19.0,34.4,27.3,13.797
1ng9,1ng9_AT_E_DA_15_^_F_DT_16_^,AT,E,F,DA,DT,15,16,0.67,0.84,-10.0,22.3,39.9,29.9,
1ng9,1ng9_GC_E_DG_16_^_F_DC_15_^,GC,E,F,DG,DC,16,15,,,,,,,
1ng9,1ng9_TA_E_DT_17_^_F_DA_14_^,TA,E,F,DT,DA,17,14,,,,,,,
1nk9,1nk9_GC_B_DG_18_^_C_DC_15_^,GC,B,C,DG,DC,18,15,,,,,,,
1nk9,1nk9_CG_B_DC_19_^_C_DG_14_^,CG,B,C,DC,DG,19,14,,,,,,,
1nk9,1nk9_GC_B_DG_20_^_C_DC_13_^,GC,B,C,DG,DC,20,13,1.08,0.8,36.8,11.5,-4.5,32.3,11.921
1nk9,1nk9_AT_B_DA_21_^_C_DT_12_^,AT,B,C,DA,DT,21,12,0.85,0.74,-95.0,1.9,129.2,34.2,11.108
1nk9,1nk9_TA_B_DT_22_^_C_DA_11_^,TA,B,C,DT,DA,22,11,0.7,0.63,-13.1,7.4,46.3,33.2,11.769
1nk9,1nk9_CG_B_DC_23_^_C_DG_10_^,CG,B,C,DC,DG,23,10,0.8,0.62,-28.6,17.6,59.7,31.1,13.357
1nk9,1nk9_AT_B_DA_24_^_C_DT_9_^,AT,B,C,DA,DT,24,9,0.74,0.63,-11.0,23.9,38.9,27.9,14.632
1nk9,1nk9_GC_B_DG_25_^_C_DC_8_^,GC,B,C,DG,DC,25,8,0.63,0.8,5.7,21.4,19.2,24.9,15.411
1nk9,1nk9_CG_B_DC_26_^_C_DG_7_^,CG,B,C,DC,DG,26,7,0.62,1.17,-17.3,24.3,40.5,23.2,16.384
1nk9,1nk9_GT_B_DG_27_^_C_DT_6_^,GT,B,C,DG,DT,27,6,0.63,1.1,-13.8,27.8,35.6,21.8,
1nk9,1nk9_CG_B_DC_28_^_C_DG_5_^,CG,B,C,DC,DG,28,5,,,,,,,
1nk9,1nk9_GC_B_DG_29_^_C_DC_4_^,GC,B,C,DG,DC,29,4,,,,,,,
1nkb,1nkb_GC_B_DG_17_^_C_DC_16_^,GC,B,C,DG,DC,17,16,,,,,,,
1nkb,1nkb_CG_B_DC_18_^_C_DG_15_^,CG,B,C,DC,DG,18,15,,,,,,,
1nkb,1nkb_GC_B_DG_19_^_C_DC_14_^,GC,B,C,DG,DC,19,14,0.57,0.66,72.8,1.7,-32.2,40.6,10.089
1nkb,1nkb_AT_B_DA_20_^_C_DT_13_^,AT,B,C,DA,DT,20,13,0.55,0.78,146.0,1.8,-106.1,39.9,9.065
1nkb,1nkb_TA_B_DT_21_^_C_DA_12_^,TA,B,C,DT,DA,21,12,0.81,0.69,172.4,1.4,-134.3,38.1,9.852
1nkb,1nkb_CG_B_DC_22_^_C_DG_11_^,CG,B,C,DC,DG,22,11,0.66,0.76,-48.3,13.3,83.0,34.7,11.795
1nkb,1nkb_AT_B_DA_23_^_C_DT_10_^,AT,B,C,DA,DT,23,10,0.78,0.82,-20.0,20.2,52.0,32.0,13.729
1nkb,1nkb_GC_B_DG_24_^_C_DC_9_^,GC,B,C,DG,DC,24,9,0.69,0.96,10.8,21.1,14.9,25.7,14.847
1nkb,1nkb_CG_B_DC_25_^_C_DG_8_^,CG,B,C,DC,DG,25,8,0.76,0.91,-11.5,15.0,32.4,20.9,16.158
1nkb,1nkb_GT_B_DG_26_^_C_DT_7_^,GT,B,C,DG,DT,26,7,0.82,1.31,-24.0,17.2,41.0,17.0,17.162
1nkb,1nkb_CG_B_DC_27_^_C_DG_6_^,CG,B,C,DC,DG,27,6,0.96,1.04,-19.5,31.2,35.3,15.8,
1nkb,1nkb_GC_B_DG_28_^_C_DC_5_^,GC,B,C,DG,DC,28,5,,,,,,,
1nkb,1nkb_TA_B_DT_29_^_C_DA_4_^,TA,B,C,DT,DA,29,4,,,,,,,
1nkc,1nkc_GC_B_DG_2_^_C_DC_41_^,GC,B,C,DG,DC,2,41,,,,,,,
1nkc,1nkc_CG_B_DC_3_^_C_DG_40_^,CG,B,C,DC,DG,3,40,,,,,,,
1nkc,1nkc_GC_B_DG_4_^_C_DC_39_^,GC,B,C,DG,DC,4,39,0.85,0.69,25.8,17.5,10.8,36.6,10.681
1nkc,1nkc_AT_B_DA_5_^_C_DT_38_^,AT,B,C,DA,DT,5,38,0.64,0.81,28.2,7.2,11.6,39.8,9.186
1nkc,1nkc_TA_B_DT_6_^_C_DA_37_^,TA,B,C,DT,DA,6,37,0.76,0.51,32.0,1.7,7.7,39.7,9.781
1nkc,1nkc_CG_B_DC_7_^_C_DG_36_^,CG,B,C,DC,DG,7,36,0.69,0.51,-33.4,4.0,71.8,38.4,11.233
1nkc,1nkc_AT_B_DA_8_^_C_DT_35_^,AT,B,C,DA,DT,8,35,0.81,0.6,-31.8,8.7,66.2,34.4,12.827
1nkc,1nkc_GC_B_DG_9_^_C_DC_34_^,GC,B,C,DG,DC,9,34,0.51,0.6,14.0,7.2,16.2,30.2,13.323
1nkc,1nkc_CG_B_DC_10_^_C_DG_33_^,CG,B,C,DC,DG,10,33,0.51,0.67,-19.4,13.4,47.7,28.3,13.816
1nkc,1nkc_GT_B_DG_11_^_C_DT_32_^,GT,B,C,DG,DT,11,32,0.6,0.58,-25.0,21.9,53.3,28.3,14.39
1nkc,1nkc_CG_B_DC_12_^_C_DG_31_^,CG,B,C,DC,DG,12,31,0.6,0.99,-2.8,27.0,30.6,27.8,15.435
1nkc,1nkc_GC_B_DG_13_^_C_DC_30_^,GC,B,C,DG,DC,13,30,0.67,1.37,-6.3,25.2,28.6,22.3,16.723
1nkc,1nkc_TA_B_DT_14_^_C_DA_29_^,TA,B,C,DT,DA,14,29,0.58,1.08,-21.4,33.2,39.5,18.1,
1nkc,1nkc_AT_B_DA_15_^_C_DT_28_^,AT,B,C,DA,DT,15,28,,,,,,,
1nkc,1nkc_CG_B_DC_16_^_C_DG_27_^,CG,B,C,DC,DG,16,27,,,,,,,
1oh5,1oh5_AT_E_DA_1_^_F_DT_30_^,AT,E,F,DA,DT,1,30,,,,,,,
1oh5,1oh5_GC_E_DG_2_^_F_DC_29_^,GC,E,F,DG,DC,2,29,,,,,,,
1oh5,1oh5_CG_E_DC_3_^_F_DG_28_^,CG,E,F,DC,DG,3,28,0.84,0.65,-2.5,21.9,35.9,33.4,13.097
1oh5,1oh5_TA_E_DT_4_^_F_DA_27_^,TA,E,F,DT,DA,4,27,0.56,0.61,66.3,16.6,-32.0,34.3,11.348
1oh5,1oh5_GC_E_DG_5_^_F_DC_26_^,GC,E,F,DG,DC,5,26,0.56,0.5,-60.5,2.6,95.9,35.4,11.976
1oh5,1oh5_CG_E_DC_6_^_F_DG_25_^,CG,E,F,DC,DG,6,25,0.65,0.68,-68.5,10.9,101.4,32.9,14.389
1oh5,1oh5_CG_E_DC_7_^_F_DG_24_^,CG,E,F,DC,DG,7,24,0.61,1.98,-26.5,36.0,53.9,27.4,17.686
1oh5,1oh5_AT_E_DA_8_^_F_DT_23_^,AT,E,F,DA,DT,8,23,0.5,2.02,-28.4,54.4,46.5,18.1,21.662
1oh5,1oh5_CA_E_DC_9_^_F_DA_22_^,CA,E,F,DC,DA,9,22,0.68,1.2,-8.2,61.0,20.9,12.7,22.305
1oh5,1oh5_GC_E_DG_10_^_F_DC_21_^,GC,E,F,DG,DC,10,21,1.98,0.92,-0.3,46.5,14.1,13.8,18.653
1oh5,1oh5_CG_E_DC_11_^_F_DG_20_^,CG,E,F,DC,DG,11,20,2.02,0.93,23.1,23.2,-4.8,18.3,13.809
1oh5,1oh5_AT_E_DA_12_^_F_DT_19_^,AT,E,F,DA,DT,12,19,1.2,1.1,13.0,15.0,6.8,19.8,12.869
1oh5,1oh5_CG_E_DC_13_^_F_DG_18_^,CG,E,F,DC,DG,13,18,0.92,1.04,-15.4,9.9,34.1,18.7,13.794
1oh5,1oh5_CG_E_DC_14_^_F_DG_17_^,CG,E,F,DC,DG,14,17,0.93,0.98,-7.0,25.3,28.0,21.0,13.326
1oh5,1oh5_AT_E_DA_15_^_F_DT_16_^,AT,E,F,DA,DT,15,16,1.1,1.16,3.4,24.5,24.3,27.7,
1oh5,1oh5_GC_E_DG_16_^_F_DC_15_^,GC,E,F,DG,DC,16,15,,,,,,,
1oh5,1oh5_TA_E_DT_17_^_F_DA_14_^,TA,E,F,DT,DA,17,14,,,,,,,
1oh6,1oh6_AT_E_DA_1_^_F_DT_30_^,AT,E,F,DA,DT,1,30,,,,,,,
1oh6,1oh6_GC_E_DG_2_^_F_DC_29_^,GC,E,F,DG,DC,2,29,,,,,,,
1oh6,1oh6_CG_E_DC_3_^_F_DG_28_^,CG,E,F,DC,DG,3,28,0.79,0.64,1.7,18.6,31.8,33.5,12.755
1oh6,1oh6_TA_E_DT_4_^_F_DA_27_^,TA,E,F,DT,DA,4,27,0.54,0.58,66.2,15.0,-31.4,34.8,11.269
1oh6,1oh6_GC_E_DG_5_^_F_DC_26_^,GC,E,F,DG,DC,5,26,0.61,0.54,-40.7,3.7,75.5,34.8,12.257
1oh6,1oh6_CG_E_DC_6_^_F_DG_25_^,CG,E,F,DC,DG,6,25,0.64,0.66,-59.1,9.2,91.2,32.1,14.291
1oh6,1oh6_CG_E_DC_7_^_F_DG_24_^,CG,E,F,DC,DG,7,24,0.58,2.0,-25.4,30.7,52.5,27.1,17.307
1oh6,1oh6_AT_E_DA_8_^_F_DT_23_^,AT,E,F,DA,DT,8,23,0.54,2.17,-32.1,46.4,48.4,16.3,21.817
1oh6,1oh6_AA_E_DA_9_^_F_DA_22_^,AA,E,F,DA,DA,9,22,0.66,1.27,-18.4,63.4,26.1,7.7,22.926
1oh6,1oh6_GC_E_DG_10_^_F_DC_21_^,GC,E,F,DG,DC,10,21,2.0,0.54,-4.6,50.9,11.1,6.5,19.687
1oh6,1oh6_CG_E_DC_11_^_F_DG_20_^,CG,E,F,DC,DG,11,20,2.17,0.67,19.8,30.4,-4.8,15.0,14.525
1oh6,1oh6_AT_E_DA_12_^_F_DT_19_^,AT,E,F,DA,DT,12,19,1.27,0.64,25.4,9.8,-0.1,25.3,12.122
1oh6,1oh6_CG_E_DC_13_^_F_DG_18_^,CG,E,F,DC,DG,13,18,0.54,0.64,-39.2,14.5,66.6,27.4,13.151
1oh6,1oh6_CG_E_DC_14_^_F_DG_17_^,CG,E,F,DC,DG,14,17,0.67,0.71,-11.1,21.7,38.8,27.7,
1oh6,1oh6_AT_E_DA_15_^_F_DT_16_^,AT,E,F,DA,DT,15,16,,,,,,,
1oh6,1oh6_GC_E_DG_16_^_F_DC_15_^,GC,E,F,DG,DC,16,15,,,,,,,
1oh7,1oh7_AT_E_DA_1_^_F_DT_30_^,AT,E,F,DA,DT,1,30,,,,,,,
1oh7,1oh7_GC_E_DG_2_^_F_DC_29_^,GC,E,F,DG,DC,2,29,,,,,,,
1oh7,1oh7_CG_E_DC_3_^_F_DG_28_^,CG,E,F,DC,DG,3,28,1.12,0.55,0.9,16.4,33.9,34.8,12.82
1oh7,1oh7_TA_E_DT_4_^_F_DA_27_^,TA,E,F,DT,DA,4,27,0.67,0.61,68.0,15.4,-32.7,35.3,11.289
1oh7,1oh7_GC_E_DG_5_^_F_DC_26_^,GC,E,F,DG,DC,5,26,0.51,0.55,-44.4,3.0,80.0,35.6,12.116
1oh7,1oh7_CG_E_DC_6_^_F_DG_25_^,CG,E,F,DC,DG,6,25,0.55,0.66,-54.8,9.0,87.3,32.5,14.197
1oh7,1oh7_CG_E_DC_7_^_F_DG_24_^,CG,E,F,DC,DG,7,24,0.61,1.96,-24.7,30.0,51.7,27.0,17.343
1oh7,1oh7_AT_E_DA_8_^_F_DT_23_^,AT,E,F,DA,DT,8,23,0.55,2.09,-30.9,46.6,46.8,15.9,21.788
1oh7,1oh7_GG_E_DG_9_^_F_DG_22_^,GG,E,F,DG,DG,9,22,0.66,1.28,-18.0,63.6,25.4,7.4,22.778
1oh7,1oh7_GC_E_DG_10_^_F_DC_21_^,GC,E,F,DG,DC,10,21,1.96,0.81,-3.8,51.4,9.9,6.1,19.707
1oh7,1oh7_CG_E_DC_11_^_F_DG_20_^,CG,E,F,DC,DG,11,20,2.09,0.93,14.4,32.9,-0.3,14.1,14.629
1oh7,1oh7_AT_E_DA_12_^_F_DT_19_^,AT,E,F,DA,DT,12,19,1.28,0.67,12.7,12.6,11.7,24.4,12.473
1oh7,1oh7_CG_E_DC_13_^_F_DG_18_^,CG,E,F,DC,DG,13,18,0.81,0.49,-24.0,12.3,52.3,28.3,13.626
1oh7,1oh7_CG_E_DC_14_^_F_DG_17_^,CG,E,F,DC,DG,14,17,0.93,0.73,-19.4,22.6,48.5,29.1,13.702
1oh7,1oh7_AT_E_DA_15_^_F_DT_16_^,AT,E,F,DA,DT,15,16,0.67,1.09,9.9,21.6,20.9,30.8,
1oh7,1oh7_GC_E_DG_16_^_F_DC_15_^,GC,E,F,DG,DC,16,15,,,,,,,
1oh7,1oh7_TA_E_DT_17_^_F_DA_14_^,TA,E,F,DT,DA,17,14,,,,,,,
1p51,1p51_GC_E_DG_2_^_F_DC_18_^,GC,E,F,DG,DC,2,18,,,,,,,
1p51,1p51_CG_E_DC_3_^_F_DG_17_^,CG,E,F,DC,DG,3,17,,,,,,,
1p51,1p51_AT_E_DA_4_^_F_DT_16_^,AT,E,F,DA,DT,4,16,1.18,1.93,-6.7,85.9,31.2,24.5,23.374
1p51,1p51_AT_E_DA_6_^_F_DT_15_^,AT,E,F,DA,DT,6,15,1.62,0.71,21.8,74.9,-6.9,14.9,18.964
1p51,1p51_CG_E_DC_8_^_F_DG_14_^,CG,E,F,DC,DG,8,14,2.87,0.74,27.8,38.0,-6.7,21.1,14.958
1p51,1p51_AT_E_DA_9_^_F_DT_13_^,AT,E,F,DA,DT,9,13,1.93,1.22,-54.5,7.5,77.2,22.7,12.256
1p51,1p51_AT_E_DA_10_^_F_DT_12_^,AT,E,F,DA,DT,10,12,0.71,1.12,22.5,17.3,7.8,30.3,11.492
1p51,1p51_TT_E_DT_11_^_F_DT_11_^,TT,E,F,DT,DT,11,11,0.74,0.72,-14.6,12.2,44.6,30.0,12.23
1p51,1p51_TA_E_DT_12_^_F_DA_10_^,TA,E,F,DT,DA,12,10,1.22,0.85,-19.8,20.0,48.4,28.6,13.774
1p51,1p51_TA_E_DT_13_^_F_DA_9_^,TA,E,F,DT,DA,13,9,1.12,1.84,30.1,11.8,-8.6,21.5,
1p51,1p51_GC_E_DG_14_^_F_DC_8_^,GC,E,F,DG,DC,14,8,,,,,,,
1p51,1p51_TA_E_DT_15_^_F_DA_6_^,TA,E,F,DT,DA,15,6,,,,,,,
1p51,1p51_TA_E_DT_16_^_F_DA_4_^,TA,E,F,DT,DA,16,4,,,,,,,
1p51,1p51_GC_E_DG_17_^_F_DC_3_^,GC,E,F,DG,DC,17,3,,,,,,,
1p51,1p51_CG_E_DC_18_^_F_DG_2_^,CG,E,F,DC,DG,18,2,,,,,,,
1p71,1p71_TA_C_DT_1_^_D_DA_19_^,TA,C,D,DT,DA,1,19,,,,,,,
1p71,1p71_GC_C_DG_2_^_D_DC_18_^,GC,C,D,DG,DC,2,18,,,,,,,
1p71,1p71_CG_C_DC_3_^_D_DG_17_^,CG,C,D,DC,DG,3,17,0.91,3.04,-27.8,39.4,49.1,21.3,22.741
1p71,1p71_TT_C_DT_4_^_D_DT_16_^,TT,C,D,DT,DT,4,16,0.87,1.94,-9.7,74.8,37.1,27.4,23.581
1p71,1p71_AT_C_DA_6_^_D_DT_15_^,AT,C,D,DA,DT,6,15,1.34,0.79,20.1,67.9,-3.0,17.1,19.414
1p71,1p71_CG_C_DC_8_^_D_DG_14_^,CG,C,D,DC,DG,8,14,3.04,0.56,21.7,38.6,-0.6,21.1,16.225
1p71,1p71_AT_C_DA_9_^_D_DT_13_^,AT,C,D,DA,DT,9,13,1.94,1.02,-36.1,13.9,56.8,20.7,13.908
1p71,1p71_AT_C_DA_10_^_D_DT_12_^,AT,C,D,DA,DT,10,12,0.79,1.13,13.2,25.0,15.8,29.0,11.957
1p71,1p71_TT_C_DT_11_^_D_DT_11_^,TT,C,D,DT,DT,11,11,0.56,0.71,-0.3,14.8,30.8,30.5,11.359
1p71,1p71_TA_C_DT_12_^_D_DA_10_^,TA,C,D,DT,DA,12,10,1.02,0.75,-20.2,19.4,50.8,30.6,12.999
1p71,1p71_TA_C_DT_13_^_D_DA_9_^,TA,C,D,DT,DA,13,9,1.13,2.09,20.9,9.2,1.8,22.7,
1p71,1p71_GC_C_DG_14_^_D_DC_8_^,GC,C,D,DG,DC,14,8,,,,,,,
1p71,1p71_TA_C_DT_15_^_D_DA_6_^,TA,C,D,DT,DA,15,6,,,,,,,
1p71,1p71_TT_C_DT_16_^_D_DT_4_^,TT,C,D,DT,DT,16,4,,,,,,,
1p71,1p71_GC_C_DG_17_^_D_DC_3_^,GC,C,D,DG,DC,17,3,,,,,,,
1p71,1p71_CG_C_DC_18_^_D_DG_2_^,CG,C,D,DC,DG,18,2,,,,,,,
1p71,1p71_AT_C_DA_19_^_D_DT_1_^,AT,C,D,DA,DT,19,1,,,,,,,
1p78,1p78_TA_C_DT_1_^_D_DA_19_^,TA,C,D,DT,DA,1,19,,,,,,,
1p78,1p78_GC_C_DG_2_^_D_DC_18_^,GC,C,D,DG,DC,2,18,,,,,,,
1p78,1p78_CG_C_DC_3_^_D_DG_17_^,CG,C,D,DC,DG,3,17,0.76,2.85,-22.9,38.6,43.1,20.2,22.607
1p78,1p78_AT_C_DA_4_^_D_DT_16_^,AT,C,D,DA,DT,4,16,0.87,1.81,-12.3,73.5,39.2,26.9,23.223
1p78,1p78_AT_C_DA_6_^_D_DT_15_^,AT,C,D,DA,DT,6,15,1.28,0.77,21.5,69.4,-1.2,20.3,18.975
1p78,1p78_CG_C_DC_8_^_D_DG_14_^,CG,C,D,DC,DG,8,14,2.85,0.63,20.5,41.1,3.2,23.7,16.046
1p78,1p78_AT_C_DA_9_^_D_DT_13_^,AT,C,D,DA,DT,9,13,1.81,1.07,-39.2,16.0,59.8,20.6,14.202
1p78,1p78_AT_C_DA_10_^_D_DT_12_^,AT,C,D,DA,DT,10,12,0.77,1.2,7.5,30.3,20.9,28.4,12.558
1p78,1p78_TT_C_DT_11_^_D_DT_11_^,TT,C,D,DT,DT,11,11,0.63,0.79,7.7,16.8,22.2,29.9,12.266
1p78,1p78_TA_C_DT_12_^_D_DA_10_^,TA,C,D,DT,DA,12,10,1.07,0.85,-15.0,21.0,44.6,29.6,13.823
1p78,1p78_TA_C_DT_13_^_D_DA_9_^,TA,C,D,DT,DA,13,9,1.2,1.94,19.7,8.4,1.6,21.3,
1p78,1p78_GC_C_DG_14_^_D_DC_8_^,GC,C,D,DG,DC,14,8,,,,,,,
1p78,1p78_TA_C_DT_15_^_D_DA_6_^,TA,C,D,DT,DA,15,6,,,,,,,
1p78,1p78_TA_C_DT_16_^_D_DA_4_^,TA,C,D,DT,DA,16,4,,,,,,,
1p78,1p78_GC_C_DG_17_^_D_DC_3_^,GC,C,D,DG,DC,17,3,,,,,,,
1p78,1p78_CG_C_DC_18_^_D_DG_2_^,CG,C,D,DC,DG,18,2,,,,,,,
1p78,1p78_AT_C_DA_19_^_D_DT_1_^,AT,C,D,DA,DT,19,1,,,,,,,
1qpi,1qpi_CG_M_DC_2_^_M_DG_14_^,CG,M,M,DC,DG,2,14,,,,,,,
1qpi,1qpi_TA_M_DT_3_^_M_DA_13_^,TA,M,M,DT,DA,3,13,,,,,,,
1qpi,1qpi_AT_M_DA_4_^_M_DT_12_^,AT,M,M,DA,DT,4,12,0.83,1.05,14.6,13.8,10.0,24.6,12.283
1qpi,1qpi_TA_M_DT_5_^_M_DA_11_^,TA,M,M,DT,DA,5,11,0.71,0.58,-151.0,4.5,175.1,24.1,12.491
1qpi,1qpi_CG_M_DC_6_^_M_DG_10_^,CG,M,M,DC,DG,6,10,0.91,0.6,-23.0,4.0,47.7,24.7,12.472
1qpi,1qpi_AT_M_DA_7_^_M_DT_9_^,AT,M,M,DA,DT,7,9,1.05,0.6,-47.8,15.8,75.5,27.7,12.859
1qpi,1qpi_AA_M_DA_8_^_M_DA_8_^,AA,M,M,DA,DA,8,8,0.58,0.58,-2.5,19.0,33.5,31.0,12.859
1qpi,1qpi_TA_M_DT_9_^_M_DA_7_^,TA,M,M,DT,DA,9,7,0.6,1.05,39.5,15.8,-11.8,27.7,12.472
1qpi,1qpi_GC_M_DG_10_^_M_DC_6_^,GC,M,M,DG,DC,10,6,0.61,0.91,11.7,4.0,13.0,24.7,12.492
1qpi,1qpi_AT_M_DA_11_^_M_DT_5_^,AT,M,M,DA,DT,11,5,0.58,0.71,139.1,4.5,-115.0,24.1,12.284
1qpi,1qpi_TA_M_DT_12_^_M_DA_4_^,TA,M,M,DT,DA,12,4,1.05,0.83,-26.0,13.8,50.6,24.6,
1qpi,1qpi_AT_M_DA_13_^_M_DT_3_^,AT,M,M,DA,DT,13,3,,,,,,,
1qpi,1qpi_GC_M_DG_14_^_M_DC_2_^,GC,M,M,DG,DC,14,2,,,,,,,
1svc,1svc_GC_D_DG_5_^_D_DC_15_^,GC,D,D,DG,DC,5,15,,,,,,,
1svc,1svc_GC_D_DG_6_^_D_DC_14_^,GC,D,D,DG,DC,6,14,,,,,,,
1svc,1svc_GC_D_DG_7_^_D_DC_13_^,GC,D,D,DG,DC,7,13,0.82,0.7,161.9,11.0,-133.2,28.7,11.462
1svc,1svc_GC_D_DG_8_^_D_DC_12_^,GC,D,D,DG,DC,8,12,0.55,0.76,153.5,8.8,-121.6,31.9,9.626
1svc,1svc_AT_D_DA_9_^_D_DT_11_^,AT,D,D,DA,DT,9,11,0.59,0.76,-82.9,14.2,117.3,34.4,9.65
1svc,1svc_AA_D_DA_10_^_D_DA_10_^,AA,D,D,DA,DA,10,10,0.7,0.7,0.5,13.4,36.5,37.0,9.65
1svc,1svc_TA_D_DT_11_^_D_DA_9_^,TA,D,D,DT,DA,11,9,0.76,0.59,81.3,14.2,-46.9,34.4,9.626
1svc,1svc_CG_D_DC_12_^_D_DG_8_^,CG,D,D,DC,DG,12,8,0.76,0.55,-157.6,8.8,-170.5,31.9,11.462
1svc,1svc_CG_D_DC_13_^_D_DG_7_^,CG,D,D,DC,DG,13,7,0.7,0.82,-169.1,11.0,-162.1,28.8,
1svc,1svc_CG_D_DC_14_^_D_DG_6_^,CG,D,D,DC,DG,14,6,,,,,,,
1svc,1svc_CG_D_DC_15_^_D_DG_5_^,CG,D,D,DC,DG,15,5,,,,,,,
1w7a,1w7a_AT_E_DA_1_^_F_DT_30_^,AT,E,F,DA,DT,1,30,,,,,,,
1w7a,1w7a_GC_E_DG_2_^_F_DC_29_^,GC,E,F,DG,DC,2,29,,,,,,,
1w7a,1w7a_CG_E_DC_3_^_F_DG_28_^,CG,E,F,DC,DG,3,28,0.79,0.65,0.6,21.6,34.4,35.0,12.983
1w7a,1w7a_TA_E_DT_4_^_F_DA_27_^,TA,E,F,DT,DA,4,27,0.8,0.55,70.0,15.2,-36.0,34.0,11.525
1w7a,1w7a_GC_E_DG_5_^_F_DC_26_^,GC,E,F,DG,DC,5,26,0.74,0.54,-11.9,2.4,45.7,33.8,12.31
1w7a,1w7a_CG_E_DC_6_^_F_DG_25_^,CG,E,F,DC,DG,6,25,0.65,0.64,-67.4,13.6,98.4,31.0,14.652
1w7a,1w7a_CG_E_DC_7_^_F_DG_24_^,CG,E,F,DC,DG,7,24,0.55,1.86,-23.4,35.5,51.1,27.7,17.611
1w7a,1w7a_AT_E_DA_8_^_F_DT_23_^,AT,E,F,DA,DT,8,23,0.54,1.83,-25.8,50.8,43.0,17.2,21.548
1w7a,1w7a_GT_E_DG_9_^_F_DT_22_^,GT,E,F,DG,DT,9,22,0.64,1.44,-16.7,63.7,25.1,8.4,22.622
1w7a,1w7a_GC_E_DG_10_^_F_DC_21_^,GC,E,F,DG,DC,10,21,1.86,0.87,-4.3,50.7,10.2,5.9,20.195
1w7a,1w7a_CG_E_DC_11_^_F_DG_20_^,CG,E,F,DC,DG,11,20,1.83,0.8,11.0,33.7,2.8,13.8,15.63
1w7a,1w7a_AT_E_DA_12_^_F_DT_19_^,AT,E,F,DA,DT,12,19,1.44,0.72,1.2,16.7,21.6,22.8,13.589
1w7a,1w7a_CG_E_DC_13_^_F_DG_18_^,CG,E,F,DC,DG,13,18,0.87,0.6,-10.3,13.4,36.7,26.4,14.257
1w7a,1w7a_CG_E_DC_14_^_F_DG_17_^,CG,E,F,DC,DG,14,17,0.8,0.76,-12.8,21.1,40.7,27.9,14.115
1w7a,1w7a_AT_E_DA_15_^_F_DT_16_^,AT,E,F,DA,DT,15,16,0.72,0.93,-8.3,24.3,38.9,30.6,
1w7a,1w7a_GC_E_DG_16_^_F_DC_15_^,GC,E,F,DG,DC,16,15,,,,,,,
1w7a,1w7a_TA_E_DT_17_^_F_DA_14_^,TA,E,F,DT,DA,17,14,,,,,,,
1wb9,1wb9_AT_E_DA_1_^_F_DT_30_^,AT,E,F,DA,DT,1,30,,,,,,,
1wb9,1wb9_GC_E_DG_2_^_F_DC_29_^,GC,E,F,DG,DC,2,29,,,,,,,
1wb9,1wb9_CG_E_DC_3_^_F_DG_28_^,CG,E,F,DC,DG,3,28,0.97,0.62,1.1,21.8,33.9,35.0,12.931
1wb9,1wb9_TA_E_DT_4_^_F_DA_27_^,TA,E,F,DT,DA,4,27,0.7,0.55,64.9,17.4,-30.2,34.7,11.364
1wb9,1wb9_GC_E_DG_5_^_F_DC_26_^,GC,E,F,DG,DC,5,26,0.58,0.52,-41.0,2.1,76.2,35.2,12.098
1wb9,1wb9_CG_E_DC_6_^_F_DG_25_^,CG,E,F,DC,DG,6,25,0.62,0.64,-66.4,10.9,98.7,32.3,14.335
1wb9,1wb9_CG_E_DC_7_^_F_DG_24_^,CG,E,F,DC,DG,7,24,0.55,1.9,-26.5,35.0,53.7,27.2,17.426
1wb9,1wb9_AT_E_DA_8_^_F_DT_23_^,AT,E,F,DA,DT,8,23,0.52,1.9,-28.8,51.8,44.4,15.6,21.582
1wb9,1wb9_GT_E_DG_9_^_F_DT_22_^,GT,E,F,DG,DT,9,22,0.64,1.33,-15.4,63.8,22.4,7.0,22.606
1wb9,1wb9_GC_E_DG_10_^_F_DC_21_^,GC,E,F,DG,DC,10,21,1.9,0.79,-4.0,49.1,10.0,6.0,20.046
1wb9,1wb9_CG_E_DC_11_^_F_DG_20_^,CG,E,F,DC,DG,11,20,1.9,0.83,14.3,30.1,0.3,14.6,15.295
1wb9,1wb9_AT_E_DA_12_^_F_DT_19_^,AT,E,F,DA,DT,12,19,1.33,0.69,8.4,14.8,15.9,24.3,12.995
1wb9,1wb9_CG_E_DC_13_^_F_DG_18_^,CG,E,F,DC,DG,13,18,0.79,0.5,-22.2,14.6,49.6,27.4,14.129
1wb9,1wb9_CG_E_DC_14_^_F_DG_17_^,CG,E,F,DC,DG,14,17,0.83,0.7,-12.8,25.1,41.2,28.4,13.904
1wb9,1wb9_AT_E_DA_15_^_F_DT_16_^,AT,E,F,DA,DT,15,16,0.69,0.89,10.1,21.6,21.3,31.4,
1wb9,1wb9_GC_E_DG_16_^_F_DC_15_^,GC,E,F,DG,DC,16,15,,,,,,,
1wb9,1wb9_TA_E_DT_17_^_F_DA_14_^,TA,E,F,DT,DA,17,14,,,,,,,
1wbb,1wbb_AT_E_DA_1_^_F_DT_30_^,AT,E,F,DA,DT,1,30,,,,,,,
1wbb,1wbb_GC_E_DG_2_^_F_DC_29_^,GC,E,F,DG,DC,2,29,,,,,,,
1wbb,1wbb_CG_E_DC_3_^_F_DG_28_^,CG,E,F,DC,DG,3,28,0.82,0.63,-4.4,19.5,39.3,34.9,12.962
1wbb,1wbb_TA_E_DT_4_^_F_DA_27_^,TA,E,F,DT,DA,4,27,0.69,0.57,65.5,15.8,-30.3,35.2,11.399
1wbb,1wbb_GC_E_DG_5_^_F_DC_26_^,GC,E,F,DG,DC,5,26,0.57,0.51,-21.9,1.9,57.9,36.0,12.051
1wbb,1wbb_CG_E_DC_6_^_F_DG_25_^,CG,E,F,DC,DG,6,25,0.63,0.66,-69.0,10.3,102.5,33.5,14.325
1wbb,1wbb_CG_E_DC_7_^_F_DG_24_^,CG,E,F,DC,DG,7,24,0.57,2.05,-27.8,34.5,54.8,27.0,17.593
1wbb,1wbb_AT_E_DA_8_^_F_DT_23_^,AT,E,F,DA,DT,8,23,0.51,1.95,-29.8,50.2,44.0,14.2,21.856
1wbb,1wbb_GT_E_DG_9_^_F_DT_22_^,GT,E,F,DG,DT,9,22,0.66,1.19,-15.3,62.8,21.6,6.3,22.662
1wbb,1wbb_GC_E_DG_10_^_F_DC_21_^,GC,E,F,DG,DC,10,21,2.05,0.71,-4.4,48.4,11.6,7.2,19.586
1wbb,1wbb_CG_E_DC_11_^_F_DG_20_^,CG,E,F,DC,DG,11,20,1.95,0.83,14.3,31.2,2.6,16.9,14.663
1wbb,1wbb_AT_E_DA_12_^_F_DT_19_^,AT,E,F,DA,DT,12,19,1.19,0.79,16.8,14.5,8.4,25.2,12.532
1wbb,1wbb_CG_E_DC_13_^_F_DG_18_^,CG,E,F,DC,DG,13,18,0.71,0.63,-23.2,12.9,50.3,27.1,13.639
1wbb,1wbb_CG_E_DC_14_^_F_DG_17_^,CG,E,F,DC,DG,14,17,0.83,0.46,-15.1,20.4,43.0,27.9,13.667
1wbb,1wbb_AT_E_DA_15_^_F_DT_16_^,AT,E,F,DA,DT,15,16,0.79,0.94,-0.3,24.5,30.0,29.7,
1wbb,1wbb_GC_E_DG_16_^_F_DC_15_^,GC,E,F,DG,DC,16,15,,,,,,,
1wbb,1wbb_TA_E_DT_17_^_F_DA_14_^,TA,E,F,DT,DA,17,14,,,,,,,
1wbd,1wbd_AT_E_DA_1_^_F_DT_30_^,AT,E,F,DA,DT,1,30,,,,,,,
1wbd,1wbd_GC_E_DG_2_^_F_DC_29_^,GC,E,F,DG,DC,2,29,,,,,,,
1wbd,1wbd_CG_E_DC_3_^_F_DG_28_^,CG,E,F,DC,DG,3,28,0.95,0.58,-4.5,20.0,39.2,34.7,12.974
1wbd,1wbd_TA_E_DT_4_^_F_DA_27_^,TA,E,F,DT,DA,4,27,0.69,0.53,63.1,16.6,-28.1,35.0,11.419
1wbd,1wbd_GC_E_DG_5_^_F_DC_26_^,GC,E,F,DG,DC,5,26,0.56,0.51,-24.1,2.1,59.4,35.3,12.104
1wbd,1wbd_CG_E_DC_6_^_F_DG_25_^,CG,E,F,DC,DG,6,25,0.58,0.64,-65.8,10.5,98.1,32.3,14.274
1wbd,1wbd_CG_E_DC_7_^_F_DG_24_^,CG,E,F,DC,DG,7,24,0.53,1.87,-26.3,33.8,53.7,27.4,17.367
1wbd,1wbd_AT_E_DA_8_^_F_DT_23_^,AT,E,F,DA,DT,8,23,0.51,1.94,-27.7,49.4,44.0,16.3,21.494
1wbd,1wbd_GT_E_DG_9_^_F_DT_22_^,GT,E,F,DG,DT,9,22,0.64,1.4,-16.2,63.9,23.9,7.7,22.571
1wbd,1wbd_GC_E_DG_10_^_F_DC_21_^,GC,E,F,DG,DC,10,21,1.87,0.8,-2.7,49.1,8.5,5.8,19.987
1wbd,1wbd_CG_E_DC_11_^_F_DG_20_^,CG,E,F,DC,DG,11,20,1.94,0.86,18.5,30.8,-4.0,14.5,14.968
1wbd,1wbd_AT_E_DA_12_^_F_DT_19_^,AT,E,F,DA,DT,12,19,1.4,0.65,9.1,12.6,15.9,25.0,12.448
1wbd,1wbd_CG_E_DC_13_^_F_DG_18_^,CG,E,F,DC,DG,13,18,0.8,0.55,-23.2,14.1,51.0,27.8,13.703
1wbd,1wbd_CG_E_DC_14_^_F_DG_17_^,CG,E,F,DC,DG,14,17,0.86,0.65,-13.8,23.6,41.3,27.5,14.166
1wbd,1wbd_AT_E_DA_15_^_F_DT_16_^,AT,E,F,DA,DT,15,16,0.65,0.99,-3.0,26.2,31.8,28.8,
1wbd,1wbd_GC_E_DG_16_^_F_DC_15_^,GC,E,F,DG,DC,16,15,,,,,,,
1wbd,1wbd_TA_E_DT_17_^_F_DA_14_^,TA,E,F,DT,DA,17,14,,,,,,,
2a3v,2a3v_CG_E_DC_5_^_F_DG_39_^,CG,E,F,DC,DG,5,39,,,,,,,
2a3v,2a3v_CG_E_DC_6_^_F_DG_38_^,CG,E,F,DC,DG,6,38,,,,,,,
2a3v,2a3v_GC_E_DG_7_^_F_DC_37_^,GC,E,F,DG,DC,7,37,1.01,0.67,-7.5,8.7,43.5,36.0,12.811
2a3v,2a3v_GC_E_DG_8_^_F_DC_36_^,GC,E,F,DG,DC,8,36,1.25,1.01,87.2,6.9,-52.9,34.3,10.279
2a3v,2a3v_TA_E_DT_9_^_F_DA_35_^,TA,E,F,DT,DA,9,35,0.73,0.92,128.4,8.1,-91.4,37.0,8.707
2a3v,2a3v_TA_E_DT_10_^_F_DA_34_^,TA,E,F,DT,DA,10,34,0.67,0.76,-164.8,12.7,-153.9,41.3,8.969
2a3v,2a3v_AT_E_DA_11_^_F_DT_33_^,AT,E,F,DA,DT,11,33,1.01,0.76,167.3,16.5,-125.1,42.2,9.309
2a3v,2a3v_TA_E_DT_12_^_F_DA_32_^,TA,E,F,DT,DA,12,32,0.92,0.65,-174.2,17.6,-147.0,38.8,10.203
2a3v,2a3v_AT_E_DA_13_^_F_DT_31_^,AT,E,F,DA,DT,13,31,0.76,0.76,-142.7,14.7,176.3,33.6,
2a3v,2a3v_AT_E_DA_14_^_F_DT_30_^,AT,E,F,DA,DT,14,30,,,,,,,
2a3v,2a3v_CG_E_DC_15_^_F_DG_29_^,CG,E,F,DC,DG,15,29,,,,,,,
2a3v,2a3v_CT_E_DC_18_^_F_DT_26_^,CT,E,F,DC,DT,18,26,,,,,,,
2a3v,2a3v_CG_E_DC_19_^_F_DG_25_^,CG,E,F,DC,DG,19,25,,,,,,,
2a3v,2a3v_GC_E_DG_20_^_F_DC_24_^,GC,E,F,DG,DC,20,24,1.33,0.72,88.6,9.1,-58.0,30.6,11.792
2a3v,2a3v_CG_E_DC_21_^_F_DG_23_^,CG,E,F,DC,DG,21,23,0.83,0.96,133.3,17.1,-100.6,32.7,10.112
2a3v,2a3v_CG_E_DC_22_^_F_DG_22_^,CG,E,F,DC,DG,22,22,0.85,1.2,-159.2,12.0,-169.3,31.5,9.421
2a3v,2a3v_TA_E_DT_23_^_F_DA_21_^,TA,E,F,DT,DA,23,21,0.72,0.97,153.1,12.7,-120.2,32.9,9.254
2a3v,2a3v_AT_E_DA_24_^_F_DT_19_^,AT,E,F,DA,DT,24,19,0.96,1.02,136.3,9.6,-107.6,28.7,9.364
2a3v,2a3v_AT_E_DA_25_^_F_DT_18_^,AT,E,F,DA,DT,25,18,1.2,1.17,-80.7,17.6,105.2,24.5,12.181
2a3v,2a3v_GC_E_DG_26_^_F_DC_17_^,GC,E,F,DG,DC,26,17,0.97,0.99,-15.3,24.3,39.2,23.9,15.522
2a3v,2a3v_GC_E_DG_27_^_F_DC_15_^,GC,E,F,DG,DC,27,15,1.02,1.32,-5.6,38.7,32.7,27.1,14.876
2a3v,2a3v_GC_E_DG_28_^_F_DC_14_^,GC,E,F,DG,DC,28,14,1.17,1.25,18.8,19.5,7.6,26.4,12.707
2a3v,2a3v_GC_E_DG_29_^_F_DC_13_^,GC,E,F,DG,DC,29,13,0.99,0.75,8.1,16.9,20.8,28.9,10.278
2a3v,2a3v_CG_E_DC_30_^_F_DG_11_^,CG,E,F,DC,DG,30,11,1.32,0.74,-42.0,16.8,74.9,32.9,12.711
2a3v,2a3v_TA_E_DT_31_^_F_DA_10_^,TA,E,F,DT,DA,31,10,1.25,1.0,4.9,23.3,29.8,34.7,14.559
2a3v,2a3v_GC_E_DG_32_^_F_DC_9_^,GC,E,F,DG,DC,32,9,0.75,1.08,19.0,10.9,15.3,34.3,13.242
2a3v,2a3v_AA_E_DA_33_^_F_DA_8_^,AA,E,F,DA,DA,33,8,0.74,1.05,18.9,1.5,15.3,34.2,
2a3v,2a3v_CG_E_DC_34_^_F_DG_7_^,CG,E,F,DC,DG,34,7,,,,,,,
2a3v,2a3v_AT_E_DA_35_^_F_DT_6_^,AT,E,F,DA,DT,35,6,,,,,,,
2a3v,2a3v_CG_G_DC_6_^_H_DG_38_^,CG,G,H,DC,DG,6,38,,,,,,,
2a3v,2a3v_GC_G_DG_7_^_H_DC_37_^,GC,G,H,DG,DC,7,37,,,,,,,
2a3v,2a3v_GC_G_DG_8_^_H_DC_36_^,GC,G,H,DG,DC,8,36,1.06,0.78,108.7,4.8,-70.5,38.2,10.4
2a3v,2a3v_TA_G_DT_9_^_H_DA_35_^,TA,G,H,DT,DA,9,35,0.94,0.88,136.9,10.2,-98.8,38.1,8.491
2a3v,2a3v_TA_G_DT_10_^_H_DA_34_^,TA,G,H,DT,DA,10,34,0.8,0.81,-167.7,11.2,-152.4,39.9,8.756
2a3v,2a3v_AT_G_DA_11_^_H_DT_33_^,AT,G,H,DA,DT,11,33,0.78,0.84,172.0,18.8,-130.5,41.5,9.12
2a3v,2a3v_TA_G_DT_12_^_H_DA_32_^,TA,G,H,DT,DA,12,32,0.88,0.8,-169.6,15.9,-153.1,37.3,10.207
2a3v,2a3v_AT_G_DA_13_^_H_DT_31_^,AT,G,H,DA,DT,13,31,0.81,0.85,-141.3,15.6,175.6,34.3,
2a3v,2a3v_AT_G_DA_14_^_H_DT_30_^,AT,G,H,DA,DT,14,30,,,,,,,
2a3v,2a3v_CG_G_DC_15_^_H_DG_29_^,CG,G,H,DC,DG,15,29,,,,,,,
2a3v,2a3v_CT_G_DC_18_^_H_DT_26_^,CT,G,H,DC,DT,18,26,,,,,,,
2a3v,2a3v_CG_G_DC_19_^_H_DG_25_^,CG,G,H,DC,DG,19,25,,,,,,,
2a3v,2a3v_GC_G_DG_20_^_H_DC_24_^,GC,G,H,DG,DC,20,24,1.38,0.93,92.7,9.4,-60.3,32.4,11.476
2a3v,2a3v_CG_G_DC_21_^_H_DG_23_^,CG,G,H,DC,DG,21,23,0.9,0.95,137.2,19.0,-103.7,33.5,9.862
2a3v,2a3v_CG_G_DC_22_^_H_DG_22_^,CG,G,H,DC,DG,22,22,0.9,1.13,-158.3,14.2,-171.2,30.5,9.364
2a3v,2a3v_TA_G_DT_23_^_H_DA_21_^,TA,G,H,DT,DA,23,21,0.93,0.86,161.9,11.4,-130.3,31.6,9.355
2a3v,2a3v_AT_G_DA_24_^_H_DT_19_^,AT,G,H,DA,DT,24,19,0.95,1.07,123.2,10.7,-94.4,28.8,9.506
2a3v,2a3v_AT_G_DA_25_^_H_DT_18_^,AT,G,H,DA,DT,25,18,1.13,1.2,-77.2,15.6,101.5,24.3,12.089
2a3v,2a3v_GC_G_DG_26_^_H_DC_17_^,GC,G,H,DG,DC,26,17,0.86,1.0,-19.7,24.1,42.5,22.8,15.532
2a3v,2a3v_GC_G_DG_27_^_H_DC_15_^,GC,G,H,DG,DC,27,15,1.07,1.33,-4.1,40.2,30.5,26.4,14.904
2a3v,2a3v_GC_G_DG_28_^_H_DC_14_^,GC,G,H,DG,DC,28,14,1.2,1.12,19.8,19.9,7.2,27.0,12.583
2a3v,2a3v_GC_G_DG_29_^_H_DC_13_^,GC,G,H,DG,DC,29,13,1.0,0.55,17.2,13.7,13.5,30.7,10.005
2a3v,2a3v_CG_G_DC_30_^_H_DG_11_^,CG,G,H,DC,DG,30,11,1.33,0.8,-74.8,8.7,110.6,35.8,11.714
2a3v,2a3v_TA_G_DT_31_^_H_DA_10_^,TA,G,H,DT,DA,31,10,1.12,0.93,7.9,10.3,29.1,37.0,13.559
2a3v,2a3v_GC_G_DG_32_^_H_DC_9_^,GC,G,H,DG,DC,32,9,0.55,1.07,-29.7,8.9,66.8,37.1,
2a3v,2a3v_AA_G_DA_33_^_H_DA_8_^,AA,G,H,DA,DA,33,8,,,,,,,
2a3v,2a3v_CG_G_DC_34_^_H_DG_7_^,CG,G,H,DC,DG,34,7,,,,,,,
2itl,2itl_GC_W_DG_20_^_W_DC_42_^,GC,W,W,DG,DC,20,42,,,,,,,
2itl,2itl_AT_W_DA_21_^_W_DT_41_^,AT,W,W,DA,DT,21,41,,,,,,,
2itl,2itl_GC_W_DG_22_^_W_DC_40_^,GC,W,W,DG,DC,22,40,0.52,1.06,-15.6,10.9,44.6,29.0,12.852
2itl,2itl_GC_W_DG_23_^_W_DC_39_^,GC,W,W,DG,DC,23,39,0.83,0.92,-33.5,9.9,60.8,27.3,13.472
2itl,2itl_CG_W_DC_24_^_W_DG_38_^,CG,W,W,DC,DG,24,38,0.93,0.59,-6.7,16.2,34.1,27.4,14.336
2itl,2itl_CG_W_DC_25_^_W_DG_37_^,CG,W,W,DC,DG,25,37,1.06,0.57,-16.0,20.7,45.4,29.4,14.474
2itl,2itl_GC_W_DG_26_^_W_DC_36_^,GC,W,W,DG,DC,26,36,0.92,0.83,-1.0,21.3,32.8,31.8,13.727
2itl,2itl_AT_W_DA_27_^_W_DT_35_^,AT,W,W,DA,DT,27,35,0.59,0.92,21.2,14.9,9.8,31.0,13.028
2itl,2itl_GC_W_DG_28_^_W_DC_34_^,GC,W,W,DG,DC,28,34,0.57,1.01,-10.0,10.8,38.4,28.4,13.025
2itl,2itl_GC_W_DG_29_^_W_DC_33_^,GC,W,W,DG,DC,29,33,0.83,0.94,-29.1,9.6,55.7,26.6,14.045
2itl,2itl_CG_W_DC_30_^_W_DG_32_^,CG,W,W,DC,DG,30,32,0.92,0.94,-13.8,17.2,39.1,25.3,15.36
2itl,2itl_GG_W_DG_31_^_W_DG_31_^,GG,W,W,DG,DG,31,31,1.01,1.01,-6.2,17.4,29.8,23.6,15.36
2itl,2itl_GC_W_DG_32_^_W_DC_30_^,GC,W,W,DG,DC,32,30,0.94,0.92,3.1,17.2,22.2,25.3,14.045
2itl,2itl_CG_W_DC_33_^_W_DG_29_^,CG,W,W,DC,DG,33,29,0.94,0.83,19.8,9.6,6.9,26.7,13.025
2itl,2itl_CG_W_DC_34_^_W_DG_28_^,CG,W,W,DC,DG,34,28,1.01,0.57,2.4,10.8,26.0,28.4,13.029
2itl,2itl_TA_W_DT_35_^_W_DA_27_^,TA,W,W,DT,DA,35,27,0.92,0.59,-26.2,14.9,57.2,31.0,13.727
2itl,2itl_CG_W_DC_36_^_W_DG_26_^,CG,W,W,DC,DG,36,26,0.83,0.92,-3.2,21.3,35.0,31.8,14.474
2itl,2itl_GC_W_DG_37_^_W_DC_25_^,GC,W,W,DG,DC,37,25,0.57,1.06,9.4,20.7,20.0,29.4,14.336
2itl,2itl_GC_W_DG_38_^_W_DC_24_^,GC,W,W,DG,DC,38,24,0.59,0.93,-1.8,16.2,29.3,27.5,13.472
2itl,2itl_CG_W_DC_39_^_W_DG_23_^,CG,W,W,DC,DG,39,23,0.92,0.83,24.8,9.9,2.5,27.3,12.852
2itl,2itl_CG_W_DC_40_^_W_DG_22_^,CG,W,W,DC,DG,40,22,1.06,0.52,8.6,10.9,20.4,29.0,
2itl,2itl_TA_W_DT_41_^_W_DA_21_^,TA,W,W,DT,DA,41,21,,,,,,,
2itl,2itl_CG_W_DC_42_^_W_DG_20_^,CG,W,W,DC,DG,42,20,,,,,,,
2nl8,2nl8_GC_W_DG_11_^_W_DC_27_^,GC,W,W,DG,DC,11,27,,,,,,,
2nl8,2nl8_AT_W_DA_12_^_W_DT_26_^,AT,W,W,DA,DT,12,26,,,,,,,
2nl8,2nl8_GC_W_DG_13_^_W_DC_25_^,GC,W,W,DG,DC,13,25,0.64,0.9,4.5,15.8,21.6,26.1,14.685
2nl8,2nl8_GC_W_DG_14_^_W_DC_24_^,GC,W,W,DG,DC,14,24,0.62,0.77,-4.6,17.1,29.0,24.4,14.688
2nl8,2nl8_CG_W_DC_15_^_W_DG_23_^,CG,W,W,DC,DG,15,23,0.86,0.73,28.3,9.6,-2.7,25.6,14.197
2nl8,2nl8_CG_W_DC_16_^_W_DG_22_^,CG,W,W,DC,DG,16,22,0.9,0.62,11.3,11.6,16.3,27.6,13.051
2nl8,2nl8_AT_W_DA_17_^_W_DT_21_^,AT,W,W,DA,DT,17,21,0.77,0.67,-29.8,8.8,60.0,30.2,12.445
2nl8,2nl8_TA_W_DT_18_^_W_DA_20_^,TA,W,W,DT,DA,18,20,0.73,0.67,86.9,12.6,-55.3,31.6,11.784
2nl8,2nl8_CC_W_DC_19_^_W_DC_19_^,CC,W,W,DC,DC,19,19,0.62,0.62,178.7,3.1,-145.4,33.3,11.783
2nl8,2nl8_AT_W_DA_20_^_W_DT_18_^,AT,W,W,DA,DT,20,18,0.67,0.73,-91.3,12.6,122.9,31.6,12.445
2nl8,2nl8_TA_W_DT_21_^_W_DA_17_^,TA,W,W,DT,DA,21,17,0.67,0.77,24.0,8.8,6.2,30.2,13.052
2nl8,2nl8_GC_W_DG_22_^_W_DC_16_^,GC,W,W,DG,DC,22,16,0.62,0.9,-19.7,11.6,47.3,27.6,14.198
2nl8,2nl8_GC_W_DG_23_^_W_DC_15_^,GC,W,W,DG,DC,23,15,0.73,0.86,-38.7,9.6,64.3,25.6,14.688
2nl8,2nl8_CG_W_DC_24_^_W_DG_14_^,CG,W,W,DC,DG,24,14,0.77,0.62,-7.1,17.1,31.5,24.4,14.685
2nl8,2nl8_CG_W_DC_25_^_W_DG_13_^,CG,W,W,DC,DG,25,13,0.9,0.64,-14.4,15.8,40.5,26.1,
2nl8,2nl8_TA_W_DT_26_^_W_DA_12_^,TA,W,W,DT,DA,26,12,,,,,,,
2nl8,2nl8_CG_W_DC_27_^_W_DG_11_^,CG,W,W,DC,DG,27,11,,,,,,,
2o8b,2o8b_GC_E_DG_1_^_F_DC_30_^,GC,E,F,DG,DC,1,30,,,,,,,
2o8b,2o8b_AT_E_DA_2_^_F_DT_29_^,AT,E,F,DA,DT,2,29,,,,,,,
2o8b,2o8b_AT_E_DA_3_^_F_DT_28_^,AT,E,F,DA,DT,3,28,0.98,0.72,-7.8,7.9,34.8,27.0,12.374
2o8b,2o8b_CG_E_DC_4_^_F_DG_27_^,CG,E,F,DC,DG,4,27,0.85,0.65,13.8,12.9,13.6,27.4,12.616
2o8b,2o8b_CG_E_DC_5_^_F_DG_26_^,CG,E,F,DC,DG,5,26,0.73,0.64,-54.9,8.9,86.5,31.6,13.754
2o8b,2o8b_GC_E_DG_6_^_F_DC_25_^,GC,E,F,DG,DC,6,25,0.72,1.87,-35.4,34.4,66.5,31.1,16.878
2o8b,2o8b_CG_E_DC_7_^_F_DG_24_^,CG,E,F,DC,DG,7,24,0.66,1.87,-27.9,57.5,52.0,24.1,21.255
2o8b,2o8b_GT_E_DG_8_^_F_DT_23_^,GT,E,F,DG,DT,8,23,0.64,1.12,-7.1,61.6,22.2,15.1,21.804
2o8b,2o8b_CG_E_DC_9_^_F_DG_22_^,CG,E,F,DC,DG,9,22,1.87,1.04,2.5,42.5,9.8,12.3,18.984
2o8b,2o8b_GC_E_DG_10_^_F_DC_21_^,GC,E,F,DG,DC,10,21,1.87,0.67,-4.7,24.9,21.1,16.4,15.753
2o8b,2o8b_CG_E_DC_11_^_F_DG_20_^,CG,E,F,DC,DG,11,20,1.12,0.5,7.6,19.9,16.6,24.2,13.051
2o8b,2o8b_TA_E_DT_12_^_F_DA_19_^,TA,E,F,DT,DA,12,19,1.04,0.7,-0.8,17.1,31.3,30.5,12.883
2o8b,2o8b_AT_E_DA_13_^_F_DT_18_^,AT,E,F,DA,DT,13,18,0.67,1.16,-22.2,22.8,53.3,31.1,
2o8b,2o8b_GC_E_DG_14_^_F_DC_17_^,GC,E,F,DG,DC,14,17,,,,,,,
2o8b,2o8b_GC_E_DG_15_^_F_DC_16_^,GC,E,F,DG,DC,15,16,,,,,,,
2vy1,2vy1_GA_W_DG_2_^_W_DA_20_^,GA,W,W,DG,DA,2,20,,,,,,,
2vy1,2vy1_AT_W_DA_3_^_W_DT_19_^,AT,W,W,DA,DT,3,19,,,,,,,
2vy1,2vy1_AG_W_DA_4_^_W_DG_18_^,AG,W,W,DA,DG,4,18,0.59,0.82,122.5,7.4,-86.3,36.2,11.008
2vy1,2vy1_GC_W_DG_5_^_W_DC_17_^,GC,W,W,DG,DC,5,17,0.68,0.73,165.2,4.8,-125.5,39.7,11.055
2vy1,2vy1_GC_W_DG_6_^_W_DC_16_^,GC,W,W,DG,DC,6,16,0.65,0.82,168.3,17.5,-129.2,39.1,11.469
2vy1,2vy1_AT_W_DA_7_^_W_DT_15_^,AT,W,W,DA,DT,7,15,0.82,0.54,173.4,8.2,-143.5,29.9,12.391
2vy1,2vy1_CG_W_DC_8_^_W_DG_14_^,CG,W,W,DC,DG,8,14,0.73,0.59,-90.9,11.8,117.6,26.7,13.699
2vy1,2vy1_CG_W_DC_9_^_W_DG_13_^,CG,W,W,DC,DG,9,13,0.82,0.72,6.5,16.7,24.6,31.1,12.529
2vy1,2vy1_AT_W_DA_10_^_W_DT_12_^,AT,W,W,DA,DT,10,12,0.54,0.72,60.8,11.3,-25.0,35.8,10.93
2vy1,2vy1_GG_W_DG_11_^_W_DG_11_^,GG,W,W,DG,DG,11,11,0.59,0.59,-179.1,2.5,-143.1,37.8,10.931
2vy1,2vy1_TA_W_DT_12_^_W_DA_10_^,TA,W,W,DT,DA,12,10,0.72,0.54,-61.0,11.3,96.8,35.8,12.53
2vy1,2vy1_GC_W_DG_13_^_W_DC_9_^,GC,W,W,DG,DC,13,9,0.72,0.82,-11.4,16.7,42.5,31.1,13.699
2vy1,2vy1_GC_W_DG_14_^_W_DC_8_^,GC,W,W,DG,DC,14,8,0.59,0.73,81.6,11.8,-54.8,26.8,12.391
2vy1,2vy1_TA_W_DT_15_^_W_DA_7_^,TA,W,W,DT,DA,15,7,0.54,0.82,-179.5,8.2,-150.6,29.9,11.469
2vy1,2vy1_CG_W_DC_16_^_W_DG_6_^,CG,W,W,DC,DG,16,6,0.82,0.65,-165.2,17.5,-155.7,39.1,11.055
2vy1,2vy1_CG_W_DC_17_^_W_DG_5_^,CG,W,W,DC,DG,17,5,0.73,0.68,-161.4,4.8,-158.9,39.7,11.008
2vy1,2vy1_GA_W_DG_18_^_W_DA_4_^,GA,W,W,DG,DA,18,4,0.82,0.59,-122.3,7.4,158.5,36.2,
2vy1,2vy1_TA_W_DT_19_^_W_DA_3_^,TA,W,W,DT,DA,19,3,,,,,,,
2vy1,2vy1_AG_W_DA_20_^_W_DG_2_^,AG,W,W,DA,DG,20,2,,,,,,,
2vy2,2vy2_TA_W_DT_2_^_W_DA_20_^,TA,W,W,DT,DA,2,20,,,,,,,
2vy2,2vy2_TA_W_DT_3_^_W_DA_19_^,TA,W,W,DT,DA,3,19,,,,,,,
2vy2,2vy2_TC_W_DT_4_^_W_DC_18_^,TC,W,W,DT,DC,4,18,0.52,0.64,158.4,8.7,-125.8,32.6,10.476
2vy2,2vy2_AA_W_DA_5_^_W_DA_17_^,AA,W,W,DA,DA,5,17,0.65,0.65,179.7,12.0,-143.4,36.3,9.981
2vy2,2vy2_AT_W_DA_6_^_W_DT_16_^,AT,W,W,DA,DT,6,16,0.64,0.68,178.2,13.5,-140.6,37.6,9.843
2vy2,2vy2_TT_W_DT_7_^_W_DT_15_^,TT,W,W,DT,DT,7,15,0.64,0.61,-167.7,10.5,-158.6,33.7,10.981
2vy2,2vy2_CG_W_DC_8_^_W_DG_14_^,CG,W,W,DC,DG,8,14,0.65,0.66,-92.0,7.6,121.0,29.0,12.655
2vy2,2vy2_CG_W_DC_9_^_W_DG_13_^,CG,W,W,DC,DG,9,13,0.68,0.63,-4.0,7.5,34.7,30.7,12.468
2vy2,2vy2_AT_W_DA_10_^_W_DT_12_^,AT,W,W,DA,DT,10,12,0.61,0.63,68.4,7.1,-33.2,35.2,11.2
2vy2,2vy2_AA_W_DA_11_^_W_DA_11_^,AA,W,W,DA,DA,11,11,0.66,0.66,-179.0,5.2,-143.1,37.9,11.199
2vy2,2vy2_TA_W_DT_12_^_W_DA_10_^,TA,W,W,DT,DA,12,10,0.63,0.61,-69.2,7.1,104.4,35.2,12.468
2vy2,2vy2_GC_W_DG_13_^_W_DC_9_^,GC,W,W,DG,DC,13,9,0.63,0.68,-1.3,7.5,32.0,30.7,12.655
2vy2,2vy2_GC_W_DG_14_^_W_DC_8_^,GC,W,W,DG,DC,14,8,0.66,0.65,85.0,7.6,-56.0,29.0,10.982
2vy2,2vy2_TT_W_DT_15_^_W_DT_7_^,TT,W,W,DT,DT,15,7,0.61,0.64,165.4,10.5,-131.7,33.7,9.843
2vy2,2vy2_TA_W_DT_16_^_W_DA_6_^,TA,W,W,DT,DA,16,6,0.68,0.64,-176.6,13.5,-145.8,37.6,9.981
2vy2,2vy2_AA_W_DA_17_^_W_DA_5_^,AA,W,W,DA,DA,17,5,0.65,0.65,-179.4,12.0,-144.3,36.3,10.476
2vy2,2vy2_CT_W_DC_18_^_W_DT_4_^,CT,W,W,DC,DT,18,4,0.64,0.52,-161.8,8.7,-165.6,32.6,
2vy2,2vy2_AT_W_DA_19_^_W_DT_3_^,AT,W,W,DA,DT,19,3,,,,,,,
2vy2,2vy2_AT_W_DA_20_^_W_DT_2_^,AT,W,W,DA,DT,20,2,,,,,,,
2xm3,2xm3_CG_K_DC_13_^_K_DG_3_^,CG,K,K,DC,DG,13,3,,,,,,,
2xm3,2xm3_AT_K_DA_14_^_K_DT_2_^,AT,K,K,DA,DT,14,2,,,,,,,
2xm3,2xm3_CG_K_DC_17_^_K_DG_36_^,CG,K,K,DC,DG,17,36,0.95,1.0,43.5,10.6,87.0,130.5,18.597
2xm3,2xm3_TA_K_DT_18_^_K_DA_35_^,TA,K,K,DT,DA,18,35,7.01,1.17,-27.0,30.6,98.5,71.5,17.577
2xm3,2xm3_CG_K_DC_19_^_K_DG_34_^,CG,K,K,DC,DG,19,34,0.98,1.36,-10.6,30.6,29.2,18.6,15.577
2xm3,2xm3_GT_K_DG_20_^_K_DT_33_^,GT,K,K,DG,DT,20,33,1.0,1.16,-17.1,43.6,34.1,17.0,15.388
2xm3,2xm3_TA_K_DT_21_^_K_DA_32_^,TA,K,K,DT,DA,21,32,1.17,1.1,-1.1,42.9,21.6,20.5,14.344
2xm3,2xm3_GC_K_DG_22_^_K_DC_31_^,GC,K,K,DG,DC,22,31,1.36,1.23,13.3,34.7,11.6,24.9,14.296
2xm3,2xm3_AT_K_DA_23_^_K_DT_30_^,AT,K,K,DA,DT,23,30,1.16,1.54,22.3,9.8,2.9,25.2,
2xm3,2xm3_CG_K_DC_24_^_K_DG_29_^,CG,K,K,DC,DG,24,29,,,,,,,
2xm3,2xm3_TA_K_DT_25_^_K_DA_28_^,TA,K,K,DT,DA,25,28,,,,,,,
2xm3,2xm3_CG_M_DC_13_^_M_DG_3_^,CG,M,M,DC,DG,13,3,,,,,,,
2xm3,2xm3_AT_M_DA_14_^_M_DT_2_^,AT,M,M,DA,DT,14,2,,,,,,,
2xm3,2xm3_CG_M_DC_17_^_M_DG_36_^,CG,M,M,DC,DG,17,36,0.89,0.94,38.4,13.0,92.2,130.6,19.113
2xm3,2xm3_TA_M_DT_18_^_M_DA_35_^,TA,M,M,DT,DA,18,35,7.09,1.09,-21.2,29.1,93.6,72.4,17.436
2xm3,2xm3_CG_M_DC_19_^_M_DG_34_^,CG,M,M,DC,DG,19,34,1.01,1.36,-11.7,26.5,31.9,20.2,14.887
2xm3,2xm3_GT_M_DG_20_^_M_DT_33_^,GT,M,M,DG,DT,20,33,0.94,1.25,-23.1,47.6,40.7,17.6,15.396
2xm3,2xm3_TA_M_DT_21_^_M_DA_32_^,TA,M,M,DT,DA,21,32,1.09,0.99,-2.3,48.1,21.0,18.7,14.942
2xm3,2xm3_GC_M_DG_22_^_M_DC_31_^,GC,M,M,DG,DC,22,31,1.36,1.07,19.6,38.1,1.8,21.4,14.634
2xm3,2xm3_AT_M_DA_23_^_M_DT_30_^,AT,M,M,DA,DT,23,30,1.25,1.52,19.8,6.9,5.3,25.1,
2xm3,2xm3_CG_M_DC_24_^_M_DG_29_^,CG,M,M,DC,DG,24,29,,,,,,,
2xm3,2xm3_TA_M_DT_25_^_M_DA_28_^,TA,M,M,DT,DA,25,28,,,,,,,
2xma,2xma_GC_C_DG_13_^_C_DC_42_^,GC,C,C,DG,DC,13,42,,,,,,,
2xma,2xma_AT_C_DA_14_^_C_DT_41_^,AT,C,C,DA,DT,14,41,,,,,,,
2xma,2xma_AT_C_DA_28_^_C_DT_25_^,AT,C,C,DA,DT,28,25,,,,,,,
2xma,2xma_GC_C_DG_29_^_C_DC_24_^,GC,C,C,DG,DC,29,24,,,,,,,
2xma,2xma_TA_C_DT_30_^_C_DA_23_^,TA,C,C,DT,DA,30,23,1.49,1.09,-31.1,12.8,57.5,26.4,15.006
2xma,2xma_CG_C_DC_31_^_C_DG_22_^,CG,C,C,DC,DG,31,22,1.12,1.39,-26.5,35.7,50.6,24.1,15.415
2xma,2xma_GC_C_DG_32_^_C_DC_21_^,GC,C,C,DG,DC,32,21,0.97,1.09,-14.5,48.0,34.2,19.7,16.228
2xma,2xma_TG_C_DT_33_^_C_DG_20_^,TG,C,C,DT,DG,33,20,1.09,0.95,-3.6,45.5,18.7,15.1,16.11
2xma,2xma_GC_C_DG_34_^_C_DC_19_^,GC,C,C,DG,DC,34,19,1.39,0.95,-2.5,31.4,19.4,16.9,15.169
2xma,2xma_TA_C_DT_35_^_C_DA_18_^,TA,C,C,DT,DA,35,18,1.09,4.13,123.0,76.1,-122.8,0.2,
2xma,2xma_GC_C_DG_36_^_C_DC_17_^,GC,C,C,DG,DC,36,17,,,,,,,
2xma,2xma_AG_C_DA_37_^_C_DG_39_^,AG,C,C,DA,DG,37,39,,,,,,,
2xma,2xma_GC_D_DG_13_^_D_DC_42_^,GC,D,D,DG,DC,13,42,,,,,,,
2xma,2xma_AT_D_DA_14_^_D_DT_41_^,AT,D,D,DA,DT,14,41,,,,,,,
2xma,2xma_AT_D_DA_28_^_D_DT_25_^,AT,D,D,DA,DT,28,25,,,,,,,
2xma,2xma_GC_D_DG_29_^_D_DC_24_^,GC,D,D,DG,DC,29,24,,,,,,,
2xma,2xma_TA_D_DT_30_^_D_DA_23_^,TA,D,D,DT,DA,30,23,1.49,1.09,-30.9,12.7,57.2,26.3,15.026
2xma,2xma_CG_D_DC_31_^_D_DG_22_^,CG,D,D,DC,DG,31,22,1.13,1.39,-26.5,35.6,50.5,24.0,15.413
2xma,2xma_GC_D_DG_32_^_D_DC_21_^,GC,D,D,DG,DC,32,21,0.97,1.09,-14.6,47.9,34.3,19.7,16.22
2xma,2xma_TG_D_DT_33_^_D_DG_20_^,TG,D,D,DT,DG,33,20,1.09,0.95,-3.6,45.5,18.7,15.1,16.107
2xma,2xma_GC_D_DG_34_^_D_DC_19_^,GC,D,D,DG,DC,34,19,1.39,0.95,-2.5,31.5,19.4,16.9,15.169
2xma,2xma_TA_D_DT_35_^_D_DA_18_^,TA,D,D,DT,DA,35,18,1.09,4.2,125.4,73.9,-123.0,2.4,
2xma,2xma_GC_D_DG_36_^_D_DC_17_^,GC,D,D,DG,DC,36,17,,,,,,,
2xma,2xma_AG_D_DA_37_^_D_DG_39_^,AG,D,D,DA,DG,37,39,,,,,,,
2xma,2xma_GC_G_DG_13_^_G_DC_42_^,GC,G,G,DG,DC,13,42,,,,,,,
2xma,2xma_AT_G_DA_14_^_G_DT_41_^,AT,G,G,DA,DT,14,41,,,,,,,
2xma,2xma_AT_G_DA_28_^_G_DT_25_^,AT,G,G,DA,DT,28,25,,,,,,,
2xma,2xma_GC_G_DG_29_^_G_DC_24_^,GC,G,G,DG,DC,29,24,,,,,,,
2xma,2xma_TA_G_DT_30_^_G_DA_23_^,TA,G,G,DT,DA,30,23,1.46,1.2,-27.9,11.5,55.5,27.6,15.196
2xma,2xma_CG_G_DC_31_^_G_DG_22_^,CG,G,G,DC,DG,31,22,1.14,1.46,-26.2,34.9,51.4,25.2,15.412
2xma,2xma_GC_G_DG_32_^_G_DC_21_^,GC,G,G,DG,DC,32,21,1.03,1.21,-18.4,47.2,37.8,19.4,16.108
2xma,2xma_TG_G_DT_33_^_G_DG_20_^,TG,G,G,DT,DG,33,20,1.2,1.01,-3.2,47.0,17.9,14.7,15.926
2xma,2xma_GC_G_DG_34_^_G_DC_19_^,GC,G,G,DG,DC,34,19,1.46,1.04,-0.6,31.1,17.2,16.6,14.983
2xma,2xma_TA_G_DT_35_^_G_DA_18_^,TA,G,G,DT,DA,35,18,1.21,4.15,125.0,78.2,-123.9,1.1,
2xma,2xma_GC_G_DG_36_^_G_DC_17_^,GC,G,G,DG,DC,36,17,,,,,,,
2xma,2xma_AG_G_DA_37_^_G_DG_39_^,AG,G,G,DA,DG,37,39,,,,,,,
2xma,2xma_GC_H_DG_13_^_H_DC_42_^,GC,H,H,DG,DC,13,42,,,,,,,
2xma,2xma_AT_H_DA_14_^_H_DT_41_^,AT,H,H,DA,DT,14,41,,,,,,,
2xma,2xma_AT_H_DA_28_^_H_DT_25_^,AT,H,H,DA,DT,28,25,,,,,,,
2xma,2xma_GC_H_DG_29_^_H_DC_24_^,GC,H,H,DG,DC,29,24,,,,,,,
2xma,2xma_TA_H_DT_30_^_H_DA_23_^,TA,H,H,DT,DA,30,23,1.46,1.2,-28.0,11.6,55.6,27.6,15.216
2xma,2xma_CG_H_DC_31_^_H_DG_22_^,CG,H,H,DC,DG,31,22,1.14,1.46,-26.1,34.9,51.3,25.2,15.432
2xma,2xma_GC_H_DG_32_^_H_DC_21_^,GC,H,H,DG,DC,32,21,1.04,1.22,-18.4,47.2,37.8,19.4,16.11
2xma,2xma_TG_H_DT_33_^_H_DG_20_^,TG,H,H,DT,DG,33,20,1.2,1.01,-3.3,46.9,18.0,14.7,15.924
2xma,2xma_GC_H_DG_34_^_H_DC_19_^,GC,H,H,DG,DC,34,19,1.46,1.04,-0.7,31.1,17.3,16.6,14.99
2xma,2xma_TA_H_DT_35_^_H_DA_18_^,TA,H,H,DT,DA,35,18,1.22,4.03,127.7,74.2,-123.7,4.0,
2xma,2xma_GC_H_DG_36_^_H_DC_17_^,GC,H,H,DG,DC,36,17,,,,,,,
2xma,2xma_AG_H_DA_37_^_H_DG_39_^,AG,H,H,DA,DG,37,39,,,,,,,
2xo6,2xo6_CG_B_DC_13_^_B_DG_3_^,CG,B,B,DC,DG,13,3,,,,,,,
2xo6,2xo6_AT_B_DA_14_^_B_DT_2_^,AT,B,B,DA,DT,14,2,,,,,,,
2xo6,2xo6_CG_B_DC_17_^_B_DG_36_^,CG,B,B,DC,DG,17,36,0.95,0.99,37.6,10.5,93.0,130.6,18.564
2xo6,2xo6_TA_B_DT_18_^_B_DA_35_^,TA,B,B,DT,DA,18,35,7.07,1.17,-27.5,30.5,98.3,70.8,17.636
2xo6,2xo6_CG_B_DC_19_^_B_DG_34_^,CG,B,B,DC,DG,19,34,0.97,1.35,-12.5,31.8,30.3,17.8,15.95
2xo6,2xo6_GT_B_DG_20_^_B_DT_33_^,GT,B,B,DG,DT,20,33,0.99,1.13,-18.0,46.9,34.2,16.2,16.329
2xo6,2xo6_TA_B_DT_21_^_B_DA_32_^,TA,B,B,DT,DA,21,32,1.17,0.96,-2.8,47.7,21.8,19.0,15.647
2xo6,2xo6_GC_B_DG_22_^_B_DC_31_^,GC,B,B,DG,DC,22,31,1.35,1.09,18.2,36.5,5.0,23.2,15.163
2xo6,2xo6_AT_B_DA_23_^_B_DT_30_^,AT,B,B,DA,DT,23,30,1.13,1.47,16.0,11.6,11.1,27.1,
2xo6,2xo6_CG_B_DC_24_^_B_DG_29_^,CG,B,B,DC,DG,24,29,,,,,,,
2xo6,2xo6_TA_B_DT_25_^_B_DA_28_^,TA,B,B,DT,DA,25,28,,,,,,,
2xo6,2xo6_CG_B_DC_15_^_C_DG_6_^,CG,B,C,DC,DG,15,6,,,,,,,
2xo6,2xo6_AT_B_DA_16_^_C_DT_5_^,AT,B,C,DA,DT,16,5,,,,,,,
2xo6,2xo6_CG_E_DC_13_^_E_DG_3_^,CG,E,E,DC,DG,13,3,,,,,,,
2xo6,2xo6_AT_E_DA_14_^_E_DT_2_^,AT,E,E,DA,DT,14,2,,,,,,,
2xo6,2xo6_CG_E_DC_17_^_E_DG_36_^,CG,E,E,DC,DG,17,36,0.81,0.94,25.8,12.2,104.6,130.4,18.832
2xo6,2xo6_TA_E_DT_18_^_E_DA_35_^,TA,E,E,DT,DA,18,35,7.08,1.15,-23.0,28.4,94.9,71.9,17.536
2xo6,2xo6_CG_E_DC_19_^_E_DG_34_^,CG,E,E,DC,DG,19,34,0.94,1.34,-13.3,28.8,32.7,19.4,15.477
2xo6,2xo6_GT_E_DG_20_^_E_DT_33_^,GT,E,E,DG,DT,20,33,0.94,1.13,-19.3,45.5,36.7,17.4,15.789
2xo6,2xo6_TA_E_DT_21_^_E_DA_32_^,TA,E,E,DT,DA,21,32,1.15,1.0,-2.0,48.0,21.9,19.9,15.019
2xo6,2xo6_GC_E_DG_22_^_E_DC_31_^,GC,E,E,DG,DC,22,31,1.34,1.2,15.5,36.8,6.9,22.4,14.848
2xo6,2xo6_AT_E_DA_23_^_E_DT_30_^,AT,E,E,DA,DT,23,30,1.13,1.59,17.5,10.5,6.0,23.5,
2xo6,2xo6_CG_E_DC_24_^_E_DG_29_^,CG,E,E,DC,DG,24,29,,,,,,,
2xo6,2xo6_TA_E_DT_25_^_E_DA_28_^,TA,E,E,DT,DA,25,28,,,,,,,
2xo6,2xo6_CG_E_DC_15_^_F_DG_6_^,CG,E,F,DC,DG,15,6,,,,,,,
2xo6,2xo6_AT_E_DA_16_^_F_DT_5_^,AT,E,F,DA,DT,16,5,,,,,,,
2xqc,2xqc_CG_B_DC_13_^_B_DG_3_^,CG,B,B,DC,DG,13,3,,,,,,,
2xqc,2xqc_AT_B_DA_14_^_B_DT_2_^,AT,B,B,DA,DT,14,2,,,,,,,
2xqc,2xqc_CG_B_DC_17_^_B_DG_36_^,CG,B,B,DC,DG,17,36,0.95,0.95,25.6,11.7,104.0,129.6,18.59
2xqc,2xqc_TA_B_DT_18_^_B_DA_35_^,TA,B,B,DT,DA,18,35,7.06,1.15,-26.3,29.5,97.4,71.1,17.411
2xqc,2xqc_CG_B_DC_19_^_B_DG_34_^,CG,B,B,DC,DG,19,34,0.98,1.33,-11.0,29.5,30.0,19.0,15.516
2xqc,2xqc_GT_B_DG_20_^_B_DT_33_^,GT,B,B,DG,DT,20,33,0.95,1.12,-18.8,43.6,35.9,17.1,15.778
2xqc,2xqc_TA_B_DT_21_^_B_DA_32_^,TA,B,B,DT,DA,21,32,1.15,0.99,-3.4,45.9,23.0,19.6,15.053
2xqc,2xqc_GC_B_DG_22_^_B_DC_31_^,GC,B,B,DG,DC,22,31,1.33,1.15,15.6,35.9,7.0,22.6,14.827
2xqc,2xqc_AT_B_DA_23_^_B_DT_30_^,AT,B,B,DA,DT,23,30,1.12,1.52,22.6,11.0,1.9,24.5,
2xqc,2xqc_CG_B_DC_24_^_B_DG_29_^,CG,B,B,DC,DG,24,29,,,,,,,
2xqc,2xqc_TA_B_DT_25_^_B_DA_28_^,TA,B,B,DT,DA,25,28,,,,,,,
2xqc,2xqc_CG_B_DC_15_^_C_DG_6_^,CG,B,C,DC,DG,15,6,,,,,,,
2xqc,2xqc_AT_B_DA_16_^_C_DT_5_^,AT,B,C,DA,DT,16,5,,,,,,,
2xqc,2xqc_CG_E_DC_13_^_E_DG_3_^,CG,E,E,DC,DG,13,3,,,,,,,
2xqc,2xqc_AT_E_DA_14_^_E_DT_2_^,AT,E,E,DA,DT,14,2,,,,,,,
2xqc,2xqc_CG_E_DC_17_^_E_DG_36_^,CG,E,E,DC,DG,17,36,0.84,0.98,31.3,11.0,98.1,129.4,18.45
2xqc,2xqc_TA_E_DT_18_^_E_DA_35_^,TA,E,E,DT,DA,18,35,7.06,1.19,-26.9,30.1,98.1,71.2,17.357
2xqc,2xqc_CG_E_DC_19_^_E_DG_34_^,CG,E,E,DC,DG,19,34,0.97,1.34,-13.2,30.1,31.4,18.2,15.461
2xqc,2xqc_GT_E_DG_20_^_E_DT_33_^,GT,E,E,DG,DT,20,33,0.98,1.15,-16.5,45.4,33.8,17.3,15.646
2xqc,2xqc_TA_E_DT_21_^_E_DA_32_^,TA,E,E,DT,DA,21,32,1.19,0.98,-3.1,46.3,23.5,20.4,15.031
2xqc,2xqc_GC_E_DG_22_^_E_DC_31_^,GC,E,E,DG,DC,22,31,1.34,1.19,15.6,36.4,7.7,23.3,14.97
2xqc,2xqc_AT_E_DA_23_^_E_DT_30_^,AT,E,E,DA,DT,23,30,1.15,1.55,17.9,12.0,6.4,24.3,
2xqc,2xqc_CG_E_DC_24_^_E_DG_29_^,CG,E,E,DC,DG,24,29,,,,,,,
2xqc,2xqc_TA_E_DT_25_^_E_DA_28_^,TA,E,E,DT,DA,25,28,,,,,,,
2xqc,2xqc_CG_E_DC_15_^_F_DG_6_^,CG,E,F,DC,DG,15,6,,,,,,,
2xqc,2xqc_AT_E_DA_16_^_F_DT_5_^,AT,E,F,DA,DT,16,5,,,,,,,
3dpg,3dpg_TA_C_DT_4_^_D_DA_15_^,TA,C,D,DT,DA,4,15,,,,,,,
3dpg,3dpg_CG_C_DC_5_^_D_DG_14_^,CG,C,D,DC,DG,5,14,,,,,,,
3dpg,3dpg_GG_C_DG_6_^_D_DG_13_^,GG,C,D,DG,DG,6,13,0.96,0.72,-84.3,3.5,116.0,31.7,15.062
3dpg,3dpg_AT_C_DA_7_^_D_DT_12_^,AT,C,D,DA,DT,7,12,0.87,0.97,-11.7,14.4,38.6,26.9,15.236
3dpg,3dpg_CG_C_DC_8_^_D_DG_11_^,CG,C,D,DC,DG,8,11,0.96,0.88,5.0,1.9,24.2,29.2,14.715
3dpg,3dpg_CG_C_DC_9_^_D_DG_10_^,CG,C,D,DC,DG,9,10,0.72,0.96,109.1,8.6,-78.1,31.0,14.665
3dpg,3dpg_GC_C_DG_10_^_D_DC_9_^,GC,C,D,DG,DC,10,9,0.97,0.72,-116.9,8.3,147.9,31.0,14.672
3dpg,3dpg_GC_C_DG_11_^_D_DC_8_^,GC,C,D,DG,DC,11,8,0.88,0.88,-57.5,3.8,86.8,29.3,15.134
3dpg,3dpg_TA_C_DT_12_^_D_DA_7_^,TA,C,D,DT,DA,12,7,0.96,0.68,4.1,14.5,23.6,27.7,15.21
3dpg,3dpg_GG_C_DG_13_^_D_DG_6_^,GG,C,D,DG,DG,13,6,0.72,0.55,-0.1,8.5,30.7,30.6,13.491
3dpg,3dpg_GC_C_DG_14_^_D_DC_5_^,GC,C,D,DG,DC,14,5,0.88,0.67,36.3,9.2,-0.7,35.6,10.763
3dpg,3dpg_AT_C_DA_15_^_D_DT_4_^,AT,C,D,DA,DT,15,4,0.68,0.63,-11.2,2.5,51.9,40.7,
3dpg,3dpg_CG_C_DC_16_^_D_DG_3_^,CG,C,D,DC,DG,16,3,,,,,,,
3dpg,3dpg_TA_C_DT_17_^_D_DA_2_^,TA,C,D,DT,DA,17,2,,,,,,,
3h25,3h25_CG_C_DC_7_^_C_DG_27_^,CG,C,C,DC,DG,7,27,,,,,,,
3h25,3h25_CG_C_DC_8_^_C_DG_26_^,CG,C,C,DC,DG,8,26,,,,,,,
3h25,3h25_CG_C_DC_9_^_C_DG_25_^,CG,C,C,DC,DG,9,25,0.76,0.51,-122.3,7.2,152.8,30.5,12.657
3h25,3h25_CG_C_DC_10_^_C_DG_24_^,CG,C,C,DC,DG,10,24,0.56,0.65,64.1,0.9,-29.7,34.4,12.607
3h25,3h25_TG_C_DT_11_^_C_DG_23_^,TG,C,C,DT,DG,11,23,0.49,0.61,6.7,3.8,29.6,36.3,12.506
3h25,3h25_AT_C_DA_12_^_C_DT_22_^,AT,C,C,DA,DT,12,22,0.51,0.65,-40.1,11.0,75.8,35.7,13.069
3h25,3h25_CG_C_DC_13_^_C_DG_21_^,CG,C,C,DC,DG,13,21,0.65,1.16,-1.2,11.7,32.9,31.7,
3h25,3h25_CG_C_DC_14_^_C_DG_20_^,CG,C,C,DC,DG,14,20,,,,,,,
3h25,3h25_CG_C_DC_15_^_C_DG_19_^,CG,C,C,DC,DG,15,19,,,,,,,
3jxy,3jxy_CG_B_DC_1_^_C_DG_12_^,CG,B,C,DC,DG,1,12,,,,,,,
3jxy,3jxy_GC_B_DG_2_^_C_DC_11_^,GC,B,C,DG,DC,2,11,,,,,,,
3jxy,3jxy_GC_B_DG_3_^_C_DC_10_^,GC,B,C,DG,DC,3,10,0.85,0.83,-18.8,17.4,43.7,24.9,13.045
3jxy,3jxy_AT_B_DA_4_^_C_DT_9_^,AT,B,C,DA,DT,4,9,0.65,1.15,0.3,19.8,27.5,27.8,11.917
3jxy,3jxy_CG_B_DC_5_^_C_DG_8_^,CG,B,C,DC,DG,5,8,0.58,1.35,-13.5,20.8,40.6,27.1,13.04
3jxy,3jxy_TA_B_DT_6_^_C_DA_7_^,TA,B,C,DT,DA,6,7,0.83,1.11,-20.4,26.2,44.5,24.1,15.048
3jxy,3jxy_GT_B_DG_7_^_C_DT_6_^,GT,B,C,DG,DT,7,6,1.15,0.8,-2.5,26.1,25.0,22.5,15.592
3jxy,3jxy_AT_B_DA_8_^_C_DT_5_^,AT,B,C,DA,DT,8,5,1.35,0.65,-0.4,23.3,25.2,24.8,15.266
3jxy,3jxy_CG_B_DC_9_^_C_DG_4_^,CG,B,C,DC,DG,9,4,1.11,0.93,-12.0,18.2,37.4,25.4,14.849
3jxy,3jxy_GC_B_DG_10_^_C_DC_3_^,GC,B,C,DG,DC,10,3,0.8,0.99,2.2,19.2,22.6,24.8,
3jxy,3jxy_GC_B_DG_11_^_C_DC_2_^,GC,B,C,DG,DC,11,2,,,,,,,
3jxy,3jxy_GC_B_DG_12_^_C_DC_1_^,GC,B,C,DG,DC,12,1,,,,,,,
3k0s,3k0s_AT_E_DA_1_^_F_DT_30_^,AT,E,F,DA,DT,1,30,,,,,,,
3k0s,3k0s_GC_E_DG_2_^_F_DC_29_^,GC,E,F,DG,DC,2,29,,,,,,,
3k0s,3k0s_CG_E_DC_3_^_F_DG_28_^,CG,E,F,DC,DG,3,28,1.33,0.59,-5.9,26.7,39.8,33.9,13.188
3k0s,3k0s_TA_E_DT_4_^_F_DA_27_^,TA,E,F,DT,DA,4,27,0.94,0.52,55.4,22.0,-21.1,34.3,11.346
3k0s,3k0s_GC_E_DG_5_^_F_DC_26_^,GC,E,F,DG,DC,5,26,0.59,0.47,0.2,3.0,34.4,34.6,12.052
3k0s,3k0s_CG_E_DC_6_^_F_DG_25_^,CG,E,F,DC,DG,6,25,0.59,0.61,-67.0,12.3,98.7,31.7,14.415
3k0s,3k0s_CG_E_DC_7_^_F_DG_24_^,CG,E,F,DC,DG,7,24,0.52,1.89,-25.8,35.6,53.1,27.3,17.58
3k0s,3k0s_AT_E_DA_8_^_F_DT_23_^,AT,E,F,DA,DT,8,23,0.47,1.84,-26.6,50.3,42.8,16.2,21.508
3k0s,3k0s_GT_E_DG_9_^_F_DT_22_^,GT,E,F,DG,DT,9,22,0.61,1.37,-16.1,64.6,24.4,8.3,22.495
3k0s,3k0s_GC_E_DG_10_^_F_DC_21_^,GC,E,F,DG,DC,10,21,1.89,0.86,-4.0,49.9,10.3,6.3,20.013
3k0s,3k0s_CG_E_DC_11_^_F_DG_20_^,CG,E,F,DC,DG,11,20,1.84,0.91,12.4,33.1,1.4,13.8,15.291
3k0s,3k0s_AT_E_DA_12_^_F_DT_19_^,AT,E,F,DA,DT,12,19,1.37,0.73,5.3,13.7,17.2,22.5,13.204
3k0s,3k0s_CG_E_DC_13_^_F_DG_18_^,CG,E,F,DC,DG,13,18,0.86,0.49,-20.7,12.9,46.9,26.2,14.182
3k0s,3k0s_CG_E_DC_14_^_F_DG_17_^,CG,E,F,DC,DG,14,17,0.91,0.61,-17.3,21.6,44.7,27.4,14.032
3k0s,3k0s_AT_E_DA_15_^_F_DT_16_^,AT,E,F,DA,DT,15,16,0.73,0.85,0.9,21.8,29.8,30.7,
3k0s,3k0s_GC_E_DG_16_^_F_DC_15_^,GC,E,F,DG,DC,16,15,,,,,,,
3k0s,3k0s_TA_E_DT_17_^_F_DA_14_^,TA,E,F,DT,DA,17,14,,,,,,,
3lsp,3lsp_AT_B_DA_7_^_B_DT_24_^,AT,B,B,DA,DT,7,24,,,,,,,
3lsp,3lsp_GC_B_DG_8_^_B_DC_23_^,GC,B,B,DG,DC,8,23,,,,,,,
3lsp,3lsp_TA_B_DT_9_^_B_DA_22_^,TA,B,B,DT,DA,9,22,0.76,0.68,-46.1,9.5,73.9,27.8,12.907
3lsp,3lsp_GG_B_DG_10_^_B_DG_21_^,GG,B,B,DG,DG,10,21,1.01,0.76,-10.1,14.5,35.7,25.6,13.881
3lsp,3lsp_AT_B_DA_11_^_B_DT_20_^,AT,B,B,DA,DT,11,20,0.59,0.86,18.6,12.4,5.9,24.5,13.704
3lsp,3lsp_AT_B_DA_12_^_B_DT_19_^,AT,B,B,DA,DT,12,19,0.68,0.85,-29.1,13.8,53.8,24.7,14.123
3lsp,3lsp_CG_B_DC_13_^_B_DG_18_^,CG,B,B,DC,DG,13,18,0.76,0.76,-18.1,20.8,43.6,25.5,14.506
3lsp,3lsp_GT_B_DG_14_^_B_DT_17_^,GT,B,B,DG,DT,14,17,0.86,0.5,24.9,16.8,2.1,27.0,13.119
3lsp,3lsp_CT_B_DC_15_^_B_DT_16_^,CT,B,B,DC,DT,15,16,0.85,0.76,101.1,8.2,-72.0,29.1,12.203
3lsp,3lsp_TC_B_DT_16_^_B_DC_15_^,TC,B,B,DT,DC,16,15,0.76,0.85,-108.0,8.2,137.0,29.0,13.119
3lsp,3lsp_TG_B_DT_17_^_B_DG_14_^,TG,B,B,DT,DG,17,14,0.5,0.86,-33.9,16.8,60.9,27.0,14.507
3lsp,3lsp_GC_B_DG_18_^_B_DC_13_^,GC,B,B,DG,DC,18,13,0.76,0.76,7.6,20.8,17.9,25.5,14.123
3lsp,3lsp_TA_B_DT_19_^_B_DA_12_^,TA,B,B,DT,DA,19,12,0.85,0.68,17.8,13.8,6.9,24.7,13.703
3lsp,3lsp_TA_B_DT_20_^_B_DA_11_^,TA,B,B,DT,DA,20,11,0.86,0.59,-30.1,12.4,54.6,24.5,13.88
3lsp,3lsp_GG_B_DG_21_^_B_DG_10_^,GG,B,B,DG,DG,21,10,0.76,1.01,-0.3,14.5,25.9,25.6,12.907
3lsp,3lsp_AT_B_DA_22_^_B_DT_9_^,AT,B,B,DA,DT,22,9,0.68,0.76,37.9,9.5,-10.1,27.8,
3lsp,3lsp_CG_B_DC_23_^_B_DG_8_^,CG,B,B,DC,DG,23,8,,,,,,,
3lsp,3lsp_TA_B_DT_24_^_B_DA_7_^,TA,B,B,DT,DA,24,7,,,,,,,
3pov,3pov_GC_C_DG_2_^_D_DC_39_^,GC,C,D,DG,DC,2,39,,,,,,,
3pov,3pov_GC_C_DG_3_^_D_DC_38_^,GC,C,D,DG,DC,3,38,,,,,,,
3pov,3pov_GC_C_DG_4_^_D_DC_37_^,GC,C,D,DG,DC,4,37,0.51,0.53,0.1,17.3,30.4,30.5,13.721
3pov,3pov_AT_C_DA_5_^_D_DT_36_^,AT,C,D,DA,DT,5,36,0.5,0.68,-7.3,19.4,37.3,30.0,13.447
3pov,3pov_TA_C_DT_6_^_D_DA_35_^,TA,C,D,DT,DA,6,35,0.44,0.59,4.2,15.5,25.8,30.0,12.676
3pov,3pov_CG_C_DC_7_^_D_DG_34_^,CG,C,D,DC,DG,7,34,0.53,0.58,32.8,9.4,-2.7,30.1,12.315
3pov,3pov_CG_C_DC_8_^_D_DG_33_^,CG,C,D,DC,DG,8,33,0.68,0.68,-23.3,7.9,53.1,29.8,12.545
3pov,3pov_TA_C_DT_9_^_D_DA_32_^,TA,C,D,DT,DA,9,32,0.59,0.66,-18.7,13.7,48.6,29.9,12.53
3pov,3pov_CG_C_DC_10_^_D_DG_31_^,CG,C,D,DC,DG,10,31,0.58,0.82,87.4,14.4,-56.1,31.3,10.642
3pov,3pov_CG_C_DC_11_^_D_DG_30_^,CG,C,D,DC,DG,11,30,0.68,0.74,178.7,4.5,-142.0,36.7,10.452
3pov,3pov_CA_C_DC_12_^_D_DA_29_^,CA,C,D,DC,DA,12,29,0.66,0.63,-134.2,11.7,175.5,41.3,11.111
3pov,3pov_AT_C_DA_13_^_D_DT_28_^,AT,C,D,DA,DT,13,28,0.82,0.91,86.2,6.3,-45.5,40.7,10.064
3pov,3pov_GC_C_DG_14_^_D_DC_27_^,GC,C,D,DG,DC,14,27,0.74,0.5,-173.1,7.5,-146.1,40.8,9.539
3pov,3pov_TA_C_DT_15_^_D_DA_26_^,TA,C,D,DT,DA,15,26,0.63,0.55,169.8,10.3,-128.0,41.8,9.271
3pov,3pov_CG_C_DC_16_^_D_DG_25_^,CG,C,D,DC,DG,16,25,0.91,0.57,-165.3,8.2,-151.4,43.3,10.143
3pov,3pov_GC_C_DG_17_^_D_DC_24_^,GC,C,D,DG,DC,17,24,0.5,0.74,-81.2,10.4,119.7,38.5,12.783
3pov,3pov_AT_C_DA_18_^_D_DT_23_^,AT,C,D,DA,DT,18,23,0.55,0.76,-25.0,11.5,57.4,32.4,
3pov,3pov_CG_C_DC_19_^_D_DG_22_^,CG,C,D,DC,DG,19,22,,,,,,,
3pov,3pov_CG_C_DC_20_^_D_DG_21_^,CG,C,D,DC,DG,20,21,,,,,,,
3tap,3tap_CG_B_DC_19_^_C_DG_14_^,CG,B,C,DC,DG,19,14,,,,,,,
3tap,3tap_GC_B_DG_20_^_C_DC_13_^,GC,B,C,DG,DC,20,13,,,,,,,
3tap,3tap_AT_B_DA_21_^_C_DT_12_^,AT,B,C,DA,DT,21,12,0.63,0.55,6.9,5.3,25.7,32.6,10.597
3tap,3tap_TA_B_DT_22_^_C_DA_11_^,TA,B,C,DT,DA,22,11,0.68,0.57,-25.6,9.4,58.6,33.0,11.837
3tap,3tap_CG_B_DC_23_^_C_DG_10_^,CG,B,C,DC,DG,23,10,0.63,0.65,-21.3,18.1,51.7,30.4,13.628
3tap,3tap_AT_B_DA_24_^_C_DT_9_^,AT,B,C,DA,DT,24,9,0.55,0.62,-9.8,20.9,37.3,27.5,14.691
3tap,3tap_CG_B_DC_25_^_C_DG_8_^,CG,B,C,DC,DG,25,8,0.57,0.9,2.4,17.9,21.9,24.3,15.451
3tap,3tap_GC_B_DG_26_^_C_DC_7_^,GC,B,C,DG,DC,26,7,0.65,1.35,-17.7,15.8,38.7,21.0,16.38
3tap,3tap_CA_B_DC_27_^_C_DA_6_^,CA,B,C,DC,DA,27,6,0.62,1.09,-27.7,28.2,44.7,17.0,
3tap,3tap_AT_B_DA_28_^_C_DT_5_^,AT,B,C,DA,DT,28,5,,,,,,,
3tap,3tap_CG_B_DC_29_^_C_DG_4_^,CG,B,C,DC,DG,29,4,,,,,,,
3taq,3taq_GC_B_DG_19_^_C_DC_14_^,GC,B,C,DG,DC,19,14,,,,,,,
3taq,3taq_AT_B_DA_20_^_C_DT_13_^,AT,B,C,DA,DT,20,13,,,,,,,
3taq,3taq_TA_B_DT_21_^_C_DA_12_^,TA,B,C,DT,DA,21,12,0.69,0.52,-162.5,5.9,-159.1,38.4,9.613
3taq,3taq_CG_B_DC_22_^_C_DG_11_^,CG,B,C,DC,DG,22,11,0.61,0.56,-55.6,10.3,90.1,34.5,11.575
3taq,3taq_AT_B_DA_23_^_C_DT_10_^,AT,B,C,DA,DT,23,10,0.69,0.53,-26.5,17.2,57.8,31.3,13.681
3taq,3taq_CG_B_DC_24_^_C_DG_9_^,CG,B,C,DC,DG,24,9,0.52,0.88,6.8,19.0,18.9,25.7,14.568
3taq,3taq_GC_B_DG_25_^_C_DC_8_^,GC,B,C,DG,DC,25,8,0.56,0.94,-4.2,12.7,27.4,23.2,15.314
3taq,3taq_CA_B_DC_26_^_C_DA_7_^,CA,B,C,DC,DA,26,7,0.54,1.44,-27.3,17.4,46.8,19.5,16.455
3taq,3taq_AT_B_DA_27_^_C_DT_6_^,AT,B,C,DA,DT,27,6,0.88,1.12,-22.7,32.2,38.7,16.0,
3taq,3taq_CG_B_DC_28_^_C_DG_5_^,CG,B,C,DC,DG,28,5,,,,,,,
3taq,3taq_GC_B_DG_29_^_C_DC_4_^,GC,B,C,DG,DC,29,4,,,,,,,
3tar,3tar_GC_B_DG_20_^_C_DC_18_^,GC,B,C,DG,DC,20,18,,,,,,,
3tar,3tar_CG_B_DC_21_^_C_DG_17_^,CG,B,C,DC,DG,21,17,,,,,,,
3tar,3tar_GC_B_DG_22_^_C_DC_16_^,GC,B,C,DG,DC,22,16,0.95,0.72,33.7,19.5,-1.8,31.9,10.619
3tar,3tar_AT_B_DA_23_^_C_DT_15_^,AT,B,C,DA,DT,23,15,0.68,0.73,34.0,0.9,3.2,37.2,8.986
3tar,3tar_TA_B_DT_24_^_C_DA_14_^,TA,B,C,DT,DA,24,14,0.82,0.45,27.2,4.1,7.7,34.9,10.077
3tar,3tar_CG_B_DC_25_^_C_DG_13_^,CG,B,C,DC,DG,25,13,0.72,0.54,-47.6,10.6,77.9,30.3,12.355
3tar,3tar_AT_B_DA_26_^_C_DT_12_^,AT,B,C,DA,DT,26,12,0.73,0.43,-11.6,13.4,39.9,28.3,13.524
3tar,3tar_CG_B_DC_27_^_C_DG_11_^,CG,B,C,DC,DG,27,11,0.45,0.62,1.8,16.8,25.0,26.8,13.355
3tar,3tar_GC_B_DG_28_^_C_DC_10_^,GC,B,C,DG,DC,28,10,0.54,0.52,-16.5,17.1,43.2,26.7,13.717
3tar,3tar_CA_B_DC_29_^_C_DA_9_^,CA,B,C,DC,DA,29,9,0.43,0.67,-6.7,20.4,32.1,25.4,14.206
3tar,3tar_AT_B_DA_30_^_C_DT_8_^,AT,B,C,DA,DT,30,8,0.62,0.92,-0.6,17.7,24.5,23.9,15.044
3tar,3tar_CG_B_DC_31_^_C_DG_7_^,CG,B,C,DC,DG,31,7,0.52,1.4,-16.8,17.2,37.7,20.9,16.372
3tar,3tar_GC_B_DG_32_^_C_DC_6_^,GC,B,C,DG,DC,32,6,0.67,1.09,-25.8,27.0,42.1,16.3,
3tar,3tar_TA_B_DT_33_^_C_DA_5_^,TA,B,C,DT,DA,33,5,,,,,,,
3tar,3tar_CG_B_DC_34_^_C_DG_4_^,CG,B,C,DC,DG,34,4,,,,,,,
3vxv,3vxv_GC_B_DG_1_^_C_DC_13_^,GC,B,C,DG,DC,1,13,,,,,,,
3vxv,3vxv_TA_B_DT_2_^_C_DA_12_^,TA,B,C,DT,DA,2,12,,,,,,,
3vxv,3vxv_CG_B_DC_3_^_C_DG_11_^,CG,B,C,DC,DG,3,11,0.77,0.66,-10.7,27.0,37.5,26.8,14.913
3vxv,3vxv_AT_B_DA_4_^_C_DT_10_^,AT,B,C,DA,DT,4,10,0.54,0.63,-0.5,23.7,24.1,23.6,13.94
3vxv,3vxv_CG_B_DC_5_^_C_DG_9_^,CG,B,C,DC,DG,5,9,0.62,0.56,13.7,16.7,10.6,24.3,12.753
3vxv,3vxv_TA_B_DT_6_^_C_DA_8_^,TA,B,C,DT,DA,6,8,0.66,0.56,-11.3,10.3,37.7,26.4,12.751
3vxv,3vxv_AT_B_DA_7_^_C_DT_7_^,AT,B,C,DA,DT,7,7,0.63,0.57,-21.1,14.4,48.5,27.4,13.216
3vxv,3vxv_CG_B_DC_8_^_C_DG_6_^,CG,B,C,DC,DG,8,6,0.56,0.69,17.5,10.4,11.8,29.3,13.282
3vxv,3vxv_MG_B_5CM_9_^_C_DG_5_^,MG,B,C,5CM,DG,9,5,0.56,0.94,112.6,8.6,-82.3,30.3,12.743
3vxv,3vxv_GT_B_DG_10_^_C_DT_4_^,GT,B,C,DG,DT,10,4,0.57,0.84,-153.5,10.3,-176.9,29.6,13.198
3vxv,3vxv_GC_B_DG_11_^_C_DC_3_^,GC,B,C,DG,DC,11,3,0.69,1.04,-59.9,18.8,85.5,25.6,
3vxv,3vxv_AT_B_DA_12_^_C_DT_2_^,AT,B,C,DA,DT,12,2,,,,,,,
3vxv,3vxv_CG_B_DC_13_^_C_DG_1_^,CG,B,C,DC,DG,13,1,,,,,,,
3vyq,3vyq_CG_B_DC_2_^_C_DG_10_^,CG,B,C,DC,DG,2,10,,,,,,,
3vyq,3vyq_AT_B_DA_3_^_C_DT_9_^,AT,B,C,DA,DT,3,9,,,,,,,
3vyq,3vyq_TA_B_DT_4_^_C_DA_8_^,TA,B,C,DT,DA,4,8,0.67,0.88,39.2,12.7,-11.8,27.4,12.84
3vyq,3vyq_CG_B_DC_5_^_C_DG_7_^,CG,B,C,DC,DG,5,7,0.67,0.75,147.6,4.3,-119.2,28.4,12.5
3vyq,3vyq_MG_B_5CM_6_^_C_DG_6_^,MG,B,C,5CM,DG,6,6,0.73,0.59,175.5,12.9,-140.3,35.2,11.428
3vyq,3vyq_GT_B_DG_7_^_C_DT_5_^,GT,B,C,DG,DT,7,5,0.88,0.61,-134.2,7.1,171.9,37.7,11.482
3vyq,3vyq_GC_B_DG_8_^_C_DC_4_^,GC,B,C,DG,DC,8,4,0.75,0.64,-58.5,16.2,94.4,35.9,
3vyq,3vyq_TA_B_DT_9_^_C_DA_3_^,TA,B,C,DT,DA,9,3,,,,,,,
3vyq,3vyq_GC_B_DG_10_^_C_DC_2_^,GC,B,C,DG,DC,10,2,,,,,,,
3zvn,3zvn_GC_F_DG_1_^_G_DC_5_^,GC,F,G,DG,DC,1,5,,,,,,,
3zvn,3zvn_TA_F_DT_2_^_G_DA_4_^,TA,F,G,DT,DA,2,4,,,,,,,
3zvn,3zvn_CC_F_DC_3_^_G_DC_3_^,CC,F,G,DC,DC,3,3,0.61,0.6,18.0,16.9,19.7,37.7,17.567
3zvn,3zvn_AT_F_DA_4_^_G_DT_2_^,AT,F,G,DA,DT,4,2,0.81,6.5,42.2,177.5,121.6,163.8,21.619
3zvn,3zvn_CG_F_DC_5_^_G_DG_1_^,CG,F,G,DC,DG,5,1,0.84,1.07,92.9,19.3,168.0,260.9,21.355
3zvn,3zvn_GC_F_DG_1_^_G_DC_3_^,GC,F,G,DG,DC,1,3,0.6,1.11,46.1,5.6,-154.2,-108.1,22.159
3zvn,3zvn_TT_F_DT_2_^_G_DT_2_^,TT,F,G,DT,DT,2,2,6.5,4.36,137.2,158.0,126.8,264.0,20.94
3zvn,3zvn_CG_F_DC_3_^_G_DG_1_^,CG,F,G,DC,DG,3,1,1.07,0.75,-21.5,64.8,84.9,63.4,
3zvn,3zvn_AT_F_DA_4_^_G_DT_2_^,AT,F,G,DA,DT,4,2,,,,,,,
3zvn,3zvn_CG_F_DC_5_^_G_DG_1_^,CG,F,G,DC,DG,5,1,,,,,,,
4fj8,4fj8_GC_P_DG_103_^_T_DC_17_^,GC,P,T,DG,DC,103,17,,,,,,,
4fj8,4fj8_CG_P_DC_104_^_T_DG_16_^,CG,P,T,DC,DG,104,16,,,,,,,
4fj8,4fj8_GC_P_DG_105_^_T_DC_15_^,GC,P,T,DG,DC,105,15,0.61,0.51,-17.1,19.1,46.8,29.7,13.347
4fj8,4fj8_GC_P_DG_106_^_T_DC_14_^,GC,P,T,DG,DC,106,14,0.55,0.7,-21.4,28.3,50.3,28.9,14.204
4fj8,4fj8_AT_P_DA_107_^_T_DT_13_^,AT,P,T,DA,DT,107,13,0.6,0.64,5.3,32.9,23.8,29.1,13.281
4fj8,4fj8_CG_P_DC_108_^_T_DG_12_^,CG,P,T,DC,DG,108,12,0.51,0.61,0.1,28.8,28.9,29.0,13.041
4fj8,4fj8_TA_P_DT_109_^_T_DA_11_^,TA,P,T,DT,DA,109,11,0.7,0.77,-8.1,24.1,34.7,26.6,13.399
4fj8,4fj8_GC_P_DG_110_^_T_DC_10_^,GC,P,T,DG,DC,110,10,0.64,0.85,7.4,20.2,16.7,24.1,13.713
4fj8,4fj8_GT_P_DG_111_^_T_DT_9_^,GT,P,T,DG,DT,111,9,0.61,0.77,12.5,10.2,8.0,20.5,13.598
4fj8,4fj8_TA_P_DT_112_^_T_DA_8_^,TA,P,T,DT,DA,112,8,0.77,0.74,-12.8,5.0,35.9,23.1,13.169
4fj8,4fj8_TA_P_DT_113_^_T_DA_7_^,TA,P,T,DT,DA,113,7,0.85,0.95,-29.7,10.3,56.9,27.2,
4fj8,4fj8_AT_P_DA_114_^_T_DT_6_^,AT,P,T,DA,DT,114,6,,,,,,,
4fj8,4fj8_CG_P_DOC_115_^_T_DG_5_^,CG,P,T,DOC,DG,115,5,,,,,,,
4izz,4izz_GC_C_DG_-10_^_D_DC_10_^,GC,C,D,DG,DC,-10,10,,,,,,,
4izz,4izz_TA_C_DT_-9_^_D_DA_9_^,TA,C,D,DT,DA,-9,9,,,,,,,
4izz,4izz_GC_C_DG_-8_^_D_DC_8_^,GC,C,D,DG,DC,-8,8,0.66,0.97,-0.5,19.8,28.5,28.0,14.383
4izz,4izz_AT_C_DA_-7_^_D_DT_7_^,AT,C,D,DA,DT,-7,7,0.46,1.26,-8.7,19.7,33.7,25.0,15.059
4izz,4izz_GC_C_DG_-6_^_D_DC_6_^,GC,C,D,DG,DC,-6,6,0.61,1.32,1.0,17.5,18.8,19.8,15.182
4izz,4izz_GC_C_DG_-5_^_D_DC_5_^,GC,C,D,DG,DC,-5,5,0.97,1.58,-16.9,21.6,30.2,13.3,15.492
4izz,4izz_GC_C_DG_-4_^_D_DC_4_^,GC,C,D,DG,DC,-4,4,1.26,1.1,-16.5,22.8,25.8,9.3,15.371
4izz,4izz_GC_C_DG_-3_^_D_DC_3_^,GC,C,D,DG,DC,-3,3,1.32,0.55,-0.0,27.4,14.8,14.8,14.627
4izz,4izz_TA_C_DT_-2_^_D_DA_2_^,TA,C,D,DT,DA,-2,2,1.59,0.52,24.3,15.6,-0.1,24.2,12.685
4izz,4izz_TA_C_DT_-1_^_D_DA_1_^,TA,C,D,DT,DA,-1,1,1.1,0.52,4.6,12.4,26.1,30.7,11.828
4izz,4izz_AA_C_DA_0_^_D_DA_0_^,AA,C,D,DA,DA,0,0,0.55,0.5,4.6,4.1,27.9,32.5,11.984
4izz,4izz_AT_C_DA_1_^_D_DT_-1_^,AT,C,D,DA,DT,1,-1,0.52,1.07,-13.1,12.1,44.1,31.0,13.123
4izz,4izz_AT_C_DA_2_^_D_DT_-2_^,AT,C,D,DA,DT,2,-2,0.52,1.52,-36.6,13.3,61.7,25.1,14.996
4izz,4izz_CG_C_DC_3_^_D_DG_-3_^,CG,C,D,DC,DG,3,-3,0.5,1.24,-19.7,27.5,36.0,16.3,15.59
4izz,4izz_CG_C_DC_4_^_D_DG_-4_^,CG,C,D,DC,DG,4,-4,1.07,1.2,-8.5,23.6,20.5,12.0,15.429
4izz,4izz_CG_C_DC_5_^_D_DG_-5_^,CG,C,D,DC,DG,5,-5,1.52,0.98,17.2,18.4,-2.6,14.6,14.665
4izz,4izz_CG_C_DC_6_^_D_DG_-6_^,CG,C,D,DC,DG,6,-6,1.24,0.67,-26.3,14.4,44.7,18.4,14.794
4izz,4izz_TA_C_DT_7_^_D_DA_-7_^,TA,C,D,DT,DA,7,-7,1.2,0.77,-24.2,25.8,44.7,20.5,15.105
4izz,4izz_CG_C_DC_8_^_D_DG_-8_^,CG,C,D,DC,DG,8,-8,0.98,0.94,4.8,30.5,20.5,25.3,
4izz,4izz_AT_C_DA_9_^_D_DT_-9_^,AT,C,D,DA,DT,9,-9,,,,,,,
4izz,4izz_CG_C_DC_10_^_D_DG_-10_^,CG,C,D,DC,DG,10,-10,,,,,,,
4j00,4j00_GC_C_DG_2_^_D_DC_24_^,GC,C,D,DG,DC,2,24,,,,,,,
4j00,4j00_GC_C_DG_3_^_D_DC_23_^,GC,C,D,DG,DC,3,23,,,,,,,
4j00,4j00_TA_C_DT_4_^_D_DA_22_^,TA,C,D,DT,DA,4,22,3.39,0.79,-102.2,10.8,111.8,9.6,13.669
4j00,4j00_GC_C_DG_5_^_D_DC_21_^,GC,C,D,DG,DC,5,21,1.33,1.13,0.7,17.1,27.1,27.8,14.05
4j00,4j00_AT_C_DA_6_^_D_DT_20_^,AT,C,D,DA,DT,6,20,0.62,1.29,-18.9,22.9,44.3,25.4,15.618
4j00,4j00_GC_C_DG_7_^_D_DC_19_^,GC,C,D,DG,DC,7,19,0.79,1.53,18.4,16.6,1.3,19.7,15.84
4j00,4j00_GC_C_DG_8_^_D_DC_18_^,GC,C,D,DG,DC,8,18,1.13,1.77,-12.0,23.5,23.8,11.8,15.614
4j00,4j00_GC_C_DG_9_^_D_DC_17_^,GC,C,D,DG,DC,9,17,1.29,1.12,-28.9,22.0,35.7,6.8,15.673
4j00,4j00_GC_C_DG_10_^_D_DC_16_^,GC,C,D,DG,DC,10,16,1.53,0.75,-2.6,36.0,13.2,10.6,14.974
4j00,4j00_TA_C_DT_11_^_D_DA_15_^,TA,C,D,DT,DA,11,15,1.77,0.89,35.4,17.0,-12.2,23.2,13.11
4j00,4j00_TA_C_DT_12_^_D_DA_14_^,TA,C,D,DT,DA,12,14,1.12,0.88,27.4,9.8,5.6,33.0,12.326
4j00,4j00_AA_C_DA_13_^_D_DA_13_^,AA,C,D,DA,DA,13,13,0.75,0.99,-47.9,9.7,80.6,32.7,11.935
4j00,4j00_AT_C_DA_14_^_D_DT_12_^,AT,C,D,DA,DT,14,12,0.89,1.28,8.8,15.8,20.2,29.0,13.366
4j00,4j00_AT_C_DA_15_^_D_DT_11_^,AT,C,D,DA,DT,15,11,0.88,1.48,-19.9,20.4,43.4,23.5,15.567
4j00,4j00_CG_C_DC_16_^_D_DG_10_^,CG,C,D,DC,DG,16,10,0.99,1.31,-20.7,19.9,39.0,18.3,16.368
4j00,4j00_CG_C_DC_17_^_D_DG_9_^,CG,C,D,DC,DG,17,9,1.28,1.51,-17.9,32.6,30.1,12.2,17.781
4j00,4j00_CG_C_DC_18_^_D_DG_8_^,CG,C,D,DC,DG,18,8,1.48,3.43,-1.8,27.0,28.1,26.3,18.507
4j00,4j00_CG_C_DC_19_^_D_DG_7_^,CG,C,D,DC,DG,19,7,1.31,1.03,24.1,26.0,27.2,51.3,18.644
4j00,4j00_CG_C_DC_21_^_D_DG_5_^,CG,C,D,DC,DG,21,5,1.51,1.44,-19.3,35.6,77.1,57.8,18.995
4j00,4j00_AT_C_DA_22_^_D_DT_4_^,AT,C,D,DA,DT,22,4,3.43,1.61,8.8,24.8,33.2,42.0,
4j00,4j00_CG_C_DC_23_^_D_DG_3_^,CG,C,D,DC,DG,23,3,,,,,,,
4j00,4j00_CG_C_DC_24_^_D_DG_2_^,CG,C,D,DC,DG,24,2,,,,,,,
4m3u,4m3u_GC_P_DG_103_^_T_DC_17_^,GC,P,T,DG,DC,103,17,,,,,,,
4m3u,4m3u_CG_P_DC_104_^_T_DG_16_^,CG,P,T,DC,DG,104,16,,,,,,,
4m3u,4m3u_GC_P_DG_105_^_T_DC_15_^,GC,P,T,DG,DC,105,15,0.77,0.58,3.9,25.8,27.2,31.1,13.427
4m3u,4m3u_GC_P_DG_106_^_T_DC_14_^,GC,P,T,DG,DC,106,14,0.74,0.71,-16.5,22.6,48.1,31.6,13.362
4m3u,4m3u_AT_P_DA_107_^_T_DT_13_^,AT,P,T,DA,DT,107,13,0.71,0.66,-1.4,27.1,31.6,30.2,13.596
4m3u,4m3u_CG_P_DC_108_^_T_DG_12_^,CG,P,T,DC,DG,108,12,0.58,0.53,4.8,19.6,25.1,29.9,13.618
4m3u,4m3u_TA_P_DT_109_^_T_DA_11_^,TA,P,T,DT,DA,109,11,0.71,0.55,2.7,13.3,30.0,32.7,12.986
4m3u,4m3u_GC_P_DG_110_^_T_DC_10_^,GC,P,T,DG,DC,110,10,0.66,0.6,-11.3,11.3,45.5,34.2,13.263
4m3u,4m3u_CG_P_DC_111_^_T_DG_9_^,CG,P,T,DC,DG,111,9,0.53,0.82,-2.4,11.5,32.0,29.6,13.605
4m3u,4m3u_TA_P_DT_112_^_T_DA_8_^,TA,P,T,DT,DA,112,8,0.55,0.72,6.1,9.5,20.5,26.6,13.117
4m3u,4m3u_TG_P_DT_113_^_T_DG_7_^,TG,P,T,DT,DG,113,7,0.6,1.01,-19.2,11.1,46.7,27.5,
4m3u,4m3u_AT_P_DA_114_^_T_DT_6_^,AT,P,T,DA,DT,114,6,0.82,1.66,-23.7,20.7,47.1,23.4,
4m3u,4m3u_CG_P_DC_115_^_T_DG_5_^,CG,P,T,DC,DG,115,5,,,,,,,
4m3u,4m3u_PT_P_ATP_1001_^_T_DT_4_^,PT,P,T,ATP,DT,1001,4,,,,,,,
4m3w,4m3w_GC_P_DG_103_^_T_DC_17_^,GC,P,T,DG,DC,103,17,,,,,,,
4m3w,4m3w_CG_P_DC_104_^_T_DG_16_^,CG,P,T,DC,DG,104,16,,,,,,,
4m3w,4m3w_GC_P_DG_105_^_T_DC_15_^,GC,P,T,DG,DC,105,15,0.83,0.76,6.1,21.3,24.6,30.7,13.255
4m3w,4m3w_GC_P_DG_106_^_T_DC_14_^,GC,P,T,DG,DC,106,14,0.62,0.77,-7.3,18.7,43.2,35.9,13.066
4m3w,4m3w_AT_P_DA_107_^_T_DT_13_^,AT,P,T,DA,DT,107,13,0.67,0.75,-10.2,26.1,46.1,35.9,13.096
4m3w,4m3w_CG_P_DC_108_^_T_DG_12_^,CG,P,T,DC,DG,108,12,0.76,0.5,15.8,19.5,16.8,32.6,13.078
4m3w,4m3w_TA_P_DT_109_^_T_DA_11_^,TA,P,T,DT,DA,109,11,0.77,0.53,7.9,14.8,24.2,32.1,12.757
4m3w,4m3w_AT_P_DA_110_^_T_DT_10_^,AT,P,T,DA,DT,110,10,0.75,0.77,-38.0,11.2,70.0,32.0,13.299
4m3w,4m3w_CG_P_DC_111_^_T_DG_9_^,CG,P,T,DC,DG,111,9,0.5,0.8,11.4,12.6,15.7,27.1,13.613
4m3w,4m3w_TG_P_DT_112_^_T_DG_8_^,TG,P,T,DT,DG,112,8,0.53,0.67,7.3,7.8,17.6,24.9,13.134
4m3w,4m3w_TA_P_DT_113_^_T_DA_7_^,TA,P,T,DT,DA,113,7,0.77,1.03,-32.2,9.3,58.8,26.6,
4m3w,4m3w_AT_P_DA_114_^_T_DT_6_^,AT,P,T,DA,DT,114,6,0.8,1.67,-23.5,20.2,46.3,22.8,
4m3w,4m3w_CG_P_DC_115_^_T_DG_5_^,CG,P,T,DC,DG,115,5,,,,,,,
4m3w,4m3w_PT_P_ATP_1001_^_T_DT_4_^,PT,P,T,ATP,DT,1001,4,,,,,,,
4m3x,4m3x_GC_P_DG_103_^_T_DC_17_^,GC,P,T,DG,DC,103,17,,,,,,,
4m3x,4m3x_CG_P_DC_104_^_T_DG_16_^,CG,P,T,DC,DG,104,16,,,,,,,
4m3x,4m3x_GC_P_DG_105_^_T_DC_15_^,GC,P,T,DG,DC,105,15,0.56,0.53,-22.4,14.9,53.4,31.0,13.27
4m3x,4m3x_GC_P_DG_106_^_T_DC_14_^,GC,P,T,DG,DC,106,14,0.6,0.68,-26.5,29.1,56.2,29.7,14.254
4m3x,4m3x_AT_P_DA_107_^_T_DT_13_^,AT,P,T,DA,DT,107,13,0.63,0.66,7.0,35.2,22.0,29.0,13.359
4m3x,4m3x_CG_P_DC_108_^_T_DG_12_^,CG,P,T,DC,DG,108,12,0.53,0.6,3.5,27.9,25.1,28.6,12.945
4m3x,4m3x_TA_P_DT_109_^_T_DA_11_^,TA,P,T,DT,DA,109,11,0.68,0.84,-10.4,21.2,37.1,26.7,12.786
4m3x,4m3x_GC_P_DG_110_^_T_DC_10_^,GC,P,T,DG,DC,110,10,0.66,0.84,2.7,19.9,22.7,25.4,13.115
4m3x,4m3x_TG_P_DT_111_^_T_DG_9_^,TG,P,T,DT,DG,111,9,0.61,0.96,5.4,12.3,16.5,21.9,13.402
4m3x,4m3x_TA_P_DT_112_^_T_DA_8_^,TA,P,T,DT,DA,112,8,0.84,0.85,34.4,4.7,-10.8,23.6,12.857
4m3x,4m3x_TA_P_DT_113_^_T_DA_7_^,TA,P,T,DT,DA,113,7,0.84,0.99,-38.4,8.6,64.9,26.5,
4m3x,4m3x_AT_P_DA_114_^_T_DT_6_^,AT,P,T,DA,DT,114,6,0.96,1.64,-31.1,18.7,53.8,22.7,
4m3x,4m3x_CG_P_DC_115_^_T_DG_5_^,CG,P,T,DC,DG,115,5,,,,,,,
4m3x,4m3x_PT_P_ATP_1001_^_T_DT_4_^,PT,P,T,ATP,DT,1001,4,,,,,,,
4m41,4m41_GC_P_DG_103_^_T_DC_17_^,GC,P,T,DG,DC,103,17,,,,,,,
4m41,4m41_CG_P_DC_104_^_T_DG_16_^,CG,P,T,DC,DG,104,16,,,,,,,
4m41,4m41_GC_P_DG_105_^_T_DC_15_^,GC,P,T,DG,DC,105,15,0.77,0.46,-6.1,22.7,36.0,29.9,13.974
4m41,4m41_GC_P_DG_106_^_T_DC_14_^,GC,P,T,DG,DC,106,14,0.67,0.7,-10.8,25.7,42.9,32.1,13.89
4m41,4m41_AT_P_DA_107_^_T_DT_13_^,AT,P,T,DA,DT,107,13,0.63,0.65,9.9,28.1,22.1,32.0,13.068
4m41,4m41_CG_P_DC_108_^_T_DG_12_^,CG,P,T,DC,DG,108,12,0.46,0.56,2.1,21.4,29.9,32.0,12.85
4m41,4m41_TA_P_DT_109_^_T_DA_11_^,TA,P,T,DT,DA,109,11,0.7,0.55,-5.9,18.8,36.9,31.0,13.167
4m41,4m41_GC_P_DG_110_^_T_DC_10_^,GC,P,T,DG,DC,110,10,0.65,0.71,6.4,15.3,22.6,29.0,13.673
4m41,4m41_CG_P_DC_111_^_T_DG_9_^,CG,P,T,DC,DG,111,9,0.56,0.98,-4.6,11.7,28.0,23.4,13.786
4m41,4m41_TA_P_DT_112_^_T_DA_8_^,TA,P,T,DT,DA,112,8,0.55,0.84,9.6,6.0,13.1,22.7,13.095
4m41,4m41_GT_P_DG_113_^_T_DT_7_^,GT,P,T,DG,DT,113,7,0.71,1.03,-20.6,10.7,45.6,25.0,
4m41,4m41_AT_P_DA_114_^_T_DT_6_^,AT,P,T,DA,DT,114,6,0.98,1.68,-29.6,20.3,51.4,21.8,
4m41,4m41_CG_P_DC_115_^_T_DG_5_^,CG,P,T,DC,DG,115,5,,,,,,,
4m41,4m41_PT_P_ATP_1001_^_T_DT_4_^,PT,P,T,ATP,DT,1001,4,,,,,,,
4m42,4m42_GC_P_DG_103_^_T_DC_17_^,GC,P,T,DG,DC,103,17,,,,,,,
4m42,4m42_CG_P_DC_104_^_T_DG_16_^,CG,P,T,DC,DG,104,16,,,,,,,
4m42,4m42_GC_P_DG_105_^_T_DC_15_^,GC,P,T,DG,DC,105,15,0.84,0.68,4.0,21.5,28.3,32.3,13.324
4m42,4m42_GC_P_DG_106_^_T_DC_14_^,GC,P,T,DG,DC,106,14,0.6,0.74,-9.9,19.8,45.2,35.3,13.253
4m42,4m42_AT_P_DA_107_^_T_DT_13_^,AT,P,T,DA,DT,107,13,0.55,0.63,-3.4,25.1,38.0,34.6,13.4
4m42,4m42_CG_P_DC_108_^_T_DG_12_^,CG,P,T,DC,DG,108,12,0.68,0.52,9.5,19.6,23.3,32.8,13.294
4m42,4m42_TA_P_DT_109_^_T_DA_11_^,TA,P,T,DT,DA,109,11,0.74,0.51,8.7,14.8,25.0,33.7,12.955
4m42,4m42_GC_P_DG_110_^_T_DC_10_^,GC,P,T,DG,DC,110,10,0.63,0.65,-17.7,10.1,52.4,34.7,13.583
4m42,4m42_CG_P_DC_111_^_T_DG_9_^,CG,P,T,DC,DG,111,9,0.52,0.86,3.1,11.2,26.2,29.3,13.906
4m42,4m42_GT_P_DG_112_^_T_DT_8_^,GT,P,T,DG,DT,112,8,0.51,0.72,0.6,9.7,24.9,25.5,13.281
4m42,4m42_TA_P_DT_113_^_T_DA_7_^,TA,P,T,DT,DA,113,7,0.65,1.02,-17.9,11.4,44.1,26.2,
4m42,4m42_AT_P_DA_114_^_T_DT_6_^,AT,P,T,DA,DT,114,6,0.86,1.67,-21.5,21.4,43.8,22.3,
4m42,4m42_CG_P_DC_115_^_T_DG_5_^,CG,P,T,DC,DG,115,5,,,,,,,
4m42,4m42_PT_P_ATP_1001_^_T_DT_4_^,PT,P,T,ATP,DT,1001,4,,,,,,,
4m45,4m45_GC_P_DG_103_^_T_DC_17_^,GC,P,T,DG,DC,103,17,,,,,,,
4m45,4m45_CG_P_DC_104_^_T_DG_16_^,CG,P,T,DC,DG,104,16,,,,,,,
4m45,4m45_GC_P_DG_105_^_T_DC_15_^,GC,P,T,DG,DC,105,15,0.56,0.49,-21.6,18.7,51.2,29.6,13.495
4m45,4m45_GC_P_DG_106_^_T_DC_14_^,GC,P,T,DG,DC,106,14,0.51,0.69,-21.1,29.7,50.0,28.9,14.424
4m45,4m45_AT_P_DA_107_^_T_DT_13_^,AT,P,T,DA,DT,107,13,0.62,0.66,5.1,34.1,23.7,28.8,13.46
4m45,4m45_CG_P_DC_108_^_T_DG_12_^,CG,P,T,DC,DG,108,12,0.49,0.64,1.7,29.1,27.0,28.7,13.028
4m45,4m45_TA_P_DT_109_^_T_DA_11_^,TA,P,T,DT,DA,109,11,0.69,0.8,-8.4,23.9,34.7,26.3,13.434
4m45,4m45_GC_P_DG_110_^_T_DC_10_^,GC,P,T,DG,DC,110,10,0.66,0.88,4.1,20.6,19.6,23.7,13.765
4m45,4m45_GT_P_DG_111_^_T_DT_9_^,GT,P,T,DG,DT,111,9,0.64,0.75,14.1,10.9,5.8,19.9,13.623
4m45,4m45_TA_P_DT_112_^_T_DA_8_^,TA,P,T,DT,DA,112,8,0.8,0.71,-9.7,5.4,32.2,22.5,13.072
4m45,4m45_TA_P_DT_113_^_T_DA_7_^,TA,P,T,DT,DA,113,7,0.89,1.02,-30.7,10.6,57.7,27.0,
4m45,4m45_AT_P_DA_114_^_T_DT_6_^,AT,P,T,DA,DT,114,6,0.75,1.67,-21.5,21.3,44.9,23.4,
4m45,4m45_CG_P_DC_115_^_T_DG_5_^,CG,P,T,DC,DG,115,5,,,,,,,
4m45,4m45_PT_P_ATP_1001_^_T_DT_4_^,PT,P,T,ATP,DT,1001,4,,,,,,,
4osq,4osq_TA_I_DT_-2_^_J_DA_2_^,TA,I,J,DT,DA,-2,2,,,,,,,
4osq,4osq_GC_I_DG_-1_^_J_DC_1_^,GC,I,J,DG,DC,-1,1,,,,,,,
4osq,4osq_TA_I_DT_0_^_J_DA_0_^,TA,I,J,DT,DA,0,0,0.47,0.57,-3.1,30.1,28.2,25.1,13.847
4osq,4osq_CG_I_DC_1_^_J_DG_-1_^,CG,I,J,DC,DG,1,-1,0.69,0.64,8.4,24.3,18.0,26.4,12.824
4osq,4osq_CG_I_DC_2_^_J_DG_-2_^,CG,I,J,DC,DG,2,-2,0.64,0.6,20.5,14.6,7.9,28.4,12.757
4osq,4osq_CG_I_DC_3_^_J_DG_-3_^,CG,I,J,DC,DG,3,-3,0.57,0.58,-12.3,9.0,38.9,26.6,13.77
4osq,4osq_TA_I_DT_4_^_J_DA_-4_^,TA,I,J,DT,DA,4,-4,0.64,0.5,-22.3,16.3,46.6,24.3,13.982
4osq,4osq_TA_I_DT_5_^_J_DA_-5_^,TA,I,J,DT,DA,5,-5,0.6,0.67,11.4,16.3,12.8,24.2,13.085
4osq,4osq_TA_I_DT_6_^_J_DA_-6_^,TA,I,J,DT,DA,6,-6,0.58,0.73,14.8,12.8,10.0,24.8,12.114
4osq,4osq_GT_I_DG_7_^_J_DT_-7_^,GT,I,J,DG,DT,7,-7,0.5,0.66,-20.8,10.3,45.8,25.0,12.057
4osq,4osq_TA_I_DT_8_^_J_DA_-8_^,TA,I,J,DT,DA,8,-8,0.67,0.67,4.7,12.0,20.8,25.5,11.785
4osq,4osq_CG_I_DC_9_^_J_DG_-9_^,CG,I,J,DC,DG,9,-9,0.73,0.63,18.5,9.5,8.7,27.2,11.385
4osq,4osq_TA_I_DT_10_^_J_DA_-10_^,TA,I,J,DT,DA,10,-10,0.66,0.61,93.2,3.6,-63.2,30.0,10.655
4osq,4osq_CG_I_DC_11_^_J_DG_-11_^,CG,I,J,DC,DG,11,-11,0.67,0.44,-177.8,3.8,-149.9,32.3,10.775
4osq,4osq_TA_I_DT_12_^_J_DA_-12_^,TA,I,J,DT,DA,12,-12,0.63,1.18,-61.0,17.7,91.4,30.4,
4osq,4osq_CG_I_DC_13_^_J_DG_-13_^,CG,I,J,DC,DG,13,-13,,,,,,,
4osq,4osq_TA_I_DT_14_^_J_DA_-14_^,TA,I,J,DT,DA,14,-14,,,,,,,
4osr,4osr_TA_I_DT_-2_^_J_DA_2_^,TA,I,J,DT,DA,-2,2,,,,,,,
4osr,4osr_GC_I_DG_-1_^_J_DC_1_^,GC,I,J,DG,DC,-1,1,,,,,,,
4osr,4osr_TA_I_DT_0_^_J_DA_0_^,TA,I,J,DT,DA,0,0,0.48,0.56,-5.8,27.8,30.5,24.7,13.863
4osr,4osr_CG_I_DC_1_^_J_DG_-1_^,CG,I,J,DC,DG,1,-1,0.7,0.61,10.3,24.3,15.2,25.5,12.858
4osr,4osr_CG_I_DC_2_^_J_DG_-2_^,CG,I,J,DC,DG,2,-2,0.66,0.57,13.1,14.5,15.2,28.3,12.803
4osr,4osr_CG_I_DC_3_^_J_DG_-3_^,CG,I,J,DC,DG,3,-3,0.56,0.61,-12.8,10.8,40.1,27.3,13.554
4osr,4osr_TA_I_DT_4_^_J_DA_-4_^,TA,I,J,DT,DA,4,-4,0.61,0.58,-15.5,16.4,41.4,25.9,13.632
4osr,4osr_TA_I_DT_5_^_J_DA_-5_^,TA,I,J,DT,DA,5,-5,0.57,0.75,13.8,14.1,11.1,24.9,12.867
4osr,4osr_TA_I_DT_6_^_J_DA_-6_^,TA,I,J,DT,DA,6,-6,0.61,0.69,-4.6,14.4,28.9,24.3,12.522
4osr,4osr_GT_I_DG_7_^_J_DT_-7_^,GT,I,J,DG,DT,7,-7,0.58,0.67,-17.0,13.6,41.5,24.5,12.488
4osr,4osr_TA_I_DT_8_^_J_DA_-8_^,TA,I,J,DT,DA,8,-8,0.75,0.67,23.0,13.7,2.6,25.6,11.977
4osr,4osr_CG_I_DC_9_^_J_DG_-9_^,CG,I,J,DC,DG,9,-9,0.69,0.64,22.3,5.5,4.6,26.9,12.105
4osr,4osr_TA_I_DT_10_^_J_DA_-10_^,TA,I,J,DT,DA,10,-10,0.67,0.71,-13.1,1.5,41.4,28.3,11.375
4osr,4osr_CG_I_DC_11_^_J_DG_-11_^,CG,I,J,DC,DG,11,-11,0.67,0.49,78.5,0.6,-47.0,31.5,10.859
4osr,4osr_TA_I_DT_12_^_J_DA_-12_^,TA,I,J,DT,DA,12,-12,0.64,1.23,-53.4,14.4,84.4,31.0,
4osr,4osr_CG_I_DC_13_^_J_DG_-13_^,CG,I,J,DC,DG,13,-13,,,,,,,
4osr,4osr_TA_I_DT_14_^_J_DA_-14_^,TA,I,J,DT,DA,14,-14,,,,,,,
4r22,4r22_GC_G_DG_1_^_G_DC_19_^,GC,G,G,DG,DC,1,19,,,,,,,
4r22,4r22_TA_G_DT_2_^_G_DA_18_^,TA,G,G,DT,DA,2,18,,,,,,,
4r22,4r22_GC_G_DG_3_^_G_DC_17_^,GC,G,G,DG,DC,3,17,1.07,0.62,4.6,20.2,18.1,22.7,14.027
4r22,4r22_TA_G_DT_4_^_G_DA_16_^,TA,G,G,DT,DA,4,16,0.66,0.69,5.7,18.5,20.9,26.6,13.78
4r22,4r22_AG_G_DA_5_^_G_DG_15_^,AG,G,G,DA,DG,5,15,0.48,0.67,-25.9,22.1,50.8,24.9,15.406
4r22,4r22_AT_G_DA_6_^_G_DT_14_^,AT,G,G,DA,DT,6,14,0.62,0.71,-11.0,27.7,32.6,21.6,15.479
4r22,4r22_GC_G_DG_7_^_G_DC_13_^,GC,G,G,DG,DC,7,13,0.69,0.51,26.4,19.3,-4.9,21.5,13.282
4r22,4r22_GT_G_DG_8_^_G_DT_12_^,GT,G,G,DG,DT,8,12,0.67,0.65,24.9,5.7,2.7,27.6,11.784
4r22,4r22_AT_G_DA_9_^_G_DT_11_^,AT,G,G,DA,DT,9,11,0.71,0.65,-176.3,2.4,-150.6,33.1,10.649
4r22,4r22_AA_G_DA_10_^_G_DA_10_^,AA,G,G,DA,DA,10,10,0.51,0.51,-0.7,3.4,35.3,34.6,10.649
4r22,4r22_TA_G_DT_11_^_G_DA_9_^,TA,G,G,DT,DA,11,9,0.65,0.71,173.4,2.4,-140.3,33.1,11.784
4r22,4r22_TG_G_DT_12_^_G_DG_8_^,TG,G,G,DT,DG,12,8,0.65,0.67,-33.3,5.7,60.9,27.6,13.282
4r22,4r22_CG_G_DC_13_^_G_DG_7_^,CG,G,G,DC,DG,13,7,0.51,0.69,-40.9,19.3,62.4,21.5,15.479
4r22,4r22_TA_G_DT_14_^_G_DA_6_^,TA,G,G,DT,DA,14,6,0.71,0.62,-3.4,27.7,25.0,21.6,15.406
4r22,4r22_GA_G_DG_15_^_G_DA_5_^,GA,G,G,DG,DA,15,5,0.67,0.48,14.8,22.1,10.1,24.9,13.781
4r22,4r22_AT_G_DA_16_^_G_DT_4_^,AT,G,G,DA,DT,16,4,0.69,0.66,-15.1,18.5,41.7,26.6,14.027
4r22,4r22_CG_G_DC_17_^_G_DG_3_^,CG,G,G,DC,DG,17,3,0.62,1.07,-17.9,20.2,40.6,22.7,
4r22,4r22_AT_G_DA_18_^_G_DT_2_^,AT,G,G,DA,DT,18,2,,,,,,,
4r22,4r22_CG_G_DC_19_^_G_DG_1_^,CG,G,G,DC,DG,19,1,,,,,,,
4r24,4r24_CG_G_DC_0_^_G_DG_20_^,CG,G,G,DC,DG,0,20,,,,,,,
4r24,4r24_GC_G_DG_1_^_G_DC_19_^,GC,G,G,DG,DC,1,19,,,,,,,
4r24,4r24_TA_G_DT_2_^_G_DA_18_^,TA,G,G,DT,DA,2,18,1.77,0.52,3.8,29.5,11.4,15.2,14.652
4r24,4r24_GC_G_DG_3_^_G_DC_17_^,GC,G,G,DG,DC,3,17,1.01,0.56,-1.2,16.5,23.6,22.4,13.483
4r24,4r24_TA_G_DT_4_^_G_DA_16_^,TA,G,G,DT,DA,4,16,0.73,0.76,-0.1,19.5,27.0,26.9,13.772
4r24,4r24_AG_G_DA_5_^_G_DG_15_^,AG,G,G,DA,DG,5,15,0.52,0.83,-24.0,23.2,48.8,24.8,15.426
4r24,4r24_AT_G_DA_6_^_G_DT_14_^,AT,G,G,DA,DT,6,14,0.56,0.55,-0.1,23.6,22.8,22.7,15.388
4r24,4r24_GC_G_DG_7_^_G_DC_13_^,GC,G,G,DG,DC,7,13,0.76,0.48,20.7,16.8,3.8,24.5,14.177
4r24,4r24_GT_G_DG_8_^_G_DT_12_^,GT,G,G,DG,DT,8,12,0.83,3.14,35.9,4.7,11.8,47.7,13.373
4r24,4r24_AT_G_DA_9_^_G_DT_11_^,AT,G,G,DA,DT,9,11,0.55,0.48,19.0,3.5,49.0,68.0,12.876
4r24,4r24_TA_G_DT_11_^_G_DA_9_^,TA,G,G,DT,DA,11,9,0.48,0.55,12.9,3.5,55.1,68.0,13.374
4r24,4r24_TG_G_DT_12_^_G_DG_8_^,TG,G,G,DT,DG,12,8,3.14,0.83,-24.2,4.7,71.9,47.7,14.177
4r24,4r24_CG_G_DC_13_^_G_DG_7_^,CG,G,G,DC,DG,13,7,0.48,0.76,-32.2,16.8,56.7,24.5,15.388
4r24,4r24_TA_G_DT_14_^_G_DA_6_^,TA,G,G,DT,DA,14,6,0.55,0.55,-13.2,23.6,35.9,22.7,15.426
4r24,4r24_GA_G_DG_15_^_G_DA_5_^,GA,G,G,DG,DA,15,5,0.83,0.52,12.8,23.2,12.0,24.8,13.771
4r24,4r24_AT_G_DA_16_^_G_DT_4_^,AT,G,G,DA,DT,16,4,0.76,0.73,-9.0,19.5,35.9,26.9,13.483
4r24,4r24_CG_G_DC_17_^_G_DG_3_^,CG,G,G,DC,DG,17,3,0.56,1.01,-12.4,16.5,34.8,22.4,14.652
4r24,4r24_AT_G_DA_18_^_G_DT_2_^,AT,G,G,DA,DT,18,2,0.52,1.77,-24.6,29.5,39.8,15.2,
4r24,4r24_CG_G_DC_19_^_G_DG_1_^,CG,G,G,DC,DG,19,1,,,,,,,
4r24,4r24_GC_G_DG_20_^_G_DC_0_^,GC,G,G,DG,DC,20,0,,,,,,,
4rb1,4rb1_GG_D_DG_604_^_D_DG_626_^,GG,D,D,DG,DG,604,626,,,,,,,
4rb1,4rb1_CC_D_DC_605_^_D_DC_625_^,CC,D,D,DC,DC,605,625,,,,,,,
4rb1,4rb1_GC_D_DG_606_^_D_DC_624_^,GC,D,D,DG,DC,606,624,0.87,0.58,-16.8,17.3,51.9,35.1,13.379
4rb1,4rb1_AT_D_DA_607_^_D_DT_623_^,AT,D,D,DA,DT,607,623,0.46,0.48,31.4,13.5,1.6,33.0,12.065
4rb1,4rb1_TA_D_DT_608_^_D_DA_622_^,TA,D,D,DT,DA,608,622,0.51,0.74,110.6,11.7,-76.3,34.3,10.131
4rb1,4rb1_AT_D_DA_609_^_D_DT_621_^,AT,D,D,DA,DT,609,621,0.58,0.62,-169.2,15.4,-151.4,39.4,9.502
4rb1,4rb1_AT_D_DA_610_^_D_DT_620_^,AT,D,D,DA,DT,610,620,0.48,0.55,-129.8,11.4,169.1,39.3,10.772
4rb1,4rb1_TA_D_DT_611_^_D_DA_619_^,TA,D,D,DT,DA,611,619,0.74,0.59,-41.8,9.0,77.4,35.6,13.018
4rb1,4rb1_GC_D_DG_612_^_D_DC_618_^,GC,D,D,DG,DC,612,618,0.62,0.6,-16.7,21.5,47.5,30.8,14.288
4rb1,4rb1_AT_D_DA_613_^_D_DT_617_^,AT,D,D,DA,DT,613,617,0.55,0.74,14.6,17.1,15.2,29.8,12.577
4rb1,4rb1_TA_D_DT_614_^_D_DA_616_^,TA,D,D,DT,DA,614,616,0.59,0.74,75.8,12.8,-42.2,33.6,9.86
4rb1,4rb1_AA_D_DA_615_^_D_DA_615_^,AA,D,D,DA,DA,615,615,0.6,0.6,-179.0,9.1,-143.0,38.0,9.86
4rb1,4rb1_AT_D_DA_616_^_D_DT_614_^,AT,D,D,DA,DT,616,614,0.74,0.59,-78.2,12.8,111.8,33.6,12.577
4rb1,4rb1_TA_D_DT_617_^_D_DA_613_^,TA,D,D,DT,DA,617,613,0.74,0.55,-20.8,17.1,50.6,29.8,14.288
4rb1,4rb1_CG_D_DC_618_^_D_DG_612_^,CG,D,D,DC,DG,618,612,0.6,0.62,11.5,21.5,19.3,30.8,13.018
4rb1,4rb1_AT_D_DA_619_^_D_DT_611_^,AT,D,D,DA,DT,619,611,0.59,0.74,41.4,9.0,-5.8,35.6,10.772
4rb1,4rb1_TA_D_DT_620_^_D_DA_610_^,TA,D,D,DT,DA,620,610,0.55,0.48,133.1,11.4,-93.9,39.2,9.502
4rb1,4rb1_TA_D_DT_621_^_D_DA_609_^,TA,D,D,DT,DA,621,609,0.62,0.58,172.6,15.4,-133.2,39.4,10.131
4rb1,4rb1_AT_D_DA_622_^_D_DT_608_^,AT,D,D,DA,DT,622,608,0.74,0.51,-112.3,11.7,146.6,34.3,12.065
4rb1,4rb1_TA_D_DT_623_^_D_DA_607_^,TA,D,D,DT,DA,623,607,0.48,0.46,-34.4,13.5,67.4,33.0,13.379
4rb1,4rb1_CG_D_DC_624_^_D_DG_606_^,CG,D,D,DC,DG,624,606,0.58,0.87,15.8,17.3,19.2,35.0,
4rb1,4rb1_CC_D_DC_625_^_D_DC_605_^,CC,D,D,DC,DC,625,605,,,,,,,
4rb1,4rb1_GG_D_DG_626_^_D_DG_604_^,GG,D,D,DG,DG,626,604,,,,,,,
4rdm,4rdm_CG_C_DC_3_^_D_DG_31_^,CG,C,D,DC,DG,3,31,,,,,,,
4rdm,4rdm_TA_C_DT_4_^_D_DA_30_^,TA,C,D,DT,DA,4,30,,,,,,,
4rdm,4rdm_AT_C_DA_5_^_D_DT_29_^,AT,C,D,DA,DT,5,29,0.59,0.96,94.4,7.4,-62.2,32.2,12.918
4rdm,4rdm_AC_C_DA_6_^_D_DC_28_^,AC,C,D,DA,DC,6,28,0.63,0.86,-137.9,7.5,173.5,35.6,11.676
4rdm,4rdm_GC_C_DG_7_^_D_DC_27_^,GC,C,D,DG,DC,7,27,0.95,0.61,153.5,21.3,-112.9,40.6,10.14
4rdm,4rdm_CG_C_DC_8_^_D_DG_26_^,CG,C,D,DC,DG,8,26,0.96,0.58,172.4,21.6,-134.8,37.6,10.227
4rdm,4rdm_GC_C_DG_9_^_D_DC_25_^,GC,C,D,DG,DC,9,25,0.86,0.75,-169.6,33.5,-150.6,39.8,10.091
4rdm,4rdm_GC_C_DG_10_^_D_DC_24_^,GC,C,D,DG,DC,10,24,0.61,0.79,-158.1,14.4,-165.7,36.2,9.949
4rdm,4rdm_CG_C_DC_11_^_D_DG_23_^,CG,C,D,DC,DG,11,23,0.58,0.54,-173.7,18.0,-144.7,41.6,10.415
4rdm,4rdm_AT_C_DA_12_^_D_DT_22_^,AT,C,D,DA,DT,12,22,0.75,0.61,-173.1,4.1,-150.5,36.4,11.187
4rdm,4rdm_AT_C_DA_13_^_D_DT_21_^,AT,C,D,DA,DT,13,21,0.79,0.55,-79.5,12.9,110.5,31.0,12.631
4rdm,4rdm_TA_C_DT_14_^_D_DA_20_^,TA,C,D,DT,DA,14,20,0.54,0.67,-2.4,19.7,31.5,29.1,
4rdm,4rdm_CG_C_DC_15_^_D_DG_19_^,CG,C,D,DC,DG,15,19,,,,,,,
4rdm,4rdm_CG_C_DC_16_^_D_DG_18_^,CG,C,D,DC,DG,16,18,,,,,,,
4xzf,4xzf_CG_B_DC_3_^_B_DG_11_^,CG,B,B,DC,DG,3,11,,,,,,,
4xzf,4xzf_GT_B_DG_4_^_B_DT_10_^,GT,B,B,DG,DT,4,10,,,,,,,
4xzf,4xzf_CG_B_DC_5_^_B_DG_9_^,CG,B,B,DC,DG,5,9,0.9,0.54,2.6,24.7,29.5,32.1,13.15
4xzf,4xzf_CG_B_DC_6_^_B_DG_8_^,CG,B,B,DC,DG,6,8,0.81,0.54,34.6,14.3,-2.0,32.6,12.717
4xzf,4xzf_GG_B_DG_7_^_B_DG_7_^,GG,B,B,DG,DG,7,7,0.6,0.6,-0.9,9.4,35.1,34.2,12.717
4xzf,4xzf_GC_B_DG_8_^_B_DC_6_^,GC,B,B,DG,DC,8,6,0.54,0.81,-38.0,14.3,70.6,32.6,13.15
4xzf,4xzf_GC_B_DG_9_^_B_DC_5_^,GC,B,B,DG,DC,9,5,0.54,0.9,-6.5,24.7,38.6,32.1,
4xzf,4xzf_TG_B_DT_10_^_B_DG_4_^,TG,B,B,DT,DG,10,4,,,,,,,
4xzf,4xzf_GC_B_DG_11_^_B_DC_3_^,GC,B,B,DG,DC,11,3,,,,,,,
5bmz,5bmz_GC_E_DG_-11_^_F_DC_11_^,GC,E,F,DG,DC,-11,11,,,,,,,
5bmz,5bmz_AT_E_DA_-10_^_F_DT_10_^,AT,E,F,DA,DT,-10,10,,,,,,,
5bmz,5bmz_AT_E_DA_-9_^_F_DT_9_^,AT,E,F,DA,DT,-9,9,0.64,0.44,4.7,19.9,25.9,30.6,13.231
5bmz,5bmz_TA_E_DT_-8_^_F_DA_8_^,TA,E,F,DT,DA,-8,8,0.72,0.73,-16.6,16.9,43.4,26.8,14.04
5bmz,5bmz_AT_E_DA_-7_^_F_DT_7_^,AT,E,F,DA,DT,-7,7,0.85,0.78,3.5,17.1,21.4,24.9,13.898
5bmz,5bmz_TA_E_DT_-6_^_F_DA_6_^,TA,E,F,DT,DA,-6,6,0.44,0.9,-12.1,20.0,36.7,24.6,13.768
5bmz,5bmz_CG_E_DC_-5_^_F_DG_5_^,CG,E,F,DC,DG,-5,5,0.73,0.87,-9.9,18.4,36.0,26.1,12.814
5bmz,5bmz_AT_E_DA_-4_^_F_DT_4_^,AT,E,F,DA,DT,-4,4,0.78,1.15,26.7,16.8,2.3,29.0,11.207
5bmz,5bmz_GC_E_DG_-3_^_F_DC_3_^,GC,E,F,DG,DC,-3,3,0.9,0.76,103.3,3.6,-71.7,31.6,10.984
5bmz,5bmz_TA_E_DT_-2_^_F_DA_2_^,TA,E,F,DT,DA,-2,2,0.87,0.58,-141.6,3.9,173.2,31.6,12.04
5bmz,5bmz_TA_E_DT_-1_^_F_DA_1_^,TA,E,F,DT,DA,-1,1,1.15,0.49,-42.4,17.0,71.8,29.4,13.772
5bmz,5bmz_AA_E_DA_0_^_F_DA_0_^,AA,E,F,DA,DA,0,0,0.76,0.85,4.5,17.0,25.5,30.0,13.347
5bmz,5bmz_AT_E_DA_1_^_F_DT_-1_^,AT,E,F,DA,DT,1,-1,0.58,1.16,56.4,15.1,-25.3,31.1,11.268
5bmz,5bmz_AT_E_DA_2_^_F_DT_-2_^,AT,E,F,DA,DT,2,-2,0.49,0.79,173.5,6.9,-140.3,33.2,10.728
5bmz,5bmz_CG_E_DC_3_^_F_DG_-3_^,CG,E,F,DC,DG,3,-3,0.85,0.71,-103.4,5.3,135.1,31.7,11.21
5bmz,5bmz_TA_E_DT_4_^_F_DA_-4_^,TA,E,F,DT,DA,4,-4,1.16,0.66,-23.2,12.7,54.7,31.5,12.006
5bmz,5bmz_GC_E_DG_5_^_F_DC_-5_^,GC,E,F,DG,DC,5,-5,0.79,0.8,7.9,14.4,21.8,29.7,12.087
5bmz,5bmz_AT_E_DA_6_^_F_DT_-6_^,AT,E,F,DA,DT,6,-6,0.71,0.64,2.3,14.9,25.6,27.9,11.993
5bmz,5bmz_TA_E_DT_7_^_F_DA_-7_^,TA,E,F,DT,DA,7,-7,0.66,0.75,16.1,7.3,10.7,26.8,12.157
5bmz,5bmz_AT_E_DA_8_^_F_DT_-8_^,AT,E,F,DA,DT,8,-8,0.8,0.5,-13.5,10.3,40.4,26.9,12.47
5bmz,5bmz_TA_E_DT_9_^_F_DA_-9_^,TA,E,F,DT,DA,9,-9,0.64,0.54,-32.6,23.3,60.7,28.1,
5bmz,5bmz_TA_E_DT_10_^_F_DA_-10_^,TA,E,F,DT,DA,10,-10,,,,,,,
5bmz,5bmz_CG_E_DC_11_^_F_DG_-11_^,CG,E,F,DC,DG,11,-11,,,,,,,
5cnq,5cnq_GC_H_DG_17_^_R_DC_14_^,GC,H,R,DG,DC,17,14,,,,,,,
5cnq,5cnq_AT_H_DA_18_^_R_DT_13_^,AT,H,R,DA,DT,18,13,,,,,,,
5cnq,5cnq_GC_H_DG_19_^_R_DC_12_^,GC,H,R,DG,DC,19,12,0.79,0.68,-2.4,25.7,29.3,26.9,15.268
5cnq,5cnq_CG_H_DC_20_^_R_DG_11_^,CG,H,R,DC,DG,20,11,0.85,0.46,11.3,22.3,18.6,29.9,13.892
5cnq,5cnq_GC_H_DG_21_^_R_DC_10_^,GC,H,R,DG,DC,21,10,0.88,0.62,7.6,17.6,22.9,30.5,12.693
5cnq,5cnq_GC_H_DG_22_^_R_DC_9_^,GC,H,R,DG,DC,22,9,0.68,0.51,-10.5,12.3,42.0,31.5,12.447
5cnq,5cnq_TA_H_DT_23_^_R_DA_8_^,TA,H,R,DT,DA,23,8,0.46,0.64,3.8,11.2,27.5,31.3,12.175
5cnq,5cnq_GC_H_DG_24_^_R_DC_7_^,GC,H,R,DG,DC,24,7,0.62,0.58,-4.4,7.9,34.8,30.4,12.016
5cnq,5cnq_GC_H_DG_25_^_R_DC_6_^,GC,H,R,DG,DC,25,6,0.51,0.63,-25.5,8.2,55.8,30.3,12.591
5cnq,5cnq_TA_H_DT_26_^_R_DA_5_^,TA,H,R,DT,DA,26,5,0.64,0.63,-18.5,16.9,48.4,29.9,13.152
5cnq,5cnq_TC_H_DT_27_^_R_DC_4_^,TC,H,R,DT,DC,27,4,0.58,0.99,-5.0,20.1,33.4,28.4,12.775
5cnq,5cnq_GC_H_DG_28_^_R_DC_3_^,GC,H,R,DG,DC,28,3,0.63,0.96,73.1,13.1,-46.6,26.5,
5cnq,5cnq_GC_H_DG_29_^_R_DC_2_^,GC,H,R,DG,DC,29,2,,,,,,,
5cnq,5cnq_TA_H_DT_30_^_R_DA_1_^,TA,H,R,DT,DA,30,1,,,,,,,
5d9i,5d9i_AG_X_DA_2_^_Y_DG_21_^,AG,X,Y,DA,DG,2,21,,,,,,,
5d9i,5d9i_GC_X_DG_3_^_Y_DC_20_^,GC,X,Y,DG,DC,3,20,,,,,,,
5d9i,5d9i_GC_X_DG_4_^_Y_DC_19_^,GC,X,Y,DG,DC,4,19,1.56,0.49,31.5,15.7,-0.8,30.7,12.573
5d9i,5d9i_AT_X_DA_5_^_Y_DT_18_^,AT,X,Y,DA,DT,5,18,0.61,0.39,103.9,6.8,-69.1,34.8,10.6
5d9i,5d9i_GC_X_DG_6_^_Y_DC_17_^,GC,X,Y,DG,DC,6,17,0.46,0.49,146.6,11.8,-110.0,36.6,9.783
5d9i,5d9i_GC_X_DG_7_^_Y_DC_16_^,GC,X,Y,DG,DC,7,16,0.49,0.74,-168.1,11.0,-155.0,36.9,9.586
5d9i,5d9i_CA_X_DC_8_^_Y_DA_15_^,CA,X,Y,DC,DA,8,15,0.39,0.53,-161.2,6.7,-161.8,37.0,9.502
5d9i,5d9i_TA_X_DT_9_^_Y_DA_14_^,TA,X,Y,DT,DA,9,14,0.49,0.61,144.9,5.1,-108.5,36.4,9.445
5d9i,5d9i_TA_X_DT_10_^_Y_DA_13_^,TA,X,Y,DT,DA,10,13,0.74,0.63,173.4,9.2,-135.0,38.4,8.938
5d9i,5d9i_TA_X_DT_11_^_Y_DA_12_^,TA,X,Y,DT,DA,11,12,0.53,0.59,-164.4,9.2,-155.2,40.4,8.709
5d9i,5d9i_TA_X_DT_12_^_Y_DA_11_^,TA,X,Y,DT,DA,12,11,0.61,0.59,-103.1,6.0,142.5,39.4,9.835
5d9i,5d9i_TA_X_DT_13_^_Y_DA_10_^,TA,X,Y,DT,DA,13,10,0.63,0.66,-35.8,5.2,70.8,35.0,11.758
5d9i,5d9i_TG_X_DT_14_^_Y_DG_9_^,TG,X,Y,DT,DG,14,9,0.59,0.54,66.0,3.8,-34.9,31.1,13.001
5d9i,5d9i_GC_X_DG_15_^_Y_DC_8_^,GC,X,Y,DG,DC,15,8,0.59,0.43,-45.4,7.6,75.4,30.0,13.704
5d9i,5d9i_GC_X_DG_16_^_Y_DC_7_^,GC,X,Y,DG,DC,16,7,0.66,0.75,22.6,2.4,11.0,33.6,
5d9i,5d9i_AT_X_DA_17_^_Y_DT_6_^,AT,X,Y,DA,DT,17,6,,,,,,,
5d9i,5d9i_GC_X_DG_18_^_Y_DC_5_^,GC,X,Y,DG,DC,18,5,,,,,,,
5dba,5dba_GC_D_DG_1_^_T_DC_5_^,GC,D,T,DG,DC,1,5,,,,,,,
5dba,5dba_TA_D_DT_2_^_T_DA_4_^,TA,D,T,DT,DA,2,4,,,,,,,
5dba,5dba_CG_D_DC_3_^_T_DG_3_^,CG,D,T,DC,DG,3,3,0.65,0.53,41.9,11.5,-10.4,31.5,
5dba,5dba_GC_D_DG_4_^_T_DC_2_^,GC,D,T,DG,DC,4,2,,,,,,,
5dba,5dba_GC_D_DG_5_^_T_DC_1_^,GC,D,T,DG,DC,5,1,,,,,,,
5dba,5dba_GC_P_DG_1_^_T_DC_16_^,GC,P,T,DG,DC,1,16,,,,,,,
5dba,5dba_CG_P_DC_2_^_T_DG_15_^,CG,P,T,DC,DG,2,15,,,,,,,
5dba,5dba_TA_P_DT_3_^_T_DA_14_^,TA,P,T,DT,DA,3,14,0.67,0.6,41.4,11.8,-7.9,33.5,11.882
5dba,5dba_GT_P_DG_4_^_T_DT_13_^,GT,P,T,DG,DT,4,13,0.49,0.52,36.7,5.6,-1.4,35.3,10.698
5dba,5dba_AT_P_DA_5_^_T_DT_12_^,AT,P,T,DA,DT,5,12,0.44,0.48,-58.3,5.9,93.8,35.5,11.091
5dba,5dba_TA_P_DT_6_^_T_DA_11_^,TA,P,T,DT,DA,6,11,0.6,0.6,-14.9,16.2,48.8,33.9,12.46
5dba,5dba_GC_P_DG_7_^_T_DC_10_^,GC,P,T,DG,DC,7,10,0.52,0.61,-15.2,22.3,47.8,32.6,14.152
5dba,5dba_CG_P_DC_8_^_T_DG_9_^,CG,P,T,DC,DG,8,9,0.48,0.8,8.1,18.3,19.8,27.9,
5dba,5dba_GC_P_DG_9_^_T_DC_8_^,GC,P,T,DG,DC,9,8,,,,,,,
5dba,5dba_AT_P_DA_10_^_T_DT_7_^,AT,P,T,DA,DT,10,7,,,,,,,
5dbb,5dbb_GC_D_DG_1_^_T_DC_5_^,GC,D,T,DG,DC,1,5,,,,,,,
5dbb,5dbb_TA_D_DT_2_^_T_DA_4_^,TA,D,T,DT,DA,2,4,,,,,,,
5dbb,5dbb_CG_D_DC_3_^_T_DG_3_^,CG,D,T,DC,DG,3,3,0.66,0.51,40.3,10.1,-9.2,31.1,
5dbb,5dbb_GC_D_DG_4_^_T_DC_2_^,GC,D,T,DG,DC,4,2,,,,,,,
5dbb,5dbb_GC_D_DG_5_^_T_DC_1_^,GC,D,T,DG,DC,5,1,,,,,,,
5dbb,5dbb_GC_P_DG_1_^_T_DC_16_^,GC,P,T,DG,DC,1,16,,,,,,,
5dbb,5dbb_CG_P_DC_2_^_T_DG_15_^,CG,P,T,DC,DG,2,15,,,,,,,
5dbb,5dbb_TA_P_DT_3_^_T_DA_14_^,TA,P,T,DT,DA,3,14,0.73,0.65,39.8,10.7,-6.9,32.9,11.869
5dbb,5dbb_GA_P_DG_4_^_T_DA_13_^,GA,P,T,DG,DA,4,13,0.53,0.6,83.9,5.9,-48.6,35.3,10.233
5dbb,5dbb_AT_P_DA_5_^_T_DT_12_^,AT,P,T,DA,DT,5,12,0.52,0.48,-81.2,5.3,118.1,36.9,10.645
5dbb,5dbb_TA_P_DT_6_^_T_DA_11_^,TA,P,T,DT,DA,6,11,0.65,0.59,-27.8,14.6,61.7,33.9,12.655
5dbb,5dbb_GC_P_DG_7_^_T_DC_10_^,GC,P,T,DG,DC,7,10,0.6,0.58,-11.4,21.9,42.7,31.3,14.216
5dbb,5dbb_CG_P_DC_8_^_T_DG_9_^,CG,P,T,DC,DG,8,9,0.48,0.84,5.7,17.3,21.4,27.1,
5dbb,5dbb_GC_P_DG_9_^_T_DC_8_^,GC,P,T,DG,DC,9,8,,,,,,,
5dbb,5dbb_AT_P_DA_10_^_T_DT_7_^,AT,P,T,DA,DT,10,7,,,,,,,
5dbc,5dbc_GC_D_DG_1_^_T_DC_5_^,GC,D,T,DG,DC,1,5,,,,,,,
5dbc,5dbc_TA_D_DT_2_^_T_DA_4_^,TA,D,T,DT,DA,2,4,,,,,,,
5dbc,5dbc_CG_D_DC_3_^_T_DG_3_^,CG,D,T,DC,DG,3,3,0.69,0.55,37.6,11.5,-6.4,31.2,
5dbc,5dbc_GC_D_DG_4_^_T_DC_2_^,GC,D,T,DG,DC,4,2,,,,,,,
5dbc,5dbc_GC_D_DG_5_^_T_DC_1_^,GC,D,T,DG,DC,5,1,,,,,,,
5dbc,5dbc_GC_P_DG_1_^_T_DC_16_^,GC,P,T,DG,DC,1,16,,,,,,,
5dbc,5dbc_CG_P_DC_2_^_T_DG_15_^,CG,P,T,DC,DG,2,15,,,,,,,
5dbc,5dbc_TA_P_DT_3_^_T_DA_14_^,TA,P,T,DT,DA,3,14,0.52,0.55,58.0,13.6,-25.5,32.5,10.691
5dbc,5dbc_GG_P_DG_4_^_T_DG_13_^,GG,P,T,DG,DG,4,13,0.6,0.61,135.9,6.4,-101.8,34.1,10.258
5dbc,5dbc_AT_P_DA_5_^_T_DT_12_^,AT,P,T,DA,DT,5,12,0.52,0.5,-106.1,9.4,140.3,34.2,11.366
5dbc,5dbc_TA_P_DT_6_^_T_DA_11_^,TA,P,T,DT,DA,6,11,0.55,0.6,-27.7,15.5,60.8,33.1,12.698
5dbc,5dbc_GC_P_DG_7_^_T_DC_10_^,GC,P,T,DG,DC,7,10,0.61,0.59,-8.9,23.2,40.6,31.7,14.118
5dbc,5dbc_CG_P_DC_8_^_T_DG_9_^,CG,P,T,DC,DG,8,9,0.5,0.88,5.6,17.8,21.3,26.9,
5dbc,5dbc_GC_P_DG_9_^_T_DC_8_^,GC,P,T,DG,DC,9,8,,,,,,,
5dbc,5dbc_AT_P_DA_10_^_T_DT_7_^,AT,P,T,DA,DT,10,7,,,,,,,
5fw3,5fw3_AT_A_A_1_^_A_DT_28_^,AT,A,A,A,DT,1,28,,,,,,,
5fw3,5fw3_UA_A_U_2_^_A_DA_27_^,UA,A,A,U,DA,2,27,,,,,,,
5fw3,5fw3_AT_A_A_3_^_A_DT_26_^,AT,A,A,A,DT,3,26,1.34,1.39,-19.9,45.0,34.1,14.2,17.913
5fw3,5fw3_AT_A_A_4_^_A_DT_25_^,AT,A,A,A,DT,4,25,1.39,1.37,-9.0,48.4,21.7,12.7,17.851
5fw3,5fw3_CG_A_C_5_^_A_DG_24_^,CG,A,A,C,DG,5,24,1.35,1.16,-13.8,50.4,29.0,15.2,17.88
5fw3,5fw3_UA_A_U_6_^_A_DA_23_^,UA,A,A,U,DA,6,23,1.39,1.25,-17.8,53.8,30.6,12.8,17.906
5fw3,5fw3_CG_A_C_7_^_A_DG_22_^,CG,A,A,C,DG,7,22,1.37,0.96,-6.9,54.0,19.5,12.6,17.454
5fw3,5fw3_AT_A_A_8_^_A_DT_21_^,AT,A,A,A,DT,8,21,1.16,1.06,-1.1,43.2,17.2,16.1,15.852
5fw3,5fw3_AT_A_A_9_^_A_DT_20_^,AT,A,A,A,DT,9,20,1.25,1.09,5.8,28.0,15.7,21.5,14.603
5fw3,5fw3_UA_A_U_10_^_A_DA_19_^,UA,A,A,U,DA,10,19,0.96,1.13,-2.6,23.5,27.6,25.0,14.84
5fw3,5fw3_UA_A_U_11_^_A_DA_18_^,UA,A,A,U,DA,11,18,1.06,1.27,-18.7,23.7,40.9,22.2,16.094
5fw3,5fw3_UA_A_U_12_^_A_DA_17_^,UA,A,A,U,DA,12,17,1.09,1.5,-15.4,29.1,30.0,14.6,17.496
5fw3,5fw3_GC_A_G_13_^_A_DC_16_^,GC,A,A,G,DC,13,16,1.13,1.3,-18.9,33.3,26.4,7.5,17.836
5fw3,5fw3_UA_A_U_14_^_A_DA_15_^,UA,A,A,U,DA,14,15,1.27,1.25,-13.7,33.5,19.5,5.8,17.495
5fw3,5fw3_AT_A_A_15_^_A_DT_14_^,AT,A,A,A,DT,15,14,1.5,1.55,-12.9,36.1,20.7,7.8,17.045
5fw3,5fw3_AT_A_A_16_^_A_DT_13_^,AT,A,A,A,DT,16,13,1.3,1.47,-9.7,30.2,17.5,7.8,16.566
5fw3,5fw3_AT_A_A_17_^_A_DT_12_^,AT,A,A,A,DT,17,12,1.25,1.28,-5.2,25.0,11.8,6.6,16.294
5fw3,5fw3_AT_A_A_18_^_A_DT_11_^,AT,A,A,A,DT,18,11,1.55,1.61,-16.4,21.6,22.0,5.6,16.298
5fw3,5fw3_AT_A_A_19_^_A_DT_10_^,AT,A,A,A,DT,19,10,1.47,3.17,-16.5,31.0,43.7,27.2,15.884
5fw3,5fw3_AT_A_A_20_^_A_DT_9_^,AT,A,A,A,DT,20,9,1.28,1.4,14.9,20.4,30.5,45.4,15.843
5fw3,5fw3_GU_A_G_21_^_A_U_50_^,GU,A,A,G,U,21,50,1.61,1.16,-18.4,33.1,66.9,48.5,16.327
5fw3,5fw3_UA_A_U_22_^_A_A_49_^,UA,A,A,U,A,22,49,3.17,1.34,-33.0,48.7,62.0,29.0,17.834
5fw3,5fw3_UA_A_U_23_^_A_A_48_^,UA,A,A,U,A,23,48,1.4,1.23,-5.2,64.8,27.9,22.7,18.811
5fw3,5fw3_UA_A_U_24_^_A_A_47_^,UA,A,A,U,A,24,47,1.16,1.32,1.3,54.5,20.0,21.3,
5fw3,5fw3_UA_A_U_25_^_A_A_46_^,UA,A,A,U,A,25,46,,,,,,,
5fw3,5fw3_AU_A_A_26_^_A_U_45_^,AU,A,A,A,U,26,45,,,,,,,
5fw3,5fw3_GC_A_G_29_^_A_C_40_^,GC,A,A,G,C,29,40,,,,,,,
5fw3,5fw3_CG_A_C_30_^_A_G_39_^,CG,A,A,C,G,30,39,,,,,,,
5fw3,5fw3_UA_A_U_31_^_A_A_38_^,UA,A,A,U,A,31,38,1.45,1.98,-13.2,48.8,25.1,11.9,
5fw3,5fw3_AU_A_A_32_^_A_U_37_^,AU,A,A,A,U,32,37,,,,,,,
5fw3,5fw3_GA_A_G_33_^_A_A_36_^,GA,A,A,G,A,33,36,,,,,,,
5fw3,5fw3_AG_A_A_52_^_A_G_62_^,AG,A,A,A,G,52,62,,,,,,,
5fw3,5fw3_GC_A_G_53_^_A_C_61_^,GC,A,A,G,C,53,61,,,,,,,
5fw3,5fw3_GC_A_G_54_^_A_C_60_^,GC,A,A,G,C,54,60,,,,,,,
5fw3,5fw3_CG_A_C_55_^_A_G_58_^,CG,A,A,C,G,55,58,,,,,,,
5fw3,5fw3_AG_A_A_68_^_A_G_81_^,AG,A,A,A,G,68,81,,,,,,,
5fw3,5fw3_AU_A_A_69_^_A_U_80_^,AU,A,A,A,U,69,80,,,,,,,
5fw3,5fw3_CG_A_C_70_^_A_G_79_^,CG,A,A,C,G,70,79,2.06,1.4,0.6,63.6,29.8,30.4,16.942
5fw3,5fw3_UA_A_U_71_^_A_A_78_^,UA,A,A,U,A,71,78,1.31,2.33,-4.7,53.0,25.5,20.8,
5fw3,5fw3_UA_A_U_72_^_A_A_77_^,UA,A,A,U,A,72,77,,,,,,,
5fw3,5fw3_GA_A_G_73_^_A_A_76_^,GA,A,A,G,A,73,76,,,,,,,
5fw3,5fw3_CG_C_DC_1_^_D_DG_12_^,CG,C,D,DC,DG,1,12,,,,,,,
5fw3,5fw3_AT_C_DA_2_^_D_DT_11_^,AT,C,D,DA,DT,2,11,,,,,,,
5fw3,5fw3_AT_C_DA_3_^_D_DT_10_^,AT,C,D,DA,DT,3,10,0.9,0.63,-1.8,7.2,35.3,33.5,11.041
5fw3,5fw3_CA_C_DC_4_^_D_DA_9_^,CA,C,D,DC,DA,4,9,0.71,0.57,-0.8,13.1,29.4,28.6,11.413
5fw3,5fw3_CG_C_DC_5_^_D_DG_8_^,CG,C,D,DC,DG,5,8,0.84,0.73,3.1,8.7,23.5,26.6,12.141
5fw3,5fw3_GC_C_DG_6_^_D_DC_7_^,GC,C,D,DG,DC,6,7,0.63,0.82,-10.0,11.1,35.6,25.6,
5fw3,5fw3_CG_C_DC_7_^_D_DG_6_^,CG,C,D,DC,DG,7,6,,,,,,,
5fw3,5fw3_AT_C_DA_8_^_D_DT_5_^,AT,C,D,DA,DT,8,5,,,,,,,
5gsk,5gsk_GC_A_DG_1_^_A_DC_8_^,GC,A,A,DG,DC,1,8,,,,,,,
5gsk,5gsk_GC_A_DG_2_^_A_DC_7_^,GC,A,A,DG,DC,2,7,,,,,,,
5gsk,5gsk_TT_A_DT_3_^_A_DT_6_^,TT,A,A,DT,DT,3,6,1.23,1.4,-12.2,35.4,36.8,24.6,16.126
5gsk,5gsk_CG_A_DC_4_^_A_DG_5_^,CG,A,A,DC,DG,4,5,1.25,1.23,-4.6,41.2,27.8,23.2,16.35
5gsk,5gsk_GC_A_DG_5_^_A_DC_4_^,GC,A,A,DG,DC,5,4,1.23,1.25,-8.2,41.2,31.4,23.2,16.126
5gsk,5gsk_TT_A_DT_6_^_A_DT_3_^,TT,A,A,DT,DT,6,3,1.4,1.23,0.8,35.4,23.8,24.6,
5gsk,5gsk_CG_A_DC_7_^_A_DG_2_^,CG,A,A,DC,DG,7,2,,,,,,,
5gsk,5gsk_CG_A_DC_8_^_A_DG_1_^,CG,A,A,DC,DG,8,1,,,,,,,
5hp4,5hp4_GC_X_DG_1_^_X_DC_11_^,GC,X,X,DG,DC,1,11,,,,,,,
5hp4,5hp4_AT_X_DA_2_^_X_DT_9_^,AT,X,X,DA,DT,2,9,,,,,,,
5hp4,5hp4_TA_X_DT_3_^_X_DA_8_^,TA,X,X,DT,DA,3,8,1.53,1.37,15.4,13.9,17.3,32.7,13.521
5hp4,5hp4_CT_X_DC_4_^_X_DT_7_^,CT,X,X,DC,DT,4,7,0.7,1.47,-13.1,9.4,48.3,35.2,10.771
5hp4,5hp4_TA_X_DT_5_^_X_DA_6_^,TA,X,X,DT,DA,5,6,0.94,1.37,-27.7,14.5,64.9,37.2,11.346
5hp4,5hp4_AT_X_DA_6_^_X_DT_5_^,AT,X,X,DA,DT,6,5,1.37,0.94,28.9,14.5,8.3,37.2,10.77
5hp4,5hp4_TC_X_DT_7_^_X_DC_4_^,TC,X,X,DT,DC,7,4,1.47,0.7,12.2,9.4,22.9,35.1,13.52
5hp4,5hp4_AT_X_DA_8_^_X_DT_3_^,AT,X,X,DA,DT,8,3,1.37,1.53,-18.7,13.9,51.4,32.7,14.872
5hp4,5hp4_TA_X_DT_9_^_X_DA_2_^,TA,X,X,DT,DA,9,2,0.94,1.45,83.2,16.6,-52.3,30.9,
5hp4,5hp4_CG_X_DC_11_^_X_DG_1_^,CG,X,X,DC,DG,11,1,,,,,,,
5hp4,5hp4_CG_X_DC_12_^_X_DG_17_^,CG,X,X,DC,DG,12,17,,,,,,,
5wsp,5wsp_GC_A_DG_1_^_A_DC_8_^,GC,A,A,DG,DC,1,8,,,,,,,
5wsp,5wsp_GC_A_DG_2_^_A_DC_7_^,GC,A,A,DG,DC,2,7,,,,,,,
5wsp,5wsp_TT_A_DT_3_^_A_DT_6_^,TT,A,A,DT,DT,3,6,1.27,1.51,-9.9,30.5,32.0,22.1,16.056
5wsp,5wsp_CG_A_DC_4_^_A_DG_5_^,CG,A,A,DC,DG,4,5,1.4,1.33,-7.6,31.5,26.7,19.1,16.385
5wsp,5wsp_GC_A_DG_5_^_A_DC_4_^,GC,A,A,DG,DC,5,4,1.33,1.4,-9.3,31.5,28.4,19.1,16.057
5wsp,5wsp_TT_A_DT_6_^_A_DT_3_^,TT,A,A,DT,DT,6,3,1.51,1.27,-4.0,30.5,26.1,22.1,
5wsp,5wsp_CG_A_DC_7_^_A_DG_2_^,CG,A,A,DC,DG,7,2,,,,,,,
5wsp,5wsp_CG_A_DC_8_^_A_DG_1_^,CG,A,A,DC,DG,8,1,,,,,,,
5wsq,5wsq_GC_A_DG_1_^_B_DC_8_^,GC,A,B,DG,DC,1,8,,,,,,,
5wsq,5wsq_CG_A_DC_2_^_B_DG_7_^,CG,A,B,DC,DG,2,7,,,,,,,
5wsq,5wsq_CT_A_DC_3_^_B_DT_6_^,CT,A,B,DC,DT,3,6,1.11,1.29,-14.8,44.0,34.8,20.0,16.993
5wsq,5wsq_CG_A_DC_4_^_B_DG_5_^,CG,A,B,DC,DG,4,5,1.13,1.3,-8.2,54.9,28.4,20.2,16.903
5wsq,5wsq_GC_A_DG_5_^_B_DC_4_^,GC,A,B,DG,DC,5,4,1.27,1.17,-14.7,61.2,33.6,18.9,17.369
5wsq,5wsq_TC_A_DT_6_^_B_DC_3_^,TC,A,B,DT,DC,6,3,1.29,1.04,-1.4,55.7,18.6,17.2,
5wsq,5wsq_GC_A_DG_7_^_B_DC_2_^,GC,A,B,DG,DC,7,2,,,,,,,
5wsq,5wsq_CG_A_DC_8_^_B_DG_1_^,CG,A,B,DC,DG,8,1,,,,,,,
5wsr,5wsr_GC_A_DG_1_^_A_DC_8_^,GC,A,A,DG,DC,1,8,,,,,,,
5wsr,5wsr_GC_A_DG_2_^_A_DC_7_^,GC,A,A,DG,DC,2,7,,,,,,,
5wsr,5wsr_TT_A_DT_3_^_A_DT_6_^,TT,A,A,DT,DT,3,6,1.27,1.54,-9.7,30.3,31.3,21.6,16.071
5wsr,5wsr_CG_A_DC_4_^_A_DG_5_^,CG,A,A,DC,DG,4,5,1.32,1.27,-6.9,30.9,24.6,17.7,16.289
5wsr,5wsr_GC_A_DG_5_^_A_DC_4_^,GC,A,A,DG,DC,5,4,1.27,1.32,-11.4,30.9,29.1,17.7,16.07
5wsr,5wsr_TT_A_DT_6_^_A_DT_3_^,TT,A,A,DT,DT,6,3,1.54,1.27,-4.7,30.3,26.3,21.6,
5wsr,5wsr_CG_A_DC_7_^_A_DG_2_^,CG,A,A,DC,DG,7,2,,,,,,,
5wsr,5wsr_CG_A_DC_8_^_A_DG_1_^,CG,A,A,DC,DG,8,1,,,,,,,
5wss,5wss_GC_A_DG_1_^_A_DC_8_^,GC,A,A,DG,DC,1,8,,,,,,,
5wss,5wss_GC_A_DG_2_^_A_DC_7_^,GC,A,A,DG,DC,2,7,,,,,,,
5wss,5wss_TT_A_DT_3_^_A_DT_6_^,TT,A,A,DT,DT,3,6,1.24,1.43,-12.4,34.4,36.0,23.6,16.164
5wss,5wss_CG_A_DC_4_^_A_DG_5_^,CG,A,A,DC,DG,4,5,1.3,1.29,-3.8,39.5,26.0,22.2,16.362
5wss,5wss_GC_A_DG_5_^_A_DC_4_^,GC,A,A,DG,DC,5,4,1.29,1.3,-9.9,39.5,32.2,22.3,16.164
5wss,5wss_TT_A_DT_6_^_A_DT_3_^,TT,A,A,DT,DT,6,3,1.43,1.24,0.0,34.4,23.6,23.6,
5wss,5wss_CG_A_DC_7_^_A_DG_2_^,CG,A,A,DC,DG,7,2,,,,,,,
5wss,5wss_CG_A_DC_8_^_A_DG_1_^,CG,A,A,DC,DG,8,1,,,,,,,
