pdbid,mmtype,mmclass,reso,name,uniprot,gpid,title,pairid,bp_type,LW,bp_name,bp_motif,nt_1,nt_2,chid_1,chid_2,resn_1,resn_2,resc_1,resc_2,resi_1,resi_2,icode_1,icode_2,form_1,form_2,conf_1,conf_2,chi_1,chi_2,pucker_1,pucker_2,phase_1,phase_2,ampli_1,ampli_2,C1C1_dist,C6C8_dist,hbonds_num,hbonds_desc_1,hbonds_len_1,hbonds_desc_2,hbonds_len_2,hbonds_desc_3,hbonds_len_3,hbonds_desc_4,hbonds_len_4,hbonds_desc_5,hbonds_len_5,shear,stretch,stagger,buckle,propeller,opening,alpha_1,alpha_2,beta_1,beta_2,gamma_1,gamma_2,delta_1,delta_2,epsilon_1,epsilon_2,zeta_1,zeta_2,v0_1,v0_2,v1_1,v1_2,v2_1,v2_2,v3_1,v3_2,v4_1,v4_2
1bjh,DNA,DNA,null,,null,,"HAIRPIN LOOPS CONSISTING OF SINGLE ADENINE RESIDUES CLOSED BY SHEARED A(DOT)A AND G(DOT)G PAIRS FORMED BY THE DNA TRIPLETS AAA AND GAG: SOLUTION STRUCTURE OF THE D(GTACAAAGTAC) HAIRPIN, NMR, 16 STRUCTURES",1bjh_AC_A_DC_4_^_A_DA_7_^,--,tWH,AC,C-A,A.DC4,A.DA7,A,A,DC,DA,C,A,4,7,^,^,.,.,anti,anti,-100.415,-95.301,C2'-endo,C2'-endo,147.561,163.505,42.441,39.731,11.033,8.526,2,O2(carbonyl)-N6(amino),2.96,N3-N6(amino),3.26,--,0.0,--,0.0,--,0.0,3.37,-1.559,-2.674,22.847,-0.081,-47.627,-69.741,84.177,174.216,-141.996,62.109,-173.317,138.068,146.303,-179.213,177.077,-84.225,-90.263,-34.074,-23.524,43.81,38.603,-35.819,-38.096,17.776,25.771,9.957,-1.639
1coc,DNA,DNA,null,,null,,SOLUTION-STATE STRUCTURE OF A DNA DODECAMER DUPLEX CONTAINING A CIS-SYN THYMINE CYCLOBUTANE DIMER.,1coc_AC_A_DA_11_^_B_DC_1_^,--,c.W,AC,A-C,A.DA11,B.DC1,A,B,DA,DC,A,C,11,1,^,^,.,.,anti,anti,-92.823,-117.599,C2'-endo,C1'-exo,162.726,135.754,31.092,39.513,12.694,9.834,2,N6(amino)-N3,3.5,N6(amino)*N4(amino),3.14,--,0.0,--,0.0,--,0.0,-1.241,0.486,-2.218,3.697,-11.721,-47.88,-64.535,,-176.727,,54.445,59.272,135.631,124.7,-179.894,-179.661,-104.834,-89.633,-19.065,-36.128,30.137,39.131,-29.69,-28.305,20.023,8.319,-0.763,17.912
1da4,DNA,DNA,null,,null,,Solution structure of a DNA duplex containing the CIS-PT(NH3)2[D(-GTG-)-N7-(G)-N7(G)N7(G)]Adduct as determined with high field NMR and molecular mechanics/dynamics,1da4_AC_A_DC_1_^_B_DA_25_^,--,cWW,AC,C-A,A.DC1,B.DA25,A,B,DC,DA,C,A,1,25,^,^,.,.,anti,anti,-134.322,-119.769,C1'-exo,C1'-exo,142.891,138.659,38.155,40.437,13.222,10.426,1,N4(amino)*N6(amino),3.18,--,0.0,--,0.0,--,0.0,--,0.0,0.338,1.087,-2.371,-2.153,-18.313,-45.65,,-65.926,177.928,-179.651,58.741,58.094,133.022,129.822,-175.386,179.491,-91.729,-93.502,-32.301,-35.957,39.112,41.173,-30.428,-30.359,12.717,10.636,12.151,15.712
1da5,DNA,DNA,null,,null,,Solution structure of a DNA Duplex containing the CIS-PT(NH3)2[D(-GTG-)-N7-(G)-N7(G)N7(G)]Adduct as determined with high field NMR And molecular mechanics/dynamics,1da5_AC_A_DC_9_^_B_DA_17_^,--,cW.,AC,C-A,A.DC9,B.DA17,A,B,DC,DA,C,A,9,17,^,^,B,.,anti,anti,-134.487,-118.573,C1'-exo,C1'-exo,133.799,135.578,41.564,40.443,12.684,9.852,2,N3-N6(amino),3.55,N4(amino)*N6(amino),3.09,--,0.0,--,0.0,--,0.0,1.099,0.558,-1.994,-4.034,-13.069,-47.802,-69.545,-64.631,131.944,175.304,57.241,60.973,126.158,126.322,179.057,175.031,-102.914,-95.25,-38.523,-36.917,41.591,40.864,-28.768,-28.884,7.291,8.432,19.508,17.773
1db6,DNA,DNA,null,,null,,SOLUTION STRUCTURE OF THE DNA APTAMER 5'-CGACCAACGTGTCGCCTGGTCG-3' COMPLEXED WITH ARGININAMIDE,1db6_AC_A_DA_7_^_A_DC_15_^,~rHoogsteen,tHW,AC,A-C,A.DA7,A.DC15,A,A,DA,DC,A,C,7,15,^,^,.,.,anti,anti,-119.462,-99.709,C1'-exo,C1'-exo,135.055,122.848,41.064,47.892,10.571,7.023,3,N7-N4(amino),3.11,N6(amino)-O2(carbonyl),2.73,N6(amino)-N3,2.81,--,0.0,--,0.0,-3.167,-0.972,1.555,18.41,17.961,-85.381,-59.96,-87.074,-176.756,165.815,56.355,179.962,127.6,122.775,179.597,-62.042,-88.84,82.689,-37.575,-47.872,41.26,45.025,-29.065,-25.977,8.053,-0.701,18.497,30.232
1ir5,DNA,DNA,null,,null,,Solution Structure of the 17mer TF1 Binding Site,1ir5_AC_A_DC_6_^_B_DA_11_^,--,cWW,AC,C-A,A.DC6,B.DA11,A,B,DC,DA,C,A,6,11,^,^,.,.,anti,anti,-154.959,-126.775,C1'-exo,C1'-exo,127.64,133.713,40.035,39.711,13.273,10.792,1,N4(amino)*N6(amino),3.12,--,0.0,--,0.0,--,0.0,--,0.0,-0.443,1.542,-0.6,-15.96,6.411,-42.916,-64.919,-63.456,-176.623,-177.509,57.409,60.941,125.643,129.472,175.304,172.741,-83.985,-96.144,-38.808,-36.881,38.841,39.699,-24.449,-27.442,2.655,6.919,22.575,18.679
1ir5,DNA,DNA,null,,null,,Solution Structure of the 17mer TF1 Binding Site,1ir5_AC_A_DC_8_^_B_DA_9_^,--,cWW,AC,C-A,A.DC8,B.DA9,A,B,DC,DA,C,A,8,9,^,^,A,.,anti,anti,-148.995,-110.35,C4'-exo,C1'-exo,37.128,130.49,36.825,39.931,12.111,9.494,2,N3-N6(amino),3.12,N4(amino)*N6(amino),2.05,--,0.0,--,0.0,--,0.0,0.198,0.181,-1.475,-2.372,-16.158,-43.966,-72.605,-67.377,177.401,-172.976,56.544,57.253,83.133,126.94,173.895,172.181,-68.998,-103.249,-11.773,-38.009,-12.379,39.292,29.361,-25.928,-37.643,4.659,31.374,20.822
1js7,DNA,DNA,null,,null,,Solution Structure of dAAUAA DNA Bulge,1js7_AC_A_DA_11_^_B_DC_23_^,--,cWW,AC,A-C,A.DA11,B.DC23,A,B,DA,DC,A,C,11,23,^,^,B,.,anti,anti,-132.046,-122.371,O4'-endo,C1'-exo,77.849,129.907,44.283,44.996,11.68,9.343,1,N6(amino)-N3,3.21,--,0.0,--,0.0,--,0.0,--,0.0,-1.987,-0.55,-2.451,-3.865,0.297,-40.58,31.929,-69.397,67.113,175.761,54.635,58.215,76.958,127.687,170.795,-128.493,-86.586,-65.069,-38.416,-42.973,16.752,44.49,9.321,-28.867,-32.723,4.983,45.344,23.75
1jve,DNA,DNA,null,,null,,NMR Structure of an AT-Rich DNA with the GAA-Hairpin Loop,1jve_AC_A_DC_12_^_A_DA_15_^,--,tWH,AC,C-A,A.DC12,A.DA15,A,A,DC,DA,C,A,12,15,^,^,.,.,anti,anti,-121.622,-75.504,C1'-exo,C2'-endo,131.506,146.294,36.553,36.042,10.797,8.529,1,O2(carbonyl)-N6(amino),2.92,--,0.0,--,0.0,--,0.0,--,0.0,4.047,-2.127,-2.788,17.855,6.718,-48.551,-72.653,63.777,-177.426,-119.291,55.45,-163.298,125.443,134.392,-166.679,-159.516,-92.145,-81.345,-34.318,-29.071,36.054,36.625,-24.223,-29.984,4.743,13.708,18.619,9.569
1l0r,DNA,DNA,null,,null,,NMR Solution Structure of Nogalamycin Intercalation Between Co-Axially Stacked Hairpins,1l0r_AC_A_DC_9_^_A_DA_12_^,--,tWH,AC,C-A,A.DC9,A.DA12,A,A,DC,DA,C,A,9,12,^,^,.,.,anti,...,-163.68,-30.364,C2'-endo,C2'-endo,163.293,167.155,44.323,42.478,11.179,9.366,1,O2(carbonyl)-N6(amino),3.01,--,0.0,--,0.0,--,0.0,--,0.0,3.911,-1.219,-1.331,-15.097,12.882,-26.666,-83.421,74.477,-179.674,-155.031,52.295,-160.6,145.348,153.039,-152.616,-167.516,-71.276,-88.37,-25.633,-22.794,43.376,40.353,-42.452,-41.415,28.038,29.641,-1.754,-4.443
1n1n,DNA,DNA,null,,null,,"Structure of Mispairing of the Deoxycytosine with Deoxyadenosine 5' to the 8,9-Dihydro-8-(N7-guanyl)-9-Hydroxy-Aflatoxin B1 Adduct",1n1n_AC_A_DC_5_^_B_DA_16_^,~Wobble,cWW,AC,C-A,A.DC5,B.DA16,A,B,DC,DA,C,A,5,16,^,^,.,.,anti,anti,-128.379,-104.439,O4'-endo,C1'-exo,88.947,140.749,41.451,38.871,10.23,9.981,2,O2(carbonyl)*N1,3.04,N3-N6(amino),3.14,--,0.0,--,0.0,--,0.0,1.535,-0.058,-0.781,11.132,-9.417,11.035,-76.882,-50.628,116.154,-158.859,51.838,59.16,90.263,130.743,-144.635,-171.429,-127.063,-100.477,-39.355,-34.146,22.867,39.742,0.762,-30.101,-24.353,11.893,40.978,13.699
1ngu,DNA,DNA,null,,null,,NMR Structure of Putative 3'Terminator for B. Anthracis pagA Gene Noncoding Strand,1ngu_AC_A_DC_5_^_A_DA_23_^,--,cWW,AC,C-A,A.DC5,A.DA23,A,A,DC,DA,C,A,5,23,^,^,.,.,anti,anti,-115.853,-107.744,C2'-endo,C2'-endo,159.774,155.69,35.354,36.603,11.507,9.837,1,N3-N6(amino),3.12,--,0.0,--,0.0,--,0.0,--,0.0,0.848,0.124,0.392,-24.209,-43.353,-21.001,-84.812,-62.051,147.094,-178.932,53.972,56.725,139.191,136.116,-177.183,175.237,-86.395,-91.194,-22.859,-25.626,35.441,37.346,-33.174,-33.358,21.356,19.914,0.673,3.319
1ngu,DNA,DNA,null,,null,,NMR Structure of Putative 3'Terminator for B. Anthracis pagA Gene Noncoding Strand,1ngu_AC_A_DC_6_^_A_DA_21_^,--,cWH,AC,C-A,A.DC6,A.DA21,A,A,DC,DA,C,A,6,21,^,^,B,B,anti,anti,-106.357,-70.341,C1'-exo,C4'-endo,140.479,231.503,43.451,31.838,11.086,8.263,1,N4(amino)-N7,3.97,--,0.0,--,0.0,--,0.0,--,0.0,2.069,-0.87,-2.762,-34.868,-23.556,-51.596,-69.059,-81.816,174.854,172.902,50.192,41.061,135.19,145.677,-82.419,175.045,138.903,-99.19,-37.839,17.669,44.635,2.682,-33.518,-19.818,12.874,30.773,15.499,-30.928
1ngu,DNA,DNA,null,,null,,NMR Structure of Putative 3'Terminator for B. Anthracis pagA Gene Noncoding Strand,1ngu_AC_A_DC_6_^_A_DA_22_^,~Wobble,cWW,AC,C-A,A.DC6,A.DA22,A,A,DC,DA,C,A,6,22,^,^,B,B,anti,anti,-106.357,-83.676,C1'-exo,C2'-endo,140.479,161.846,43.451,37.022,11.593,9.907,1,N3-N6(amino),3.1,--,0.0,--,0.0,--,0.0,--,0.0,2.49,0.177,0.567,-37.023,-30.841,-24.135,-69.059,-66.516,174.854,169.454,50.192,58.552,135.19,139.108,-82.419,166.162,138.903,-99.076,-37.839,-22.807,44.635,36.889,-33.518,-35.179,12.874,23.452,15.499,-0.744
1nk3,Protein#DNA,DNA BINDING PROTEIN/DNA,null,,,29606,"VND/NK-2 HOMEODOMAIN/DNA COMPLEX, NMR, MINIMIZED AVERAGE STRUCTURE",1nk3_AC_A_DA_8_^_B_DC_24_^,--,cWW,AC,A-C,A.DA8,B.DC24,A,B,DA,DC,A,C,8,24,^,^,B,.,anti,anti,-110.436,-136.055,C3'-exo,C1'-exo,198.357,133.305,34.719,32.287,12.58,10.339,1,N6(amino)*N4(amino),3.02,--,0.0,--,0.0,--,0.0,--,0.0,0.708,0.851,-2.257,18.894,-15.314,-37.131,39.402,-57.869,-159.043,160.217,-67.467,60.369,151.501,123.695,-168.612,-158.456,-89.913,-112.698,-0.242,-29.976,21.863,32.301,-32.952,-22.145,33.97,5.525,-21.786,15.56
1nk3,Protein#DNA,DNA BINDING PROTEIN/DNA,null,,,29606,"VND/NK-2 HOMEODOMAIN/DNA COMPLEX, NMR, MINIMIZED AVERAGE STRUCTURE",1nk3_AC_A_DC_13_^_B_DA_19_^,--,cWW,AC,C-A,A.DC13,B.DA19,A,B,DC,DA,C,A,13,19,^,^,.,B,anti,anti,-152.448,-99.186,O4'-endo,C2'-endo,102.062,150.89,32.604,39.528,12.086,10.42,1,N4(amino)-N1,3.82,--,0.0,--,0.0,--,0.0,--,0.0,-0.692,0.68,-1.244,-20.543,18.784,-23.27,-61.305,-58.491,161.3,171.715,63.025,46.682,103.29,136.494,-169.724,-158.656,-84.993,-127.008,-33.096,-30.056,23.856,40.489,-6.813,-34.535,-12.156,18.464,29.02,7.104
1old,DNA,DNA,null,,null,,"NMR STRUCTURE OF 24-MER DEOXYRIBONUCLEIC ACID, 7 STRUCTURES",1old_AC_A_DA_8_^_A_DC_17_^,~rHoogsteen,tHW,AC,A-C,A.DA8,A.DC17,A,A,DA,DC,A,C,8,17,^,^,.,.,anti,anti,-112.476,-141.466,C3'-exo,C2'-endo,186.42,147.612,36.468,55.945,10.662,7.61,3,N7-N4(amino),3.46,N6(amino)-O2(carbonyl),2.45,N6(amino)-N3,2.46,--,0.0,--,0.0,-3.226,-1.438,0.473,2.696,1.343,-67.236,99.591,66.699,105.566,-84.438,-46.807,-67.756,149.565,128.852,48.927,-102.194,60.101,-166.393,-7.264,-42.654,27.781,59.553,-36.239,-47.242,32.024,22.19,-15.57,12.211
1ybl,DNA,DNA,null,,null,,NMR structure of the i-motif tetramer of d(AACCCC),1ybl_AC_A_DA_2_^_C_DC_3_^,--,cHW,AC,A+C,A.DA2,C.DC3,A,C,DA,DC,A,C,2,3,^,^,.,.,anti,anti,-141.507,-137.695,C1'-exo,C3'-endo,113.58,28.984,13.273,22.832,10.736,8.037,1,N1-N4(amino),3.11,--,0.0,--,0.0,--,0.0,--,0.0,1.66,-1.863,-2.519,-24.896,-20.701,123.127,154.491,-49.19,-99.875,151.418,75.677,48.241,115.857,93.644,-153.105,-145.574,-88.549,-117.143,-13.403,-4.342,11.434,-10.285,-5.31,19.973,-2.606,-22.9,9.997,17.094
1ybl,DNA,DNA,null,,null,,NMR structure of the i-motif tetramer of d(AACCCC),1ybl_AC_A_DC_3_^_C_DA_2_^,--,cWH,AC,C+A,A.DC3,C.DA2,A,C,DC,DA,C,A,3,2,^,^,.,.,anti,anti,-137.473,-141.746,C3'-endo,C1'-exo,29.65,113.065,22.954,13.39,10.773,8.067,1,N4(amino)-N1,3.15,--,0.0,--,0.0,--,0.0,--,0.0,-1.641,1.885,2.552,24.878,20.943,-122.907,-47.951,154.357,150.604,-100.027,47.686,75.769,93.731,115.7,-147.438,-153.22,-115.775,-87.324,-4.629,-13.539,-10.046,11.472,19.949,-5.246,-23.001,-2.747,17.365,10.157
1ybl,DNA,DNA,null,,null,,NMR structure of the i-motif tetramer of d(AACCCC),1ybl_AC_B_DA_2_^_D_DC_3_^,--,cHW,AC,A+C,B.DA2,D.DC3,B,D,DA,DC,A,C,2,3,^,^,.,.,anti,anti,-141.269,-137.556,C1'-exo,C3'-endo,114.831,30.491,13.044,22.794,10.6,7.864,1,N1-N4(amino),3.05,--,0.0,--,0.0,--,0.0,--,0.0,1.903,-1.897,-2.597,-24.657,-20.71,122.845,154.56,-49.054,-99.973,151.723,75.683,47.853,116.192,94.038,-153.522,-148.252,-87.983,-115.341,-13.144,-4.912,11.39,-9.674,-5.478,19.642,-2.275,-22.872,9.627,17.487
1ybl,DNA,DNA,null,,null,,NMR structure of the i-motif tetramer of d(AACCCC),1ybl_AC_B_DC_3_^_D_DA_2_^,--,cWH,AC,C+A,B.DC3,D.DA2,B,D,DC,DA,C,A,3,2,^,^,.,.,anti,anti,-137.477,-141.026,C3'-endo,C1'-exo,30.424,115.779,22.609,13.366,10.623,7.873,1,N4(amino)-N1,3.03,--,0.0,--,0.0,--,0.0,--,0.0,-1.931,1.895,2.61,24.529,20.447,-123.923,-48.233,154.524,151.278,-99.07,47.381,75.723,93.997,116.09,-146.849,-153.703,-116.722,-87.522,-4.862,-13.451,-9.617,11.769,19.496,-5.813,-22.658,-2.119,17.335,9.703
2gat,Protein#DNA,TRANSCRIPTION/DNA,null,,Erythroid transcription factor,24240,"SOLUTION STRUCTURE OF THE C-TERMINAL DOMAIN OF CHICKEN GATA-1 BOUND TO DNA, NMR, REGULARIZED MEAN STRUCTURE",2gat_AC_B_DA_108_^_C_DC_126_^,--,cWW,AC,A-C,B.DA108,C.DC126,B,C,DA,DC,A,C,108,126,^,^,B,B,anti,anti,-107.896,-123.123,C2'-endo,C4'-exo,166.086,44.468,18.064,6.06,9.478,9.728,1,N1*N3,3.01,--,0.0,--,0.0,--,0.0,--,0.0,-0.743,-0.173,1.683,-0.996,-2.999,24.065,-59.988,-75.926,-170.67,-168.607,47.618,55.116,130.517,111.923,174.915,-170.847,-98.712,-82.402,-9.751,-2.741,17.128,-1.173,-17.534,4.324,12.023,-5.992,-1.489,5.504
2k4l,DNA,DNA,null,,null,,"Solution structure of a 2:1C2-(2-naphthyl)pyrrolo[2,1-c][1,4]benzodiazepine (PBD) DNA adduct: molecular basis for unexpectedly high DNA helix stabilization.",2k4l_AC_A_DC_4_^_B_DA_32_^,--,cWW,AC,C-A,A.DC4,B.DA32,A,B,DC,DA,C,A,4,32,^,^,.,.,anti,anti,-91.33,-136.068,C2'-endo,C2'-endo,174.395,170.308,34.996,27.218,8.373,9.514,1,N3*N1,3.13,--,0.0,--,0.0,--,0.0,--,0.0,-0.371,0.54,0.996,28.457,-13.49,43.703,-51.579,141.114,169.224,-151.939,55.969,-175.007,148.972,140.839,-156.679,-166.25,-87.489,-83.656,-14.73,-13.301,31.34,25.263,-34.829,-26.829,27.444,20.01,-8.106,-4.453
2k7f,Protein#DNA,REPLICATION/DNA,null,,Replication factor C subunit 1,46215,HADDOCK calculated model of the complex between the BRCT region of RFC p140 and dsDNA,2k7f_AC_B_DC_7_^_C_DA_23_^,--,cWW,AC,C-A,B.DC7,C.DA23,B,C,DC,DA,C,A,7,23,^,^,.,.,anti,anti,-128.492,-123.242,C2'-endo,C2'-endo,153.413,156.985,43.952,35.11,8.719,8.711,1,N4(amino)*N6(amino),2.91,--,0.0,--,0.0,--,0.0,--,0.0,0.027,-1.063,1.693,24.8,11.604,21.313,-54.687,-64.348,142.104,-175.945,64.904,57.356,142.288,140.311,-174.029,-179.46,-64.558,-103.094,-31.962,-23.818,44.286,34.978,-39.305,-32.315,21.792,19.215,6.084,2.666
2kyp,DNA,DNA,null,,null,,"Monomeric Human CKIT-2 proto-oncogene promoter quadruplex DNA NMR, 12 structures",2kyp_AC_A_DC_1_^_A_DA_13_^,~rWobble,tWW,AC,C+A,A.DC1,A.DA13,A,A,DC,DA,C,A,1,13,^,^,.,B,anti,anti,-102.376,-134.811,C1'-exo,C2'-endo,137.414,171.003,36.492,36.488,12.289,10.016,2,N3-N6(amino),3.04,N4(amino)-N1,3.02,--,0.0,--,0.0,--,0.0,0.165,0.988,0.221,1.431,14.307,-163.608,,55.271,,84.998,-54.167,-144.571,129.476,149.786,-148.78,-126.575,-167.688,-94.914,-32.838,-17.127,36.777,33.318,-26.867,-36.039,8.623,26.704,15.008,-6.18
2l46,Protein#DNA,VIRAL PROTEIN/DNA,null,,null,,C-terminal zinc finger of the HIVNCp7 with platinated DNA,2l46_AC_B_DA_21_^_B_DC_24_^,--,tSW,AC,A+C,B.DA21,B.DC24,B,B,DA,DC,A,C,21,24,^,^,.,.,anti,...,-96.642,-31.814,C1'-exo,O4'-exo,122.741,282.877,54.29,32.481,8.678,7.774,1,N3-N4(amino),3.22,--,0.0,--,0.0,--,0.0,--,0.0,-1.042,-2.984,-0.869,-29.324,-47.243,-124.089,-64.291,176.772,138.722,-145.868,37.243,42.939,110.799,125.469,-56.041,-138.504,83.825,-106.979,-53.501,32.958,50.616,-23.758,-29.362,7.238,-1.651,11.85,34.772,-28.885
2mo7,DNA,DNA,null,,null,,Solution NMR structure of DNA dodecamer with A:C mismatch,2mo7_AC_A_DA_4_^_B_DC_21_^,~Wobble,cWW,AC,A-C,A.DA4,B.DC21,A,B,DA,DC,A,C,4,21,^,^,B,B,anti,anti,-104.537,-126.985,C2'-endo,O4'-endo,167.262,100.059,33.531,36.892,10.75,10.028,2,N6(amino)-N3,2.98,N1*O2(carbonyl),3.08,--,0.0,--,0.0,--,0.0,-2.266,-0.162,-0.054,13.826,-21.548,2.278,-74.024,-68.317,171.124,166.768,54.11,60.759,140.836,102.498,-178.825,-172.798,-88.692,-86.5,-18.012,-37.261,32.146,26.203,-32.706,-6.444,23.616,-15.182,-3.787,33.149
2mo7,DNA,DNA,null,,null,,Solution NMR structure of DNA dodecamer with A:C mismatch,2mo7_AC_A_DC_9_^_B_DA_16_^,~Wobble,cWW,AC,C-A,A.DC9,B.DA16,A,B,DC,DA,C,A,9,16,^,^,B,B,anti,anti,-126.944,-104.331,O4'-endo,C2'-endo,96.355,168.268,35.974,34.566,10.759,10.059,2,O2(carbonyl)*N1,3.07,N3-N6(amino),3.01,--,0.0,--,0.0,--,0.0,2.279,-0.149,-0.099,-11.29,-20.381,2.881,-69.094,-77.081,166.435,175.925,60.159,58.815,100.254,142.064,-174.244,-176.865,-84.891,-87.931,-35.856,-18.061,23.861,33.091,-3.982,-33.844,-16.981,24.951,33.339,-4.571
2o80,DNA,DNA,null,,null,,Duplex DNA containing an abasic site with an opposite dC (alpha anomer) in 5'-G_AC-3' (10 structure ensemble and averaged structure),2o80_AC_A_DA_8_^_B_DC_20_^,~Wobble,cWW,AC,A-C,A.DA8,B.DC20,A,B,DA,DC,A,C,8,20,^,^,.,.,anti,anti,-114.024,-98.635,C1'-exo,C3'-exo,134.077,182.473,40.348,34.265,9.949,9.705,1,N1-N4(amino),2.87,--,0.0,--,0.0,--,0.0,--,0.0,1.793,-0.523,1.712,-12.991,-8.409,11.239,,-70.522,-175.434,-178.496,55.862,57.283,123.366,145.185,-179.443,-179.853,-105.083,-100.771,-37.063,-9.298,42.403,28.709,-28.067,-34.233,8.731,29.723,18.476,-12.835
2o82,DNA,DNA,null,,null,,Duplex DNA containing an abasic site with an opposite dC (beta anomer) in 5'-G_AC-3' (10 structure ensemble and averaged structure),2o82_AC_A_DA_8_^_B_DC_20_^,~Wobble,cWW,AC,A-C,A.DA8,B.DC20,A,B,DA,DC,A,C,8,20,^,^,.,.,anti,anti,-122.812,-101.445,C1'-exo,C2'-endo,140.895,157.663,31.508,36.857,8.865,9.273,1,N1-N4(amino),2.97,--,0.0,--,0.0,--,0.0,--,0.0,1.767,-0.835,1.943,-19.178,11.832,22.441,,-62.04,-170.124,-172.756,50.105,56.976,131.198,137.869,-178.676,171.501,-96.978,-73.434,-27.56,-24.554,33.767,38.86,-24.45,-34.092,10.133,21.887,9.97,1.584
3gat,Protein#DNA,TRANSCRIPTION/DNA,null,,Erythroid transcription factor,24240,"SOLUTION NMR STRUCTURE OF THE C-TERMINAL DOMAIN OF CHICKEN GATA-1 BOUND TO DNA, 34 STRUCTURES",3gat_AC_B_DA_108_^_C_DC_126_^,--,cWW,AC,A-C,B.DA108,C.DC126,B,C,DA,DC,A,C,108,126,^,^,B,B,anti,anti,-110.578,-120.66,C2'-endo,C4'-exo,160.773,67.019,17.074,4.004,9.489,9.808,1,N1*N3,3.11,--,0.0,--,0.0,--,0.0,--,0.0,-0.544,-0.046,1.77,-0.411,-1.701,26.174,-60.011,-60.507,-179.25,-179.962,50.027,50.004,128.227,115.063,-179.984,-169.978,-99.986,-85.94,-10.485,-3.055,16.608,0.805,-16.122,1.563,10.053,-3.407,0.264,4.079
5mcr,DNA,DNA,null,,null,,Quadruplex with flipped tetrad formed by an artificial sequence,5mcr_AC_A_DA_4_^_A_DC_10_^,--,tWW,AC,A+C,A.DA4,A.DC10,A,A,DA,DC,A,C,4,10,^,^,.,.,anti,anti,-97.978,-81.783,C3'-exo,C1'-exo,183.381,121.482,30.698,42.474,11.73,9.215,1,N1-N4(amino),3.33,--,0.0,--,0.0,--,0.0,--,0.0,0.912,-1.611,2.623,32.915,13.786,135.289,-63.76,-72.945,-178.214,174.499,58.246,55.922,148.148,116.961,-86.434,-83.949,68.839,79.825,-8.474,-42.245,25.113,39.358,-30.644,-22.181,27.243,-1.885,-11.916,27.991
5mcr,DNA,DNA,null,,null,,Quadruplex with flipped tetrad formed by an artificial sequence,5mcr_AC_A_DA_18_^_A_DC_19_^,Platform,cSH,AC,A+C,A.DA18,A.DC19,A,A,DA,DC,A,C,18,19,^,^,.,.,anti,anti,-163.979,-154.377,C1'-exo,C2'-endo,132.024,152.187,31.145,35.453,6.7,6.887,1,N3-N4(amino),3.71,--,0.0,--,0.0,--,0.0,--,0.0,7.806,1.502,1.144,-11.837,4.866,12.718,171.418,-105.528,-145.251,154.64,55.197,55.458,121.911,138.819,-97.789,-100.324,178.191,76.323,-29.249,-26.345,30.626,35.908,-20.85,-31.358,4.379,17.051,15.711,5.71
