pdbid,mmtype,mmclass,reso,name,uniprot,gpid,title,pairid,bp_type,LW,bp_name,bp_motif,nt_1,nt_2,chid_1,chid_2,resn_1,resn_2,resc_1,resc_2,resi_1,resi_2,icode_1,icode_2,form_1,form_2,conf_1,conf_2,chi_1,chi_2,pucker_1,pucker_2,phase_1,phase_2,ampli_1,ampli_2,C1C1_dist,C6C8_dist,hbonds_num,hbonds_desc_1,hbonds_len_1,hbonds_desc_2,hbonds_len_2,hbonds_desc_3,hbonds_len_3,hbonds_desc_4,hbonds_len_4,hbonds_desc_5,hbonds_len_5,hbonds_desc_6,hbonds_len_6,shear,stretch,stagger,buckle,propeller,opening,alpha_1,alpha_2,beta_1,beta_2,gamma_1,gamma_2,delta_1,delta_2,epsilon_1,epsilon_2,zeta_1,zeta_2,v0_1,v0_2,v1_1,v1_2,v2_1,v2_2,v3_1,v3_2,v4_1,v4_2
1f66,Protein#DNA,STRUCTURAL PROTEIN/DNA,2.6,Nucleosome,Histone H3.2,55 201 9501 44577,2.6 A CRYSTAL STRUCTURE OF A NUCLEOSOME CORE PARTICLE CONTAINING THE VARIANT HISTONE H2A.Z,1f66_TT_I_DT_62_^_J_DT_232_^,--,cWW,TT,T-T,1:I.DT62,1:J.DT232,I,J,DT,DT,T,T,62,232,^,^,.,.,anti,anti,-87.325,-103.193,C2'-endo,C2'-endo,164.765,154.829,27.933,39.81,8.487,9.47,1,O2(carbonyl)-N3(imino),3.87,--,0.0,--,0.0,--,0.0,--,0.0,--,0,1.128,-0.276,1.6,1.844,-19.533,35.516,28.099,-33.764,166.93,145.464,-39.519,48.949,142.34,139.783,-161.373,-167.676,-106.599,-96.035,-15.781,-28.179,26.698,40.064,-26.951,-36.03,18.245,20.65,-1.643,4.518
1jb7,Protein#DNA,DNA-BINDING PROTEIN/DNA,1.86,,Telomere-binding protein subunit alpha,3492 37843,DNA G-Quartets in a 1.86 A Resolution Structure of an Oxytricha nova Telomeric Protein-DNA Complex,1jb7_TT_D_DT_5_^_D_DT_8_^,--,t.W,TT,T+T,1:D.DT5,1:D.DT8,D,D,DT,DT,T,T,5,8,^,^,.,.,anti,anti,173.001,-162.642,O4'-endo,C2'-endo,107.199,170.373,43.059,34.636,8.165,9.019,1,O2(carbonyl)-N3(imino),2.92,--,0.0,--,0.0,--,0.0,--,0.0,--,0,-1.743,-4.495,-1.056,40.187,-16.929,-141.355,-71.001,62.211,137.124,-168.069,67.518,59.451,118.157,147.951,-151.872,-166.504,-69.217,-83.152,-44.096,-16.719,33.455,31.885,-12.732,-34.148,-12.324,25.264,36.721,-5.513
1jb7,Protein#DNA,DNA-BINDING PROTEIN/DNA,1.86,,Telomere-binding protein subunit alpha,3492 37843,DNA G-Quartets in a 1.86 A Resolution Structure of an Oxytricha nova Telomeric Protein-DNA Complex,1jb7_TT_G_DT_5_^_G_DT_7_^,--,tSW,TT,T+T,1:G.DT5,1:G.DT7,G,G,DT,DT,T,T,5,7,^,^,B,.,anti,anti,-108.207,-177.056,C1'-exo,C3'-exo,127.542,185.42,35.734,33.942,7.636,8.409,1,O2(carbonyl)-N3(imino),2.8,--,0.0,--,0.0,--,0.0,--,0.0,--,0,-0.731,-4.497,0.688,-3.082,-32.064,-107.882,-52.599,147.146,176.275,-162.945,44.832,57.051,117.75,153.469,-169.958,-135.285,-108.04,-85.76,-34.444,-7.754,34.573,26.289,-21.774,-33.79,2.137,29.853,20.321,-14.057
1jb7,Protein#DNA,DNA-BINDING PROTEIN/DNA,1.86,,Telomere-binding protein subunit alpha,3492 37843,DNA G-Quartets in a 1.86 A Resolution Structure of an Oxytricha nova Telomeric Protein-DNA Complex,1jb7_TT_H_DT_5_^_H_DT_7_^,--,tSW,TT,T+T,1:H.DT5,1:H.DT7,H,H,DT,DT,T,T,5,7,^,^,B,.,anti,anti,-108.38,-178.353,C1'-exo,C2'-endo,141.361,174.638,36.275,31.441,7.551,8.339,1,O2(carbonyl)-N3(imino),2.79,--,0.0,--,0.0,--,0.0,--,0.0,--,0,-0.475,-4.316,0.952,0.022,-32.946,-102.576,-41.001,152.411,170.617,-161.538,49.074,51.375,127.911,144.995,-158.528,-140.135,-114.277,-80.67,-31.149,-12.915,36.884,27.825,-28.334,-31.303,10.928,24.364,12.606,-7.334
1jrn,DNA,DNA,2.0,,null,,Orthorhombic form of Oxytricha telomeric DNA at 2.0A,1jrn_TT_A_DT_1005_^_A_DT_1007_^,--,tSW,TT,T+T,1:A.DT1005,1:A.DT1007,A,A,DT,DT,T,T,1005,1007,^,^,B,.,anti,anti,-142.967,-178.988,C4'-exo,C3'-exo,66.225,189.501,35.973,36.326,7.577,8.593,1,O2(carbonyl)-N3(imino),3.09,--,0.0,--,0.0,--,0.0,--,0.0,--,0,-0.435,-4.75,0.391,-1.431,-21.712,-99.927,-79.335,145.022,172.452,-170.372,74.068,58.683,88.169,152.474,-166.769,-139.412,-86.273,-80.617,-27.343,-5.684,7.089,26.306,14.503,-35.828,-30.52,33.147,36.366,-17.296
1jrn,DNA,DNA,2.0,,null,,Orthorhombic form of Oxytricha telomeric DNA at 2.0A,1jrn_TT_B_DT_2005_^_B_DT_2007_^,Metal,tSW,TT,T+T,1:B.DT2005,1:B.DT2007,B,B,DT,DT,T,T,2005,2007,^,^,B,.,anti,anti,-125.335,-164.127,O4'-endo,C3'-exo,93.794,188.463,31.749,39.313,7.479,8.429,1,O2(carbonyl)-N3(imino),2.99,--,0.0,--,0.0,--,0.0,--,0.0,--,0,-0.446,-4.541,1.056,-0.408,-28.907,-100.095,-56.53,139.659,175.65,-157.234,51.011,60.87,100.137,156.003,175.507,-129.932,-87.564,-96.389,-31.36,-6.874,20.079,29.055,-2.101,-38.885,-16.221,35.603,29.84,-18.133
1kx4,Protein#DNA,STRUCTURAL PROTEIN/DNA,2.6,Nucleosome,Histone H3.2,55 157 201 233,"X-Ray Structure of the Nucleosome Core Particle, NCP146b, at 2.6 A Resolution",1kx4_TT_I_DT_47_^_J_DT_-48_^,--,cWW,TT,T-T,1:I.DT47,1:J.DT-48,I,J,DT,DT,T,T,47,-48,^,^,B,.,anti,anti,-121.529,-102.164,C2'-endo,C2'-endo,148.578,156.632,37.694,37.452,11.199,8.943,1,O4(carbonyl)-N3(imino),3.52,--,0.0,--,0.0,--,0.0,--,0.0,--,0,-1.281,-0.788,-2.268,-14.894,-7.134,-41.256,-44.535,-60.706,126.583,-154.024,50.471,46.847,136.362,142.823,-161.539,-140.335,-106.951,-173.179,-29.583,-25.652,38.232,37.395,-32.166,-34.38,15.8,20.414,8.466,3.084
1l1h,DNA,DNA,1.75,,null,,Crystal Structure of the Quadruplex DNA-Drug Complex,1l1h_TT_B_DT_2005_^_B_DT_2007_^,--,tSW,TT,T+T,1:B.DT2005,1:B.DT2007,B,B,DT,DT,T,T,2005,2007,^,^,B,.,anti,anti,-135.313,-176.355,O4'-endo,C3'-exo,74.542,185.908,44.392,35.58,7.473,8.486,1,O2(carbonyl)-N3(imino),2.93,--,0.0,--,0.0,--,0.0,--,0.0,--,0,-0.814,-4.803,0.252,1.638,-26.678,-104.566,-66.95,155.538,166.294,-163.123,61.661,48.756,85.247,152.129,-179.475,-139.896,-85.92,-86.231,-37.704,-7.901,14.945,27.32,11.832,-35.391,-34.015,31.494,45.02,-14.999
1m18,Protein#DNA,STRUCTURAL PROTEIN/DNA,2.45,Nucleosome,Histone H3.3C,55 157 201 13530,LIGAND BINDING ALTERS THE STRUCTURE AND DYNAMICS OF NUCLEOSOMAL DNA,1m18_TT_I_DT_128_^_J_DT_166_^,--,cWW,TT,T-T,1:I.DT128,1:J.DT166,I,J,DT,DT,T,T,128,166,^,^,.,.,anti,anti,-113.807,-106.477,C2'-endo,C2'-endo,159.253,149.461,35.626,34.841,8.261,9.188,1,O2(carbonyl)*O2(carbonyl),3.07,--,0.0,--,0.0,--,0.0,--,0.0,--,0,0.442,-0.594,1.864,-6.48,-19.573,33.188,-50.244,-49.93,-163.613,165.207,41.294,46.266,141.521,131.402,175.734,177.318,-92.312,-95.446,-23.031,-26.952,35.03,35.35,-33.316,-30.008,20.61,15.104,1.39,7.288
1m1a,Protein#DNA,STRUCTURAL PROTEIN/DNA,2.65,Nucleosome,Histone H3.3C,55 157 201 13530,LIGAND BINDING ALTERS THE STRUCTURE AND DYNAMICS OF NUCLEOSOMAL DNA,1m1a_TT_I_DT_123_^_J_DT_169_^,--,cWW,TT,T-T,1:I.DT123,1:J.DT169,I,J,DT,DT,T,T,123,169,^,^,B,B,anti,anti,-112.587,-95.064,C2'-endo,C2'-endo,151.754,154.732,32.776,38.299,11.667,9.657,1,O4(carbonyl)*O4(carbonyl),3.18,--,0.0,--,0.0,--,0.0,--,0.0,--,0,0.243,-0.19,-2.201,15.206,-16.93,-31.213,-38.707,-69.811,154.434,-163.34,41.756,46.243,131.601,140.698,-155.058,-162.835,-129.027,-57.5,-24.301,-27.136,33.01,38.417,-28.873,-34.635,15.199,19.726,5.628,4.488
1m6x,Protein#DNA,"LIGASE, LYASE/DNA",2.8,,Site-specific recombinase Flp,17603,Flpe-Holliday Junction Complex,1m6x_TT_E_DT_1_^_H_DT_32_^,--,t.W,TT,T-T,1:E.DT1,1:H.DT32,E,H,DT,DT,T,T,1,32,^,^,.,-,anti,anti,-150.427,-161.296,O4'-exo,O4'-endo,264.069,82.835,8.167,30.418,12.28,9.365,1,O4(carbonyl)-N3(imino),3.91,--,0.0,--,0.0,--,0.0,--,0.0,--,0,-3.636,0.039,-1.809,21.06,-10.252,-64.015,,115.609,,-107.456,60.252,-178.686,122.635,100.272,177.799,,32.012,,7.633,-28.123,-3.949,14.157,-0.844,3.794,5.257,-20.1,-8.16,30.505
1mnv,Protein#DNA,DNA/ANTIBIOTIC,2.6,,null,,Actinomycin D binding to ATGCTGCAT,1mnv_TT_A_DT_5_^_B_DT_14_^,--,cWW,TT,T-T,1:A.DT5,1:B.DT14,A,B,DT,DT,T,T,5,14,^,^,.,.,anti,anti,-104.238,-132.443,C4'-exo,C4'-exo,65.822,40.686,43.283,43.401,8.365,8.736,2,O2(carbonyl)-N3(imino),2.78,N3(imino)-O4(carbonyl),3.28,--,0.0,--,0.0,--,0.0,--,0,2.252,-1.47,0.057,-1.513,11.677,24.57,-77.338,-65.246,162.363,132.074,53.798,89.322,82.228,55.765,-153.843,-118.812,-111.125,-91.672,-32.119,-17.089,8.122,-12.425,17.727,32.91,-37.759,-44.596,43.524,37.819
1njy,Protein#DNA,TRANSFERASE/DNA,2.0,,DNA polymerase I,796,THYMINE-THYMINE MISMATCH AT THE POLYMERASE ACTIVE SITE,1njy_TT_B_DT_29_^_C_DT_4_^,--,cWW,TT,T-T,1:B.DT29,1:C.DT4,B,C,DT,DT,T,T,29,4,^,^,-,.,anti,anti,-116.692,-160.261,C2'-endo,C3'-endo,162.029,17.202,30.982,33.542,8.956,8.473,2,O2(carbonyl)-N3(imino),3.34,N3(imino)-O4(carbonyl),2.91,--,0.0,--,0.0,--,0.0,--,0,2.024,-1.571,-0.349,27.37,-16.374,3.304,-59.908,-50.548,178.785,-169.65,59.046,52.98,141.005,87.552,,-151.913,,-55.81,-18.74,0.74,30.096,-21.083,-29.47,32.041,19.118,-32.401,-0.298,19.951
1p3b,Protein#DNA,STRUCTURAL PROTEIN/DNA,3.0,Nucleosome,Histone H3.2,157 1991 5318 46623,Crystallographic Studies of Nucleosome Core Particles containing Histone 'Sin' Mutants,1p3b_TT_I_DT_20_^_J_DT_274_^,--,cWW,TT,T-T,1:I.DT20,1:J.DT274,I,J,DT,DT,T,T,20,274,^,^,.,.,anti,anti,-113.355,-95.106,C2'-endo,C2'-endo,145.871,154.987,40.186,35.026,8.369,9.134,1,O2(carbonyl)*O2(carbonyl),3.17,--,0.0,--,0.0,--,0.0,--,0.0,--,0,-0.595,-0.801,2.187,-9.842,-24.307,28.116,-43.393,-46.344,153.373,-162.563,41.819,33.262,132.706,137.628,165.482,154.951,-88.343,-84.847,-32.797,-24.661,41.052,35.063,-33.265,-31.741,15.207,18.114,10.751,3.97
1p3i,Protein#DNA,STRUCTURAL PROTEIN/DNA,2.3,Nucleosome,Histone H3.2,157 1991 5318 46626,Crystallographic Studies of Nucleosome Core Particles containing Histone 'Sin' Mutants,1p3i_TT_I_DT_62_^_J_DT_232_^,--,cWW,TT,T-T,1:I.DT62,1:J.DT232,I,J,DT,DT,T,T,62,232,^,^,.,.,anti,anti,-91.301,-92.882,C2'-endo,C2'-endo,177.345,159.78,27.233,35.339,8.524,9.431,1,O2(carbonyl)-N3(imino),3.88,--,0.0,--,0.0,--,0.0,--,0.0,--,0,1.292,-0.399,1.655,-2.099,-8.704,34.915,32.143,-60.178,176.612,175.395,-56.542,45.544,144.77,141.697,-163.299,-179.337,-110.757,-92.487,-9.962,-22.603,23.434,34.786,-27.203,-33.161,21.87,20.799,-7.644,1.001
1p3m,Protein#DNA,STRUCTURAL PROTEIN/DNA,2.9,Nucleosome,Histone H3.2,55 157 1991 44648,Crystallographic Studies of Nucleosome Core Particles containing Histone 'Sin' Mutants,1p3m_TT_I_DT_62_^_J_DT_232_^,--,cWW,TT,T-T,1:I.DT62,1:J.DT232,I,J,DT,DT,T,T,62,232,^,^,.,.,anti,anti,-85.365,-83.54,C2'-endo,C2'-endo,145.248,159.589,37.032,35.136,8.306,9.626,1,O2(carbonyl)*O2(carbonyl),3.24,--,0.0,--,0.0,--,0.0,--,0.0,--,0,-0.468,0.135,1.903,2.981,-20.014,42.739,-50.796,-64.28,179.884,-160.879,28.212,46.716,133.794,141.405,-139.606,-172.3,-136.358,-101.72,-30.385,-22.582,38.017,34.598,-30.427,-32.93,13.693,20.593,10.259,1.126
1p51,Protein#DNA,DNA Binding Protein/DNA,2.5,,DNA-binding protein HU,9734,Anabaena HU-DNA cocrystal structure (AHU6),1p51_TT_E_DT_11_^_F_DT_11_^,--,cWW,TT,T-T,1:E.DT11,1:F.DT11,E,F,DT,DT,T,T,11,11,^,^,B,B,anti,anti,-123.557,-95.508,C3'-exo,C3'-exo,185.418,185.388,28.752,28.542,8.268,8.12,2,N3(imino)-O2(carbonyl),2.59,O4(carbonyl)-N3(imino),2.51,--,0.0,--,0.0,--,0.0,--,0,-2.357,-2.264,-0.549,-6.167,-20.374,15.418,-16.9,49.694,-102.337,172.463,-79.466,-66.175,144.688,144.627,-156.14,-158.635,-82.798,-122.516,-6.674,-6.669,22.283,22.217,-28.623,-28.416,25.351,25.243,-11.96,-11.892
1p71,Protein#DNA,DNA Binding Protein/DNA,1.9,,DNA-binding protein HU,9734,Anabaena HU-DNA corcrystal structure (TR3),1p71_TT_C_DT_4_^_D_DT_16_^,--,cWW,TT,T-T,1:C.DT4,1:D.DT16,C,D,DT,DT,T,T,4,16,^,^,.,B,anti,anti,-140.956,-106.994,C4'-exo,C2'-endo,43.143,145.393,42.55,36.202,8.567,8.199,2,O2(carbonyl)-N3(imino),2.75,N3(imino)-O4(carbonyl),2.69,--,0.0,--,0.0,--,0.0,--,0,1.885,-1.995,-0.024,15.891,0.906,8.942,-57.982,-74.713,177.349,-167.512,50.803,55.592,81.27,135.514,-169.017,-170.74,-81.113,-103.724,-18.345,-29.907,-9.057,36.137,31.047,-29.797,-42.042,13.321,38.22,10.558
1p71,Protein#DNA,DNA Binding Protein/DNA,1.9,,DNA-binding protein HU,9734,Anabaena HU-DNA corcrystal structure (TR3),1p71_TT_C_DT_11_^_D_DT_11_^,--,cWW,TT,T-T,1:C.DT11,1:D.DT11,C,D,DT,DT,T,T,11,11,^,^,B,B,anti,anti,-121.108,-124.625,C1'-exo,C2'-endo,128.694,147.879,22.066,24.333,8.413,8.241,2,O2(carbonyl)-N3(imino),2.52,N3(imino)-O4(carbonyl),2.57,--,0.0,--,0.0,--,0.0,--,0,2.264,-2.14,0.01,-0.917,-17.88,12.733,-49.139,70.761,-163.403,171.098,20.553,-86.282,124.07,132.809,-172.503,-172.132,-99.644,-81.735,-21.161,-19.167,21.539,24.974,-13.795,-20.608,1.883,10.047,12.189,5.724
1p71,Protein#DNA,DNA Binding Protein/DNA,1.9,,DNA-binding protein HU,9734,Anabaena HU-DNA corcrystal structure (TR3),1p71_TT_C_DT_16_^_D_DT_4_^,--,cWW,TT,T-T,1:C.DT16,1:D.DT4,C,D,DT,DT,T,T,16,4,^,^,B,.,anti,anti,-111.812,-109.815,C2'-endo,O4'-endo,173.205,97.016,36.329,28.935,8.772,8.645,2,N3(imino)-O2(carbonyl),2.91,O4(carbonyl)-N3(imino),2.93,--,0.0,--,0.0,--,0.0,--,0,-2.856,-1.755,0.043,-20.596,6.534,11.824,-72.665,-55.187,-154.289,168.154,58.748,32.545,145.928,108.445,-159.238,-167.011,-99.835,-133.135,-15.935,-29.179,31.824,19.647,-36.074,-3.534,27.254,-13.136,-7.277,26.425
1p78,Protein#DNA,DNA BINDING PROTEIN/DNA,2.25,,DNA-binding protein HU,9734,Anabaena HU-DNA cocrystal structure (AHU2),1p78_TT_C_DT_11_^_D_DT_11_^,--,cWW,TT,T-T,1:C.DT11,1:D.DT11,C,D,DT,DT,T,T,11,11,^,^,B,B,anti,anti,-139.192,-141.678,O4'-endo,O4'-endo,88.629,78.673,35.645,37.429,8.599,8.3,2,O2(carbonyl)-N3(imino),2.56,N3(imino)-O4(carbonyl),2.57,--,0.0,--,0.0,--,0.0,--,0,2.117,-2.086,0.193,-2.909,-20.562,9.952,-74.709,-66.904,-175.279,-161.785,56.693,21.36,101.826,95.936,-171.098,179.558,-88.038,-67.787,-34.339,-32.918,19.657,14.826,0.853,7.351,-20.9,-27.104,34.775,38.104
1pa6,Protein#DNA,DNA BINDING PROTEIN/DNA,2.45,,Telomere-binding protein subunit alpha,3492 5667,Crystal structure of the OXYTRICHA nova telomere end-binding protein complexed with noncognate ssDNA GGGGTTTTGAGG,1pa6_TT_D_DT_5_^_D_DT_8_^,--,tWW,TT,T+T,1:D.DT5,1:D.DT8,D,D,DT,DT,T,T,5,8,^,^,.,.,anti,anti,-125.811,-155.718,C2'-endo,C2'-endo,162.956,162.153,37.126,38.609,8.004,9.135,1,O2(carbonyl)-N3(imino),3.08,--,0.0,--,0.0,--,0.0,--,0.0,--,0,-1.271,-4.192,-1.383,41.115,-38.835,-144.504,-67.043,81.546,154.523,-179.858,54.112,66.416,145.729,144.147,-155.556,-153.211,-88.509,-97.573,-22.115,-23.593,35.968,37.705,-35.495,-36.751,23.532,24.213,-1.06,-0.669
1pa6,Protein#DNA,DNA BINDING PROTEIN/DNA,2.45,,Telomere-binding protein subunit alpha,3492 5667,Crystal structure of the OXYTRICHA nova telomere end-binding protein complexed with noncognate ssDNA GGGGTTTTGAGG,1pa6_TT_G_DT_5_^_G_DT_7_^,--,tSW,TT,T+T,1:G.DT5,1:G.DT7,G,G,DT,DT,T,T,5,7,^,^,B,.,anti,anti,-102.526,-171.16,C1'-exo,C2'-endo,138.595,177.234,36.886,33.512,7.707,8.348,1,O2(carbonyl)-N3(imino),2.77,--,0.0,--,0.0,--,0.0,--,0.0,--,0,-0.454,-4.179,1.384,-7.02,-32.992,-104.467,-49.87,138.25,-178.485,-156.903,41.234,66.152,129.078,150.626,-173.502,-135.317,-113.199,-79.91,-32.679,-12.3,37.245,28.75,-27.666,-33.473,9.372,26.809,14.53,-9.263
1pa6,Protein#DNA,DNA BINDING PROTEIN/DNA,2.45,,Telomere-binding protein subunit alpha,3492 5667,Crystal structure of the OXYTRICHA nova telomere end-binding protein complexed with noncognate ssDNA GGGGTTTTGAGG,1pa6_TT_H_DT_5_^_H_DT_7_^,--,tSW,TT,T+T,1:H.DT5,1:H.DT7,H,H,DT,DT,T,T,5,7,^,^,B,.,anti,anti,-102.994,-177.467,C2'-endo,C2'-endo,146.75,168.222,34.556,33.839,7.536,8.336,1,O2(carbonyl)-N3(imino),2.81,--,0.0,--,0.0,--,0.0,--,0.0,--,0,-0.361,-4.246,1.12,2.154,-37.498,-101.922,-35.673,140.498,175.584,-155.335,42.2,60.568,129.276,145.705,-165.871,-136.995,-109.227,-84.319,-27.746,-17.428,34.983,31.535,-28.899,-33.127,13.344,23.673,8.926,-4.031
1ph3,Protein#DNA,DNA binding protein/DNA,2.3,,Telomere-binding protein subunit alpha,3492 5667,CRYSTAL STRUCTURE OF THE OXYTRICHA NOVA TELOMERE END-BINDING PROTEIN COMPLEXED WITH NONCOGNATE SSDNA GGGGTTTTGGTG,1ph3_TT_G_DT_5_^_G_DT_7_^,--,tSW,TT,T+T,1:G.DT5,1:G.DT7,G,G,DT,DT,T,T,5,7,^,^,B,.,anti,anti,-103.837,-175.246,C1'-exo,C3'-exo,133.69,182.635,36.977,31.569,7.808,8.487,1,O2(carbonyl)-N3(imino),2.79,--,0.0,--,0.0,--,0.0,--,0.0,--,0,-0.501,-4.212,0.959,-1.598,-34.867,-108.693,-48.757,139.017,169.587,-155.545,43.981,63.384,125.153,150.978,-174.142,-137.752,-113.086,-84.188,-33.891,-8.716,37.02,25.573,-25.542,-31.536,6.276,27.049,17.654,-11.707
1ph3,Protein#DNA,DNA binding protein/DNA,2.3,,Telomere-binding protein subunit alpha,3492 5667,CRYSTAL STRUCTURE OF THE OXYTRICHA NOVA TELOMERE END-BINDING PROTEIN COMPLEXED WITH NONCOGNATE SSDNA GGGGTTTTGGTG,1ph3_TT_D_DT_5_^_D_DT_8_^,--,tWW,TT,T+T,1:D.DT5,1:D.DT8,D,D,DT,DT,T,T,5,8,^,^,.,.,anti,anti,-122.445,-155.87,C2'-endo,C2'-endo,161.986,173.142,35.156,35.533,7.942,9.099,1,O2(carbonyl)-N3(imino),3.08,--,0.0,--,0.0,--,0.0,--,0.0,--,0,-1.614,-4.317,-1.925,44.064,-39.289,-149.75,-60.522,85.365,151.597,-168.577,50.501,60.276,139.944,149.395,-162.587,-171.44,-85.479,-83.889,-21.421,-15.61,34.057,32.244,-33.433,-35.279,21.711,27.282,-0.307,-7.514
1ph3,Protein#DNA,DNA binding protein/DNA,2.3,,Telomere-binding protein subunit alpha,3492 5667,CRYSTAL STRUCTURE OF THE OXYTRICHA NOVA TELOMERE END-BINDING PROTEIN COMPLEXED WITH NONCOGNATE SSDNA GGGGTTTTGGTG,1ph3_TT_H_DT_5_^_H_DT_7_^,--,tSW,TT,T+T,1:H.DT5,1:H.DT7,H,H,DT,DT,T,T,5,7,^,^,B,.,anti,anti,-114.371,-174.167,C1'-exo,C2'-endo,137.738,175.749,36.479,31.746,7.533,8.36,1,O2(carbonyl)-N3(imino),2.76,--,0.0,--,0.0,--,0.0,--,0.0,--,0,-0.703,-4.366,1.057,0.724,-30.704,-105.516,-48.173,141.828,175.015,-150.774,52.157,56.947,129.469,148.433,-159.673,-135.321,-114.457,-92.985,-32.491,-12.511,37.075,27.766,-26.997,-31.659,8.906,25.037,14.843,-7.997
1ph4,Protein#DNA,DNA binding protein/DNA,2.3,,Telomere-binding protein subunit alpha,3492 5667,CRYSTAL STRUCTURE OF THE OXYTRICHA NOVA TELOMERE END-BINDING PROTEIN COMPLEXED WITH NONCOGNATE SSDNA GGGGTTTTGGCG,1ph4_TT_G_DT_5_^_G_DT_7_^,--,tSW,TT,T+T,1:G.DT5,1:G.DT7,G,G,DT,DT,T,T,5,7,^,^,B,.,anti,anti,-101.288,-177.722,C1'-exo,C3'-exo,140.782,181.284,36.499,32.838,7.79,8.513,1,O2(carbonyl)-N3(imino),2.84,--,0.0,--,0.0,--,0.0,--,0.0,--,0,-0.472,-4.3,0.745,-0.022,-33.749,-107.387,-50.127,140.878,174.211,-157.204,43.523,60.565,127.753,150.991,-169.464,-136.382,-115.195,-81.947,-31.56,-9.845,36.965,26.967,-28.277,-32.829,10.602,27.716,13.101,-11.36
1ph4,Protein#DNA,DNA binding protein/DNA,2.3,,Telomere-binding protein subunit alpha,3492 5667,CRYSTAL STRUCTURE OF THE OXYTRICHA NOVA TELOMERE END-BINDING PROTEIN COMPLEXED WITH NONCOGNATE SSDNA GGGGTTTTGGCG,1ph4_TT_D_DT_5_^_D_DT_8_^,--,tWW,TT,T+T,1:D.DT5,1:D.DT8,D,D,DT,DT,T,T,5,8,^,^,.,.,anti,anti,-120.191,-157.442,C2'-endo,C2'-endo,160.452,170.696,34.828,34.492,7.857,9.016,1,O2(carbonyl)-N3(imino),3.07,--,0.0,--,0.0,--,0.0,--,0.0,--,0,-1.661,-4.314,-1.939,40.917,-41.796,-150.897,-60.409,85.294,151.881,-171.684,48.287,59.117,140.849,146.809,-161.841,-167.881,-86.05,-86.637,-21.933,-16.459,34.109,31.72,-32.821,-34.038,20.78,25.295,0.603,-5.722
1ph4,Protein#DNA,DNA binding protein/DNA,2.3,,Telomere-binding protein subunit alpha,3492 5667,CRYSTAL STRUCTURE OF THE OXYTRICHA NOVA TELOMERE END-BINDING PROTEIN COMPLEXED WITH NONCOGNATE SSDNA GGGGTTTTGGCG,1ph4_TT_H_DT_5_^_H_DT_7_^,--,tSW,TT,T+T,1:H.DT5,1:H.DT7,H,H,DT,DT,T,T,5,7,^,^,B,.,anti,anti,-109.985,-175.858,C2'-endo,C2'-endo,145.062,174.631,36.668,32.12,7.532,8.383,1,O2(carbonyl)-N3(imino),2.81,--,0.0,--,0.0,--,0.0,--,0.0,--,0,-0.66,-4.399,1.07,1.417,-29.783,-104.332,-46.068,146.875,177.143,-157.326,49.768,54.673,132.626,146.255,-158.008,-139.983,-119.183,-84.934,-30.127,-13.22,37.425,28.359,-30.06,-31.979,13.317,24.886,10.395,-7.444
1ph5,Protein#DNA,DNA binding protein/DNA,2.3,,Telomere-binding protein subunit alpha,3492 5667,CRYSTAL STRUCTURE OF THE OXYTRICHA NOVA TELOMERE END-BINDING PROTEIN COMPLEXED WITH NONCOGNATE SSDNA GGGGTTTTG(3DR)GG,1ph5_TT_G_DT_5_^_G_DT_7_^,--,tSW,TT,T+T,1:G.DT5,1:G.DT7,G,G,DT,DT,T,T,5,7,^,^,B,.,anti,anti,-104.22,-174.548,C1'-exo,C3'-exo,137.647,182.636,36.619,32.74,7.687,8.446,1,O2(carbonyl)-N3(imino),2.77,--,0.0,--,0.0,--,0.0,--,0.0,--,0,-0.613,-4.28,0.962,-0.426,-33.192,-108.26,-52.279,140.763,175.645,-166.681,47.497,58.742,128.826,151.521,-167.976,-129.085,-120.12,-90.301,-32.473,-9.171,37.203,26.468,-27.062,-32.705,8.781,28.271,15.032,-12.002
1ph5,Protein#DNA,DNA binding protein/DNA,2.3,,Telomere-binding protein subunit alpha,3492 5667,CRYSTAL STRUCTURE OF THE OXYTRICHA NOVA TELOMERE END-BINDING PROTEIN COMPLEXED WITH NONCOGNATE SSDNA GGGGTTTTG(3DR)GG,1ph5_TT_H_DT_5_^_H_DT_7_^,--,tSW,TT,T+T,1:H.DT5,1:H.DT7,H,H,DT,DT,T,T,5,7,^,^,B,.,anti,anti,-114.086,-172.067,C2'-endo,C3'-exo,145.215,180.623,35.889,32.947,7.387,8.269,1,O2(carbonyl)-N3(imino),2.71,--,0.0,--,0.0,--,0.0,--,0.0,--,0,-0.969,-4.419,1.122,1.105,-28.176,-106.978,-44.295,139.413,174.83,-150.959,46.968,55.411,130.552,150.03,-162.154,-130.786,-111.611,-103.318,-29.174,-10.252,36.865,27.262,-29.476,-32.945,13.183,27.605,10.158,-11.011
1ph6,Protein#DNA,DNA BINDING PROTEIN/DNA,2.1,,Telomere-binding protein subunit alpha,3492 5667,Crystal Structure of THE OXYTRICHA NOVA TELOMERE END-BINDING PROTEIN COMPLEXED WITH NONCOGNATE SSDNA GGGGTTTTGTGG,1ph6_TT_G_DT_5_^_G_DT_7_^,--,tSW,TT,T+T,1:G.DT5,1:G.DT7,G,G,DT,DT,T,T,5,7,^,^,B,.,anti,anti,-105.26,-169.601,C1'-exo,C2'-endo,135.26,177.71,38.045,33.734,7.84,8.547,1,O2(carbonyl)-N3(imino),2.98,--,0.0,--,0.0,--,0.0,--,0.0,--,0,-0.302,-4.339,1.266,-5.361,-33.362,-104.398,-46.819,-132.781,168.848,131.512,44.694,24.089,126.169,146.257,-159.981,-137.672,-141.165,-87.345,-34.886,-11.982,38.063,29.009,-27.023,-33.707,7.527,27.112,16.996,-9.732
1ph6,Protein#DNA,DNA BINDING PROTEIN/DNA,2.1,,Telomere-binding protein subunit alpha,3492 5667,Crystal Structure of THE OXYTRICHA NOVA TELOMERE END-BINDING PROTEIN COMPLEXED WITH NONCOGNATE SSDNA GGGGTTTTGTGG,1ph6_TT_H_DT_5_^_H_DT_7_^,--,tSW,TT,T+T,1:H.DT5,1:H.DT7,H,H,DT,DT,T,T,5,7,^,^,B,.,anti,anti,-111.486,-171.957,C1'-exo,C2'-endo,141.968,173.977,36.334,31.939,7.536,8.32,1,O2(carbonyl)-N3(imino),2.79,--,0.0,--,0.0,--,0.0,--,0.0,--,0,-0.505,-4.287,1.256,-1.902,-31.628,-102.211,-45.362,145.004,172.249,-159.706,50.465,56.587,127.755,145.417,-162.577,-140.023,-112.684,-85.943,-31.012,-13.433,36.874,28.419,-28.62,-31.763,11.287,24.457,12.297,-7.081
1ph7,Protein#DNA,DNA BINDING PROTEIN/DNA,2.9,,Telomere-binding protein subunit alpha,3492 5667,CRYSTAL STRUCTURE OF THE OXYTRICHA NOVA TELOMERE END-BINDING PROTEIN COMPLEXED WITH NONCOGNATE SSDNA GGGGTTTTGIGG,1ph7_TT_G_DT_5_^_G_DT_7_^,--,tSW,TT,T+T,1:G.DT5,1:G.DT7,G,G,DT,DT,T,T,5,7,^,^,B,.,anti,anti,-103.029,-170.092,C1'-exo,C3'-exo,135.367,187.911,36.442,32.264,7.754,8.373,1,O2(carbonyl)-N3(imino),2.61,--,0.0,--,0.0,--,0.0,--,0.0,--,0,-0.614,-4.137,0.587,-2.837,-32.892,-109.052,-38.928,145.639,170.603,-160.688,38.472,60.799,124.117,152.348,-166.565,-142.22,-118.107,-82.746,-32.87,-6.096,37.313,24.135,-25.933,-31.957,7.53,29.319,16.146,-14.579
1ph7,Protein#DNA,DNA BINDING PROTEIN/DNA,2.9,,Telomere-binding protein subunit alpha,3492 5667,CRYSTAL STRUCTURE OF THE OXYTRICHA NOVA TELOMERE END-BINDING PROTEIN COMPLEXED WITH NONCOGNATE SSDNA GGGGTTTTGIGG,1ph7_TT_H_DT_5_^_H_DT_7_^,--,tSW,TT,T+T,1:H.DT5,1:H.DT7,H,H,DT,DT,T,T,5,7,^,^,.,.,anti,anti,-114.372,-175.824,C2'-endo,C2'-endo,144.147,175.189,36.481,29.848,7.96,8.339,1,O2(carbonyl)-N3(imino),2.61,--,0.0,--,0.0,--,0.0,--,0.0,--,0,-0.023,-3.439,0.765,3.801,-25.58,-100.082,-43.468,149.904,163.265,-151.165,55.141,55.996,132.841,146.913,-173.951,-140.014,-103.934,-86.593,-30.281,-12.145,37.27,26.255,-29.569,-29.743,12.752,23.521,10.963,-7.174
1ph8,Protein#DNA,DNA BINDING PROTEIN/DNA,2.36,,Telomere-binding protein subunit alpha,3492 5667,CRYSTAL STRUCTURE OF THE OXYTRICHA NOVA TELOMERE END-BINDING PROTEIN COMPLEXED WITH NONCOGNATE SSDNA GGGGTTTTGCGG,1ph8_TT_G_DT_5_^_G_DT_7_^,--,tSW,TT,T+T,1:G.DT5,1:G.DT7,G,G,DT,DT,T,T,5,7,^,^,B,.,anti,anti,-101.879,-171.249,C1'-exo,C3'-exo,139.714,184.391,36.419,33.314,7.754,8.274,1,O2(carbonyl)-N3(imino),2.54,--,0.0,--,0.0,--,0.0,--,0.0,--,0,-0.469,-3.818,0.849,-0.532,-36.694,-108.294,-52.622,145.198,175.839,-162.12,47.822,59.025,127.07,152.792,-172.149,-144.276,-112.505,-78.579,-31.558,-8.291,37.111,26.389,-27.782,-33.216,9.976,29.295,13.783,-13.236
1ph8,Protein#DNA,DNA BINDING PROTEIN/DNA,2.36,,Telomere-binding protein subunit alpha,3492 5667,CRYSTAL STRUCTURE OF THE OXYTRICHA NOVA TELOMERE END-BINDING PROTEIN COMPLEXED WITH NONCOGNATE SSDNA GGGGTTTTGCGG,1ph8_TT_H_DT_5_^_H_DT_7_^,--,tSW,TT,T+T,1:H.DT5,1:H.DT7,H,H,DT,DT,T,T,5,7,^,^,B,.,anti,anti,-111.612,-173.098,C2'-endo,C2'-endo,145.477,173.259,36.005,30.584,7.526,8.345,1,O2(carbonyl)-N3(imino),2.82,--,0.0,--,0.0,--,0.0,--,0.0,--,0,-0.597,-4.298,1.322,-0.561,-30.78,-103.63,-43.647,137.481,172.204,-145.43,50.702,56.91,132.461,145.563,-164.16,-128.244,-112.31,-101.515,-29.227,-13.311,36.947,27.399,-29.665,-30.372,13.378,23.304,10.005,-6.358
1ph9,Protein#DNA,DNA BINDING PROTEIN/DNA,2.5,,Telomere-binding protein subunit alpha,3492 5667,CRYSTAL STRUCTURE OF THE OXYTRICHA NOVA TELOMERE END-BINDING PROTEIN COMPLEXED WITH NONCOGNATE SSDNA GGGGTTTTGAGG,1ph9_TT_G_DT_5_^_G_DT_7_^,--,tSW,TT,T+T,1:G.DT5,1:G.DT7,G,G,DT,DT,T,T,5,7,^,^,B,.,anti,anti,-102.35,-174.171,C1'-exo,C2'-endo,137.094,178.606,37.284,32.191,7.765,8.388,1,O2(carbonyl)-N3(imino),2.69,--,0.0,--,0.0,--,0.0,--,0.0,--,0,-0.468,-4.094,1.021,-4.068,-33.732,-106.745,-50.623,136.832,-179.987,-157.572,43.653,66.882,126.94,150.945,-172.635,-137.02,-113.804,-80.511,-33.156,-11.103,37.957,27.294,-27.31,-32.181,8.635,26.302,15.643,-9.685
1ph9,Protein#DNA,DNA BINDING PROTEIN/DNA,2.5,,Telomere-binding protein subunit alpha,3492 5667,CRYSTAL STRUCTURE OF THE OXYTRICHA NOVA TELOMERE END-BINDING PROTEIN COMPLEXED WITH NONCOGNATE SSDNA GGGGTTTTGAGG,1ph9_TT_H_DT_5_^_H_DT_7_^,--,tSW,TT,T+T,1:H.DT5,1:H.DT7,H,H,DT,DT,T,T,5,7,^,^,B,.,anti,anti,-106.82,-173.071,C2'-endo,C2'-endo,145.174,171.204,35.88,33.062,7.536,8.312,1,O2(carbonyl)-N3(imino),2.8,--,0.0,--,0.0,--,0.0,--,0.0,--,0,-0.383,-4.182,1.392,-1.448,-36.015,-101.992,-41.101,140.931,175.431,-154.328,47.621,59.151,130.567,146.365,-164.458,-136.766,-112.223,-85.755,-29.216,-15.495,36.638,30.192,-29.453,-32.673,12.968,24.414,10.177,-5.713
1phj,Protein#DNA,DNA BINDING PROTEIN/DNA,2.5,,Telomere-binding protein subunit alpha,3492 5667,CRYSTAL STRUCTURE OF THE OXYTRICHA NOVA TELOMERE END-BINDING PROTEIN COMPLEXED WITH NONCOGNATE SSDNA GG(3DR)GTTTTGGGG,1phj_TT_G_DT_5_^_G_DT_7_^,--,tSW,TT,T+T,1:G.DT5,1:G.DT7,G,G,DT,DT,T,T,5,7,^,^,B,.,anti,anti,-105.435,-174.278,C3'-exo,C3'-exo,186.891,186.623,29.771,35.001,7.44,8.36,1,O2(carbonyl)-N3(imino),2.94,--,0.0,--,0.0,--,0.0,--,0.0,--,0,-0.596,-4.642,1.073,-1.855,-35.842,-102.855,40.955,-122.056,-140.124,142.623,-82.277,15.058,147.948,150.81,-162.482,-135.834,-108.733,-80.747,-6.067,-7.273,22.531,26.738,-29.556,-34.768,26.524,31.184,-13.067,-15.251
1phj,Protein#DNA,DNA BINDING PROTEIN/DNA,2.5,,Telomere-binding protein subunit alpha,3492 5667,CRYSTAL STRUCTURE OF THE OXYTRICHA NOVA TELOMERE END-BINDING PROTEIN COMPLEXED WITH NONCOGNATE SSDNA GG(3DR)GTTTTGGGG,1phj_TT_H_DT_5_^_H_DT_7_^,--,tSW,TT,T+T,1:H.DT5,1:H.DT7,H,H,DT,DT,T,T,5,7,^,^,.,.,anti,anti,-118.919,-169.762,C1'-exo,C3'-exo,127.839,183.411,35.359,32.328,7.503,8.343,1,O2(carbonyl)-N3(imino),2.79,--,0.0,--,0.0,--,0.0,--,0.0,--,0,-0.733,-4.456,1.096,-1.781,-30.682,-105.243,-48.649,144.113,168.529,-154.764,53.933,53.105,120.661,150.464,-159.414,-138.879,-110.397,-91.207,-34.502,-8.547,33.923,25.694,-21.691,-32.27,2.43,27.851,19.947,-12.309
1s47,DNA,DNA,2.5,,null,,Crystal structure analysis of the DNA quadruplex d(TGGGGT)S2,1s47_TT_A_DT_101_^_D_DT_431_^,--,cWH,TT,T+T,1:A.DT101,1:D.DT431,A,D,DT,DT,T,T,101,431,^,^,B,.,anti,anti,-114.15,-127.31,C2'-endo,C2'-endo,168.747,153.89,37.125,36.853,10.881,8.579,1,N3(imino)-O4(carbonyl),2.8,--,0.0,--,0.0,--,0.0,--,0.0,--,0,0.086,2.696,0.021,2.832,-5.961,-105.529,,,,,-13.449,175.131,148.774,140.148,174.237,-154.261,-104.752,-140.346,-18.812,-26.57,34.482,37.125,-36.411,-33.092,26.188,18.589,-4.809,4.81
1s47,DNA,DNA,2.5,,null,,Crystal structure analysis of the DNA quadruplex d(TGGGGT)S2,1s47_TT_B_DT_211_^_C_DT_321_^,--,cHW,TT,T+T,1:B.DT211,1:C.DT321,B,C,DT,DT,T,T,211,321,^,^,.,B,anti,anti,-173.767,-106.803,C3'-endo,C2'-endo,20.595,179.008,30.202,38.252,10.931,8.524,1,O4(carbonyl)-N3(imino),2.68,--,0.0,--,0.0,--,0.0,--,0.0,--,0,0.375,-2.646,0.957,-13.245,-5.96,113.686,,,,,-166.822,133.307,90.141,155.772,75.37,178.488,85.425,-114.765,-1.21,-13.078,-17.47,32.289,28.272,-38.247,-29.51,31.606,19.446,-11.721
1zfc,DNA,DNA,2.0,,null,,ATC Duplex B-DNA,1zfc_TT_A_DT_5_^_B_DT_17_^,--,cWW,TT,T-T,1:A.DT5,1:B.DT17,A,B,DT,DT,T,T,5,17,^,^,B,B,anti,anti,-106.528,-111.001,C1'-exo,O4'-endo,123.558,106.141,28.195,38.278,8.158,9.42,1,O2(carbonyl)*O2(carbonyl),3.07,--,0.0,--,0.0,--,0.0,--,0.0,--,0,0.377,-0.066,1.679,-8.234,-18.184,41.609,-62.397,-36.894,166.804,127.387,46.578,46.93,120.881,106.714,-139.026,-172.404,-110.544,-113.76,-28.188,-39.224,26.158,30.782,-15.586,-10.642,-0.199,-11.728,17.767,31.429
2bcu,Protein#DNA,"Transferase, Lyase/DNA",2.2,,DNA polymerase lambda,608,DNA polymerase lambda in complex with a DNA duplex containing an unpaired Damp and a T:T mismatch,2bcu_TT_P_DT_5_^_T_DT_8_^,--,cWW,TT,T-T,1:P.DT5,1:T.DT8,P,T,DT,DT,T,T,5,8,^,^,.,B,anti,anti,-131.412,-160.752,C4'-exo,C4'-endo,53.639,238.767,30.4,24.616,8.888,8.268,2,O2(carbonyl)-N3(imino),3.32,N3(imino)-O4(carbonyl),2.82,--,0.0,--,0.0,--,0.0,--,0,1.214,-1.913,-0.256,6.126,-19.289,1.435,-47.676,153.478,162.336,-170.403,44.477,-74.25,92.762,142.923,-168.093,-145.441,-84.264,-68.253,-17.975,16.362,-1.051,-1.382,18.023,-12.764,-28.787,22.444,29.635,-24.591
2c62,Protein#DNA,TRANSCRIPTION,1.74,,Activated RNA polymerase II transcriptional coactivator p15,5465,Crystal Structure of the Human Transcription Cofactor PC4 in Complex with Single-Stranded DNA,2c62_TT_C_DT_13_^_C_DT_16_^,Calcutta,cWH,TT,T-T,1:C.DT13,1:C.DT16,C,C,DT,DT,T,T,13,16,^,^,.,.,anti,anti,-120.84,-113.95,C2'-endo,C2'-endo,179.821,162.695,34.178,37.231,10.494,7.707,1,N3(imino)-O4(carbonyl),2.8,--,0.0,--,0.0,--,0.0,--,0.0,--,0,3.297,0.0,0.773,64.6,36.022,-81.53,-73.992,-73.473,111.259,147.416,169.185,47.694,149.062,145.041,-158.915,-143.011,-94.386,-71.691,-11.179,-22.378,28.613,36.093,-34.177,-35.546,28.438,23.478,-11.026,-0.909
2f8n,Protein#DNA,STRUCTURAL PROTEIN/DNA,2.9,Nucleosome,Histone H3.2,55 201 1147 10628 28992 64452,2.9 Angstrom X-ray structure of hybrid macroH2A nucleosomes,2f8n_TT_I_DT_20_^_J_DT_272_^,--,cWW,TT,T-T,1:I.DT20,1:J.DT272,I,J,DT,DT,T,T,20,272,^,^,B,.,anti,anti,-111.527,-96.053,C2'-endo,C2'-endo,151.64,158.603,35.879,37.281,7.976,9.512,1,O2(carbonyl)*O2(carbonyl),3.25,--,0.0,--,0.0,--,0.0,--,0.0,--,0,-1.378,0.089,2.149,-2.36,-17.397,48.478,-45.764,-62.494,174.813,-168.315,40.987,48.803,136.929,142.142,-156.146,-157.93,-78.601,-149.787,-26.787,-24.466,36.375,36.836,-31.573,-34.711,16.814,21.284,6.106,1.843
2f8n,Protein#DNA,STRUCTURAL PROTEIN/DNA,2.9,Nucleosome,Histone H3.2,55 201 1147 10628 28992 64452,2.9 Angstrom X-ray structure of hybrid macroH2A nucleosomes,2f8n_TT_I_DT_95_^_J_DT_197_^,--,cWW,TT,T-T,1:I.DT95,1:J.DT197,I,J,DT,DT,T,T,95,197,^,^,B,B,anti,anti,-79.933,-101.124,C2'-endo,C3'-exo,157.438,203.085,37.832,26.144,8.713,9.073,1,N3(imino)-O2(carbonyl),3.76,--,0.0,--,0.0,--,0.0,--,0.0,--,0,-1.262,-0.968,1.43,-12.084,0.176,23.187,-84.218,25.883,-133.089,-145.148,36.417,-61.971,143.607,145.388,178.052,-163.496,-138.745,-84.479,-25.498,2.194,37.746,14.193,-34.936,-24.05,21.116,25.759,2.545,-17.789
2f8n,Protein#DNA,STRUCTURAL PROTEIN/DNA,2.9,Nucleosome,Histone H3.2,55 201 1147 10628 28992 64452,2.9 Angstrom X-ray structure of hybrid macroH2A nucleosomes,2f8n_TT_I_DT_127_^_J_DT_165_^,--,cWW,TT,T-T,1:I.DT127,1:J.DT165,I,J,DT,DT,T,T,127,165,^,^,.,B,anti,anti,-105.296,-102.394,C2'-endo,C2'-endo,154.284,161.269,37.024,34.37,8.219,9.132,1,O2(carbonyl)*O2(carbonyl),3.23,--,0.0,--,0.0,--,0.0,--,0.0,--,0,-0.378,-0.813,2.403,-5.57,-15.907,31.487,-63.846,-59.868,-161.151,-158.692,49.957,43.591,137.221,142.126,164.823,174.729,-95.766,-99.211,-26.456,-21.33,37.218,33.611,-33.357,-32.55,18.831,21.001,4.6,0.029
2gwe,DNA,DNA,2.2,,null,,Crystal structure of D(G4T4G4) with six quadruplexes in the asymmetric unit.,2gwe_TT_A_DT_5_^_A_DT_7_^,--,tSW,TT,T+T,1:A.DT5,1:A.DT7,A,A,DT,DT,T,T,5,7,^,^,B,.,anti,anti,-122.048,173.923,C1'-exo,C2'-endo,112.598,176.189,35.894,33.768,7.538,8.467,1,O2(carbonyl)-N3(imino),2.93,--,0.0,--,0.0,--,0.0,--,0.0,--,0,-0.644,-4.647,0.568,3.411,-21.452,-101.44,-71.354,144.378,-173.966,-178.927,61.129,60.841,111.805,147.227,-171.742,-129.184,-107.017,-87.766,-36.548,-13.059,30.657,29.383,-13.793,-33.693,-7.318,26.816,27.467,-8.719
2gwe,DNA,DNA,2.2,,null,,Crystal structure of D(G4T4G4) with six quadruplexes in the asymmetric unit.,2gwe_TT_B_DT_17_^_B_DT_19_^,--,tSW,TT,T+T,1:B.DT17,1:B.DT19,B,B,DT,DT,T,T,17,19,^,^,B,.,anti,anti,-117.192,179.691,C1'-exo,C2'-endo,116.608,178.608,34.322,33.728,7.607,8.401,1,O2(carbonyl)-N3(imino),2.73,--,0.0,--,0.0,--,0.0,--,0.0,--,0,-0.77,-4.438,0.482,1.47,-21.43,-105.295,-72.54,124.056,-173.11,-165.227,62.256,73.457,114.508,148.024,169.244,-125.224,-94.138,-93.326,-34.695,-11.664,30.529,28.581,-15.372,-33.718,-4.598,27.624,24.622,-10.1
2gwq,DNA,DNA,2.0,,null,,Crystal structure of D(G4T4G4) with four quadruplexes in the asymmetric unit.,2gwq_TT_A_DT_5_^_A_DT_7_^,--,tSW,TT,T+T,1:A.DT5,1:A.DT7,A,A,DT,DT,T,T,5,7,^,^,B,.,anti,anti,-129.892,178.899,O4'-endo,C3'-exo,98.419,181.315,31.878,36.028,7.684,8.623,1,O2(carbonyl)-N3(imino),3.08,--,0.0,--,0.0,--,0.0,--,0.0,--,0,-0.532,-4.765,0.247,3.102,-23.605,-102.423,-77.247,128.487,179.179,-170.155,72.878,71.891,104.983,151.756,-171.201,-132.173,-97.267,-89.804,-32.066,-10.822,22.132,29.55,-4.667,-36.019,-13.982,30.496,28.874,-12.42
2gwq,DNA,DNA,2.0,,null,,Crystal structure of D(G4T4G4) with four quadruplexes in the asymmetric unit.,2gwq_TT_B_DT_17_^_B_DT_19_^,--,tSW,TT,T+T,1:B.DT17,1:B.DT19,B,B,DT,DT,T,T,17,19,^,^,B,.,anti,anti,-136.954,178.411,O4'-endo,C3'-exo,92.085,181.285,37.091,34.725,7.713,8.564,1,O2(carbonyl)-N3(imino),2.97,--,0.0,--,0.0,--,0.0,--,0.0,--,0,-0.53,-4.607,0.431,0.347,-20.921,-102.514,-85.145,137.519,179.212,-170.513,84.633,64.708,98.869,150.073,-169.981,-134.76,-91.049,-85.807,-36.32,-10.42,22.671,28.46,-1.349,-34.716,-19.915,29.32,35.17,-11.957
2hbn,DNA,DNA,1.55,,null,,Crystallization of the Tl+-form of the Oxytricha nova G-quadruplex,2hbn_TT_A_DT_5_^_A_DT_7_^,Metal,tSW,TT,T+T,1:A.DT5,1:A.DT7,A,A,DT,DT,T,T,5,7,^,^,B,.,anti,anti,-137.841,-176.917,O4'-endo,C3'-exo,77.546,192.925,36.367,30.958,7.693,8.465,1,O2(carbonyl)-N3(imino),2.97,--,0.0,--,0.0,--,0.0,--,0.0,--,0,-0.582,-4.631,0.451,-4.149,-22.215,-101.904,-71.474,165.866,174.942,-170.523,63.647,45.849,93.033,150.263,-172.992,-151.506,-90.597,-72.014,-31.696,-3.167,13.941,21.599,7.843,-30.174,-26.598,29.431,37.058,-16.647
2hbn,DNA,DNA,1.55,,null,,Crystallization of the Tl+-form of the Oxytricha nova G-quadruplex,2hbn_TT_B_DT_5_^_B_DT_7_^,--,tSW,TT,T+T,1:B.DT5,1:B.DT7,B,B,DT,DT,T,T,5,7,^,^,B,.,anti,anti,-138.003,178.18,C4'-exo,C2'-endo,70.323,179.05,43.65,32.579,7.567,8.411,1,O2(carbonyl)-N3(imino),2.94,--,0.0,--,0.0,--,0.0,--,0.0,--,0,-0.624,-4.674,0.191,1.706,-24.463,-100.919,-57.225,125.98,165.038,-153.557,50.775,73.968,85.476,148.319,173.51,-131.021,-75.25,-92.004,-35.3,-11.044,11.523,27.424,14.698,-32.574,-35.28,26.741,44.393,-10.063
2is4,Protein#DNA,HYDROLASE/DNA,2.6,,DNA helicase II,7566,Crystal structure of UvrD-DNA-ADPNP ternary complex,2is4_TT_C_DT_1_^_D_DT_20_^,--,cWW,TT,T-T,1:C.DT1,1:D.DT20,C,D,DT,DT,T,T,1,20,^,^,B,.,anti,anti,-134.999,-100.287,C2'-endo,C2'-endo,172.476,157.457,33.462,32.728,9.405,8.451,2,N3(imino)-O2(carbonyl),3.49,O4(carbonyl)-N3(imino),2.71,--,0.0,--,0.0,--,0.0,--,0,-1.929,-1.713,0.088,-17.77,-19.198,-8.606,,-28.013,,154.669,-61.102,53.441,146.378,136.505,-164.43,-72.406,-71.509,-152.693,-14.968,-21.968,30.161,32.53,-33.174,-30.227,25.119,18.155,-6.524,2.274
2ivk,Protein#DNA,HYDROLASE,2.9,,,12837,Crystal structure of the periplasmic endonuclease Vvn complexed with a 16-bp DNA,2ivk_TT_I_DT_4_^_J_DT_30_^,--,cWW,TT,T-T,1:I.DT4,1:J.DT30,I,J,DT,DT,T,T,4,30,^,^,B,.,anti,anti,-108.477,-125.082,C2'-endo,C2'-endo,161.071,174.351,7.514,38.535,8.246,9.251,1,O2(carbonyl)-N3(imino),3.67,--,0.0,--,0.0,--,0.0,--,0.0,--,0,1.735,-0.572,2.067,-0.641,-6.345,40.371,-43.746,-5.654,-163.953,-77.689,22.344,-107.308,123.066,152.631,-177.672,160.533,-105.581,-64.669,-4.613,-16.064,7.3,34.31,-7.108,-38.348,4.472,29.91,0.061,-8.79
2qsh,Protein#DNA,DNA BINDING PROTEIN/DNA,2.81,,DNA repair protein RAD4,21996 25069,Crystal structure of Rad4-Rad23 bound to a mismatch DNA,2qsh_TT_W_DT_15_^_Y_DT_11_^,--,cWW,TT,T-T,1:W.DT15,1:Y.DT11,W,Y,DT,DT,T,T,15,11,^,^,.,B,anti,anti,-141.899,-160.399,C4'-exo,C3'-endo,56.738,34.487,29.755,48.979,9.397,9.052,2,O2(carbonyl)-N3(imino),3.3,N3(imino)-O4(carbonyl),3.23,--,0.0,--,0.0,--,0.0,--,0,3.849,-1.851,0.348,9.958,-10.533,7.938,-92.641,,156.501,,88.143,-97.93,92.657,65.642,-114.796,166.4,-57.674,-73.894,-18.895,-13.519,0.762,-17.882,16.32,40.371,-27.655,-49.503,29.262,40.214
2r2s,Protein#DNA,transferase/DNA,2.8,,Gag-Pol polyprotein,1444,Co(III)bleomycinB2 bound to d(ATTAGTTATAACTAAT) complexed with MMLV RT catalytic fragment,2r2s_TT_G_DT_9_^_G_DT_9_^,--,cWW,TT,T-T,1:G.DT9,2:G.DT9,G,G,DT,DT,T,T,9,9,^,^,-,-,anti,anti,-110.882,-110.882,C2'-endo,C2'-endo,173.173,173.173,31.316,31.316,7.879,8.138,3,O2(carbonyl)*O2(carbonyl),2.34,N3(imino)*N3(imino),2.84,O4(carbonyl)*O4(carbonyl),3.2,--,0.0,--,0.0,--,0,-0.0,-1.799,0.528,-0.0,-11.549,21.486,,,166.093,166.093,174.073,174.073,143.56,143.56,,,,,-13.59,-13.59,27.975,27.975,-31.094,-31.094,23.659,23.659,-6.45,-6.45
2r2u,Protein#DNA,transferase/DNA,2.3,,Gag-Pol polyprotein,1444,Co(III)bleomycinB2 bithiazole/C-terminal tail domain bound to d(ATTTAGTTAACTAAAT) complexed with MMLV RT catalytic fragment,2r2u_TT_G_DT_9_^_G_DT_9_^,--,cWW,TT,T-T,1:G.DT9,2:G.DT9,G,G,DT,DT,T,T,9,9,^,^,-,-,anti,anti,-131.219,-131.219,C2'-endo,C2'-endo,162.302,162.302,33.384,33.384,7.905,8.078,3,O2(carbonyl)*O2(carbonyl),2.41,N3(imino)*N3(imino),2.8,O4(carbonyl)*O4(carbonyl),3.11,--,0.0,--,0.0,--,0,-0.0,-1.921,0.761,0.0,-16.846,18.132,,,152.553,152.553,62.523,62.523,141.183,141.183,,,,,-20.109,-20.109,32.281,32.281,-31.804,-31.804,20.658,20.658,-0.499,-0.499
2vtb,Protein#DNA,LYASE/DNA,2.01,,"Cryptochrome DASH, chloroplastic/mitochondrial",7682 50920,Structure of cryptochrome 3 - DNA complex,2vtb_TT_G_DT_1_^_G_DT_4_^,--,cWW,TT,T+T,1:G.DT1,1:G.DT4,G,G,DT,DT,T,T,1,4,^,^,.,.,anti,anti,-103.671,-145.675,C2'-endo,C3'-endo,159.514,35.269,42.308,25.849,9.356,8.229,1,N3(imino)-O4(carbonyl),2.69,--,0.0,--,0.0,--,0.0,--,0.0,--,0,0.244,1.236,1.358,-72.789,13.056,-96.058,,-64.581,,-172.995,124.265,55.16,145.999,94.476,-81.935,-148.488,-161.456,-67.048,-27.394,-7.684,41.629,-9.077,-39.632,21.104,24.905,-26.021,1.452,21.308
2vy2,Protein#DNA,TRANSCRIPTION,2.3,,Protein LEAFY,41668,Structure of LEAFY transcription factor from Arabidopsis thaliana in complex with DNA from AG-I promoter,2vy2_TT_W_DT_7_^_W_DT_15_^,--,cWW,TT,T-T,1:W.DT7,2:W.DT15,W,W,DT,DT,T,T,7,15,^,^,B,B,anti,anti,-123.172,-134.751,C1'-exo,O4'-endo,115.462,105.243,36.785,38.322,10.061,9.182,1,O4(carbonyl)*O4(carbonyl),3.28,--,0.0,--,0.0,--,0.0,--,0.0,--,0,-0.348,-0.931,0.205,3.321,-9.568,-4.459,-66.075,-60.577,175.161,176.119,52.851,61.03,111.183,103.344,-169.683,-178.531,-100.279,-94.249,-37.473,-39.338,32.168,29.796,-15.814,-10.075,-5.462,-12.188,27.112,32.471
2vy2,Protein#DNA,TRANSCRIPTION,2.3,,Protein LEAFY,41668,Structure of LEAFY transcription factor from Arabidopsis thaliana in complex with DNA from AG-I promoter,2vy2_TT_W_DT_15_^_W_DT_7_^,--,cWW,TT,T-T,1:W.DT15,2:W.DT7,W,W,DT,DT,T,T,15,7,^,^,B,B,anti,anti,-134.751,-123.172,O4'-endo,C1'-exo,105.243,115.462,38.322,36.785,10.061,9.182,1,O4(carbonyl)*O4(carbonyl),3.28,--,0.0,--,0.0,--,0.0,--,0.0,--,0,0.348,-0.931,0.205,-3.321,-9.568,-4.459,-60.577,-66.075,176.119,175.161,61.03,52.851,103.344,111.183,-178.531,-169.683,-94.249,-100.279,-39.338,-37.473,29.796,32.168,-10.075,-15.814,-12.188,-5.462,32.471,27.112
3a6n,Protein#DNA,STRUCTURAL PROTEIN/DNA,2.7,Nucleosome,Histone H3.1t,55 238 256 44416,"The nucleosome containing a testis-specific histone variant, human H3T",3a6n_TT_I_DT_20_^_J_DT_274_^,--,cWW,TT,T-T,1:I.DT20,1:J.DT274,I,J,DT,DT,T,T,20,274,^,^,B,B,anti,anti,-96.635,-112.509,C3'-exo,C3'-exo,190.233,189.642,33.393,33.835,7.864,9.203,1,O2(carbonyl)*O2(carbonyl),3.07,--,0.0,--,0.0,--,0.0,--,0.0,--,0,-0.309,-0.376,2.491,10.929,-14.915,43.042,29.315,33.47,-175.519,-149.521,-63.456,-71.132,152.474,154.281,177.857,169.243,-110.911,-90.512,-4.801,-5.256,24.067,24.62,-32.862,-33.357,30.65,30.97,-16.476,-16.346
3auo,Protein#DNA,TRANSFERASE/DNA,2.7,,,16619,DNA polymerase X from Thermus thermophilus HB8 ternary complex with 1-nt gapped DNA and ddGTP,3auo_TT_D_DT_21_^_D_DT_23_^,--,cWW,TT,T-T,1:D.DT21,1:D.DT23,D,D,DT,DT,T,T,21,23,^,^,.,.,anti,anti,177.227,-64.382,C3'-endo,C1'-exo,6.398,136.613,56.276,50.691,7.264,9.169,1,O2(carbonyl)-N3(imino),3.13,--,0.0,--,0.0,--,0.0,--,0.0,--,0,3.072,0.194,-0.479,21.514,-0.248,63.706,-84.463,-175.227,-149.608,96.538,11.898,115.079,66.442,120.749,-148.554,109.01,-177.645,-80.713,11.737,-45.591,-42.115,51.026,55.926,-36.839,-49.374,11.056,23.78,21.607
3bep,Protein#DNA,"TRANSFERASE, TRANSCRIPTION/DNA",1.92,,Beta sliding clamp,342,Structure of a sliding clamp on DNA,3bep_TT_C_DT_11_^_D_DT_14_^,--,tWH,TT,T-T,1:C.DT11,1:D.DT14,C,D,DT,DT,T,T,11,14,^,^,-,.,anti,anti,-85.601,-163.248,C2'-endo,C2'-endo,172.433,160.755,36.822,36.051,10.154,8.881,1,O2(carbonyl)*O4(carbonyl),2.52,--,0.0,--,0.0,--,0.0,--,0.0,--,0,6.073,-2.883,-0.505,29.213,-20.916,-24.887,-69.651,-29.016,-166.464,121.952,52.122,56.164,155.1,143.084,,-129.055,,-74.904,-16.543,-22.559,33.333,35.264,-36.502,-34.036,27.771,21.64,-7.182,0.389
3bkz,Protein#DNA,"DNA REPAIR,OXIDOREDUCTASE/DNA",1.65,,Alpha-ketoglutarate-dependent dioxygenase AlkB,61107,X-ray structure of E coli AlkB crosslinked to dsDNA in the active site,3bkz_TT_B_DT_5_^_C_DT_9_^,--,cWW,TT,T-T,1:B.DT5,1:C.DT9,B,C,DT,DT,T,T,5,9,^,^,B,B,anti,anti,-121.506,-116.424,C1'-exo,C2'-endo,118.724,150.918,37.648,35.301,11.623,9.479,1,O4(carbonyl)*O4(carbonyl),3.18,--,0.0,--,0.0,--,0.0,--,0.0,--,0,-0.948,-0.418,-2.111,7.964,-9.775,-34.089,-140.31,74.579,178.065,140.68,61.945,-179.705,114.021,135.497,-152.172,-159.213,-123.316,-131.23,-38.088,-26.844,34.204,35.703,-18.093,-30.85,-3.368,16.247,25.95,6.507
3bty,Protein#DNA,Oxidoreductase/DNA,2.35,,DNA oxidative demethylase ALKBH2,6417,Crystal structure of human ABH2 bound to dsDNA containing 1meA through cross-linking away from active site,3bty_TT_B_DT_6_^_C_DT_8_^,--,cWW,TT,T-T,1:B.DT6,1:C.DT8,B,C,DT,DT,T,T,6,8,^,^,.,.,anti,anti,-111.003,-117.885,O4'-endo,C1'-exo,76.305,127.191,30.774,28.774,8.21,8.067,2,O2(carbonyl)-N3(imino),2.78,N3(imino)-O4(carbonyl),2.9,--,0.0,--,0.0,--,0.0,--,0,2.565,-1.586,0.507,44.765,-14.124,11.97,-71.275,-11.955,166.707,130.563,56.886,24.05,99.646,118.176,-77.983,-91.917,-145.937,162.918,-26.507,-28.107,11.108,27.772,7.286,-17.393,-22.867,1.754,31.537,16.422
3buc,Protein#DNA,Oxidoreductase/DNA,2.59,,DNA oxidative demethylase ALKBH2,6417,X-ray structure of human ABH2 bound to dsDNA with Mn(II) and 2KG,3buc_TT_B_DT_6_^_C_DT_8_^,--,cWW,TT,T-T,1:B.DT6,1:C.DT8,B,C,DT,DT,T,T,6,8,^,^,.,.,anti,anti,-121.67,-102.08,C4'-exo,C1'-exo,54.959,131.632,21.134,36.046,8.317,7.853,2,O2(carbonyl)-N3(imino),2.81,N3(imino)-O4(carbonyl),2.7,--,0.0,--,0.0,--,0.0,--,0,1.964,-1.808,0.718,42.533,-7.803,5.227,-54.893,24.146,166.671,103.672,44.968,-5.594,106.726,121.756,-44.088,-85.718,-161.0,151.497,-12.915,-34.123,-0.222,35.346,12.134,-23.947,-19.711,4.889,20.85,18.339
3cvy,Protein#DNA,Lyase/DNA,2.7,,,11094,Drosophila melanogaster (6-4) photolyase bound to repaired ds DNA,3cvy_TT_C_DT_15_^_D_DT_1_^,--,tW.,TT,T-T,1:C.DT15,1:D.DT1,C,D,DT,DT,T,T,15,1,^,^,-,.,anti,anti,-138.35,-166.201,C3'-endo,O4'-endo,15.982,74.121,40.213,38.792,10.636,7.97,1,N3(imino)-O4(carbonyl),2.64,--,0.0,--,0.0,--,0.0,--,0.0,--,0,2.724,-1.627,-2.49,24.726,-9.924,-53.466,-55.558,,163.339,,42.964,85.948,79.886,88.278,,-153.389,,-72.954,1.825,-32.863,-26.139,12.637,38.659,10.614,-38.618,-29.674,23.421,39.661
3dsd,Protein#DNA,Hydrolase/DNA,2.2,,DNA double-strand break repair protein Mre11,34666,Crystal structure of P. furiosus Mre11-H85S bound to a branched DNA and manganese,3dsd_TT_C_DT_12_^_C_DT_15_^,--,cWW,TT,T-T,1:C.DT12,1:C.DT15,C,C,DT,DT,T,T,12,15,^,^,.,B,anti,anti,-111.409,-90.372,C1'-exo,C3'-exo,125.312,201.704,40.523,32.531,8.256,8.139,2,O2(carbonyl)-N3(imino),2.69,N3(imino)-O4(carbonyl),2.79,--,0.0,--,0.0,--,0.0,--,0,1.761,-1.954,0.25,19.533,-5.499,12.509,-66.736,178.91,169.037,148.623,57.015,124.919,121.361,146.509,-117.142,163.108,-138.551,-91.698,-40.258,1.937,38.777,18.26,-23.424,-30.225,1.315,31.742,24.052,-21.606
3em2,DNA,DNA,2.3,,null,,"A bimolecular anti-parallel-stranded Oxytricha nova telomeric quadruplex in complex with a 3,6-disubstituted acridine BSU-6038",3em2_TT_B_DT_17_^_B_DT_19_^,--,tSW,TT,T+T,1:B.DT17,1:B.DT19,B,B,DT,DT,T,T,17,19,^,^,B,.,anti,anti,-141.608,-171.966,C4'-exo,C3'-exo,68.96,180.155,48.905,35.673,7.568,8.401,1,O2(carbonyl)-N3(imino),2.81,--,0.0,--,0.0,--,0.0,--,0.0,--,0,-0.677,-4.541,0.522,-0.949,-28.626,-104.533,-63.166,141.028,162.749,-155.294,58.348,62.379,81.623,152.245,-178.786,-138.489,-80.53,-93.159,-38.597,-11.833,11.597,29.578,17.558,-35.673,-40.595,30.137,49.69,-11.57
3eqw,DNA,DNA,2.2,,null,,"A bimolecular anti-parallel-stranded Oxytricha nova telomeric quadruplex in complex with a 3,6-disubstituted acridine BSU-6042 in small unit cell",3eqw_TT_B_DT_17_^_B_DT_19_^,--,tSW,TT,T+T,1:B.DT17,1:B.DT19,B,B,DT,DT,T,T,17,19,^,^,B,.,anti,anti,-136.161,-173.577,C4'-exo,C2'-endo,71.913,179.978,47.484,36.743,7.418,8.396,1,O2(carbonyl)-N3(imino),2.88,--,0.0,--,0.0,--,0.0,--,0.0,--,0,-0.859,-4.773,0.407,1.582,-29.492,-104.8,-71.279,132.227,176.598,-153.403,53.359,63.315,84.348,155.262,168.021,-122.296,-75.775,-104.631,-39.229,-12.092,13.607,30.694,14.742,-36.743,-37.657,30.995,48.425,-11.748
3eru,DNA,DNA,2.0,,null,,"A bimolecular anti-parallel-stranded Oxytricha nova telomeric quadruplex in complex with a 3,6-disubstituted acridine BSU-6045",3eru_TT_B_DT_17_^_B_DT_19_^,--,tSW,TT,T+T,1:B.DT17,1:B.DT19,B,B,DT,DT,T,T,17,19,^,^,B,.,anti,anti,-138.797,-173.376,C4'-exo,C3'-exo,68.727,183.665,45.433,34.993,7.417,8.36,1,O2(carbonyl)-N3(imino),2.91,--,0.0,--,0.0,--,0.0,--,0.0,--,0,-0.739,-4.731,0.449,-0.549,-27.585,-101.809,-53.725,150.563,163.243,-162.628,48.857,52.666,84.225,153.837,178.263,-134.792,-79.564,-93.095,-35.967,-9.463,10.462,27.721,16.483,-34.922,-37.348,30.726,46.523,-13.342
3es0,DNA,DNA,2.2,,null,,"A bimolecular anti-parallel-stranded Oxytricha nova telomeric quadruplex in complex with a 3,6-disubstituted acridine BSU-6048",3es0_TT_B_DT_17_^_B_DT_19_^,--,tSW,TT,T+T,1:B.DT17,1:B.DT19,B,B,DT,DT,T,T,17,19,^,^,B,.,anti,anti,-131.373,-170.451,O4'-endo,C3'-exo,72.537,196.114,40.728,36.168,7.637,8.477,1,O2(carbonyl)-N3(imino),3.0,--,0.0,--,0.0,--,0.0,--,0.0,--,0,-0.5,-4.69,0.39,-1.465,-28.755,-101.344,-50.611,151.062,162.546,-162.881,44.784,54.065,89.438,153.956,176.047,-139.632,-84.189,-86.749,-33.668,-1.534,12.08,23.158,12.222,-34.747,-32.007,34.695,41.816,-20.891
3et8,DNA,DNA,2.45,,null,,"A bimolecular anti-parallel-stranded Oxytricha nova telomeric quadruplex in complex with a 3,6-disubstituted acridine BSU-6054",3et8_TT_B_DT_17_^_B_DT_19_^,--,tSW,TT,T+T,1:B.DT17,1:B.DT19,B,B,DT,DT,T,T,17,19,^,^,B,.,anti,anti,-132.653,-170.272,O4'-endo,C3'-exo,78.134,189.872,44.516,38.232,7.457,8.342,1,O2(carbonyl)-N3(imino),3.04,--,0.0,--,0.0,--,0.0,--,0.0,--,0,-0.741,-4.905,0.363,-2.504,-32.612,-101.797,-56.125,136.525,168.829,-152.529,49.102,63.474,94.326,157.205,-179.237,-128.943,-92.237,-97.063,-39.589,-5.56,17.316,26.851,9.153,-37.666,-31.687,34.342,45.487,-18.243
3eui,DNA,DNA,2.2,,null,,"A bimolecular anti-parallel-stranded Oxytricha nova telomeric quadruplex in complex with a 3,6-disubstituted acridine BSU-6042 in a large unit cell",3eui_TT_B_DT_17_^_B_DT_19_^,--,tSW,TT,T+T,1:B.DT17,1:B.DT19,B,B,DT,DT,T,T,17,19,^,^,B,.,anti,anti,-144.15,-175.369,C4'-exo,C2'-endo,63.15,173.052,49.395,39.106,7.478,8.327,1,O2(carbonyl)-N3(imino),2.79,--,0.0,--,0.0,--,0.0,--,0.0,--,0,-0.828,-4.63,0.673,-3.635,-25.14,-104.016,-47.55,127.292,153.827,-132.423,43.926,66.43,77.777,151.546,160.117,-128.896,-60.014,-95.549,-35.262,-17.214,6.607,34.588,22.31,-38.819,-43.579,29.324,50.185,-7.919
3eum,DNA,DNA,1.78,,null,,"A bimolecular anti-parallel-stranded Oxytricha nova telomeric quadruplex in complex with a 3,6-disubstituted acridine BSU-6066",3eum_TT_B_DT_17_^_B_DT_19_^,--,tSW,TT,T+T,1:B.DT17,1:B.DT19,B,B,DT,DT,T,T,17,19,^,^,B,.,anti,anti,-138.911,-173.16,C4'-exo,C3'-exo,68.731,192.913,47.184,35.543,7.573,8.389,1,O2(carbonyl)-N3(imino),2.94,--,0.0,--,0.0,--,0.0,--,0.0,--,0,-0.539,-4.656,0.471,-1.822,-25.419,-99.622,-51.415,167.173,163.153,-162.283,49.538,37.283,86.573,159.897,176.019,-139.54,-82.303,-86.102,-37.216,-3.57,11.027,24.273,17.116,-34.644,-38.686,33.517,48.395,-18.772
3ldy,Protein#DNA,HYDROLASE/DNA,1.97,,,44243,An extraordinary mechanism of DNA perturbation exhibited by the rare-cutting HNH restriction endonuclease PacI,3ldy_TT_B_DT_7_^_C_DT_10_^,--,cWW,TT,T-T,1:B.DT7,1:C.DT10,B,C,DT,DT,T,T,7,10,^,^,.,.,anti,anti,-113.182,-141.762,C1'-exo,C3'-endo,136.981,22.529,44.652,41.046,10.244,9.128,1,N3(imino)-O4(carbonyl),3.53,--,0.0,--,0.0,--,0.0,--,0.0,--,0,4.02,-1.982,-2.349,24.367,-5.423,-13.586,-72.336,-72.338,172.726,169.479,62.277,58.004,132.081,81.216,-135.947,-151.113,154.43,-74.557,-40.519,-2.996,46.117,-22.629,-32.647,37.914,11.027,-40.071,18.147,27.964
3ldy,Protein#DNA,HYDROLASE/DNA,1.97,,,44243,An extraordinary mechanism of DNA perturbation exhibited by the rare-cutting HNH restriction endonuclease PacI,3ldy_TT_B_DT_7_^_C_DT_11_^,--,cWW,TT,T-T,1:B.DT7,1:C.DT11,B,C,DT,DT,T,T,7,11,^,^,.,B,anti,anti,-113.182,-119.983,C1'-exo,C3'-exo,136.981,182.571,44.652,28.557,8.835,8.485,2,O2(carbonyl)-N3(imino),2.97,N3(imino)-O4(carbonyl),2.73,--,0.0,--,0.0,--,0.0,--,0,1.892,-1.893,0.406,0.252,7.615,6.07,-72.336,95.19,172.726,-148.389,62.277,-115.556,132.081,150.348,-135.947,-161.184,154.43,-93.328,-40.519,-8.059,46.117,23.132,-32.647,-28.528,11.027,24.64,18.147,-10.494
3ldy,Protein#DNA,HYDROLASE/DNA,1.97,,,44243,An extraordinary mechanism of DNA perturbation exhibited by the rare-cutting HNH restriction endonuclease PacI,3ldy_TT_B_DT_7_^_C_DT_10_^,--,cWW,TT,T-T,2:B.DT7,2:C.DT10,B,C,DT,DT,T,T,7,10,^,^,.,.,anti,anti,-113.137,-141.723,C1'-exo,C3'-endo,136.958,22.498,44.649,41.051,10.244,9.128,1,N3(imino)-O4(carbonyl),3.53,--,0.0,--,0.0,--,0.0,--,0.0,--,0,4.02,-1.982,-2.349,24.382,-5.414,-13.589,-72.29,-72.359,172.714,169.517,62.246,58.004,132.083,81.208,-135.968,-151.105,154.43,-74.558,-40.519,-2.975,46.125,-22.648,-32.632,37.926,11.009,-40.071,18.157,27.948
3ldy,Protein#DNA,HYDROLASE/DNA,1.97,,,44243,An extraordinary mechanism of DNA perturbation exhibited by the rare-cutting HNH restriction endonuclease PacI,3ldy_TT_B_DT_7_^_C_DT_11_^,--,cWW,TT,T-T,2:B.DT7,2:C.DT11,B,C,DT,DT,T,T,7,11,^,^,.,B,anti,anti,-113.137,-120.021,C1'-exo,C3'-exo,136.958,182.576,44.649,28.569,8.834,8.485,2,O2(carbonyl)-N3(imino),2.97,N3(imino)-O4(carbonyl),2.73,--,0.0,--,0.0,--,0.0,--,0,1.892,-1.893,0.406,0.273,7.615,6.071,-72.29,95.254,172.714,-148.404,62.246,-115.602,132.083,150.336,-135.968,-161.173,154.43,-93.338,-40.519,-8.065,46.125,23.14,-32.632,-28.54,11.009,24.663,18.157,-10.494
3lel,Protein#DNA,STRUCTURAL PROTEIN/DNA,2.95,Nucleosome,Histone H3.2,55 157 201 233,Structural Insight into the Sequence-Dependence of Nucleosome Positioning,3lel_TT_I_DT_73_^_J_DT_-72_^,--,cWW,TT,T-T,1:I.DT73,1:J.DT-72,I,J,DT,DT,T,T,73,-72,^,^,-,.,anti,anti,-146.461,-110.294,C3'-exo,C2'-endo,182.599,160.277,26.124,35.359,7.236,8.541,1,O2(carbonyl)-N3(imino),2.88,--,0.0,--,0.0,--,0.0,--,0.0,--,0,2.764,-1.352,2.63,17.518,-17.393,45.431,145.499,-99.054,-133.931,-117.691,-167.96,67.335,139.665,139.894,,178.665,,-86.653,-7.348,-22.55,21.062,34.698,-26.097,-33.285,22.417,21.189,-9.638,0.667
3m7k,Protein#DNA,HYDROLASE/DNA,1.92,,,44243,Crystal structure of PacI-DNA Enzyme product complex,3m7k_TT_B_DT_7_^_C_DT_11_^,--,cWW,TT,T-T,1:B.DT7,1:C.DT11,B,C,DT,DT,T,T,7,11,^,^,.,B,anti,anti,-112.533,-131.786,C1'-exo,C2'-endo,131.984,174.382,42.952,33.498,8.759,8.525,2,O2(carbonyl)-N3(imino),2.9,N3(imino)-O4(carbonyl),2.77,--,0.0,--,0.0,--,0.0,--,0,2.254,-1.884,0.251,1.54,7.34,9.155,-66.383,,168.784,-175.451,59.18,143.923,126.611,143.894,-144.001,-152.257,164.906,-84.621,-40.492,-14.118,43.308,29.65,-28.731,-33.337,6.652,25.941,21.116,-7.735
3m7k,Protein#DNA,HYDROLASE/DNA,1.92,,,44243,Crystal structure of PacI-DNA Enzyme product complex,3m7k_TT_B_DT_7_^_C_DT_11_^,--,cWW,TT,T-T,2:B.DT7,2:C.DT11,B,C,DT,DT,T,T,7,11,^,^,.,B,anti,anti,-112.533,-131.786,C1'-exo,C2'-endo,131.984,174.382,42.952,33.498,8.759,8.525,2,O2(carbonyl)-N3(imino),2.9,N3(imino)-O4(carbonyl),2.77,--,0.0,--,0.0,--,0.0,--,0,2.254,-1.884,0.251,1.54,7.34,9.155,-66.383,,168.784,-175.451,59.18,143.923,126.611,143.894,-144.001,-152.257,164.906,-84.621,-40.492,-14.118,43.308,29.65,-28.731,-33.337,6.652,25.941,21.116,-7.735
3mnn,Protein#DNA,STRUCTURAL PROTEIN/DNA,2.5,Nucleosome,Histone H3.2,55 157 201 233,A Ruthenium Antitumour Agent Forms Specific Histone Protein Adducts in the Nucleosome Core,3mnn_TT_I_DT_22_^_J_DT_-21_^,--,cWW,TT,T-T,1:I.DT22,1:J.DT-21,I,J,DT,DT,T,T,22,-21,^,^,.,B,anti,anti,-86.717,-96.002,C2'-endo,C2'-endo,151.741,144.921,44.778,42.748,9.454,8.926,1,N3(imino)-O4(carbonyl),3.83,--,0.0,--,0.0,--,0.0,--,0.0,--,0,0.825,-1.065,-0.356,19.873,-27.879,6.676,-117.78,-49.147,-177.657,-176.139,105.775,27.262,141.254,134.42,-163.219,-149.505,-118.632,-90.789,-33.535,-35.265,45.468,44.211,-39.442,-34.984,21.27,15.845,7.516,11.979
3mvd,Protein#DNA,SIGNALING PROTEIN/STRUCTURAL PROTEIN/DNA,2.9,Nucleosome,Histone H3.2,55 157 201 233 32870,Crystal structure of the chromatin factor RCC1 in complex with the nucleosome core particle,3mvd_TT_I_DT_38_^_J_DT_109_^,--,cWW,TT,T-T,1:I.DT38,1:J.DT109,I,J,DT,DT,T,T,38,109,^,^,.,B,anti,anti,-96.782,-135.143,C2'-endo,C1'-exo,159.648,112.736,39.857,36.737,10.826,8.3,1,N3(imino)-O4(carbonyl),3.02,--,0.0,--,0.0,--,0.0,--,0.0,--,0,1.653,-1.201,-2.551,23.6,-10.791,-48.226,-52.452,-39.897,160.602,132.296,54.612,58.442,144.05,111.393,-92.198,178.656,168.757,-86.302,-25.75,-37.66,39.343,31.471,-37.369,-14.198,23.586,-7.105,1.155,28.042
3nyp,DNA,DNA,1.18,,null,,"A bimolecular anti-parallel-stranded Oxytricha nova telomeric quadruplex in complex with a 3,6-disubstituted acridine ligand containing bis-3-fluoropyrrolidine end side chains",3nyp_TT_B_DT_5_^_B_DT_7_^,--,tSW,TT,T+T,1:B.DT5,1:B.DT7,B,B,DT,DT,T,T,5,7,^,^,B,.,anti,anti,-135.825,-174.27,O4'-endo,C3'-exo,75.243,194.534,38.985,31.223,7.957,8.851,1,O2(carbonyl)-N3(imino),3.26,--,0.0,--,0.0,--,0.0,--,0.0,--,0,-0.287,-4.886,0.393,-1.124,-27.06,-102.052,-65.643,148.727,168.482,-163.1,57.966,55.431,84.212,151.043,-179.999,-139.435,-83.685,-89.059,-32.768,-2.348,13.281,21.613,9.93,-30.224,-29.586,30.073,40.391,-18.003
3nz7,DNA,DNA,1.1,,null,,"A bimolecular anti-parallel-stranded Oxytricha nova telomeric quadruplex in complex with a 3,6-disubstituted acridine ligand containing bis-3-fluoropyrrolidine end side chains",3nz7_TT_B_DT_5_^_B_DT_7_^,--,tSW,TT,T+T,1:B.DT5,1:B.DT7,B,B,DT,DT,T,T,5,7,^,^,B,.,anti,anti,-137.634,-173.659,O4'-endo,C3'-exo,76.574,191.937,45.909,31.438,7.512,8.431,1,O2(carbonyl)-N3(imino),2.99,--,0.0,--,0.0,--,0.0,--,0.0,--,0,-0.651,-4.726,0.35,-1.123,-27.606,-102.211,-65.473,149.802,167.757,-162.391,55.375,54.392,87.031,155.529,178.407,-139.528,-83.833,-89.371,-39.322,-3.872,16.922,22.593,10.66,-30.758,-34.408,29.784,46.782,-16.693
3rzk,Protein#DNA,OXIDOREDUCTASE/DNA,2.78,,DNA oxidative demethylase ALKBH2,6417,Duplex Interrogation by a Direct DNA Repair Protein in the Search of Damage,3rzk_TT_B_DT_264_^_C_DT_279_^,--,cWW,TT,T-T,1:B.DT264,1:C.DT279,B,C,DT,DT,T,T,264,279,^,^,.,.,anti,anti,-119.94,-102.412,C1'-exo,O4'-endo,125.139,85.82,43.768,21.154,8.686,8.387,2,N3(imino)-O2(carbonyl),2.94,O4(carbonyl)-N3(imino),2.8,--,0.0,--,0.0,--,0.0,--,0,-2.064,-1.706,-0.001,26.992,-4.4,7.726,-79.713,-107.622,-177.476,-171.561,67.09,64.569,124.866,110.502,-84.192,-131.268,-128.99,-166.229,-43.453,-20.236,41.836,10.947,-25.192,1.542,1.243,-13.073,26.111,20.676
3t86,DNA,DNA,1.9,,null,,d(GCATGCT) + calcium,3t86_TT_A_DT_4_^_A_DT_4_^,--,tWW,TT,T+T,1:A.DT4,4:A.DT4,A,A,DT,DT,T,T,4,4,^,^,.,.,anti,anti,-131.153,-131.153,C2'-endo,C2'-endo,146.002,146.002,31.027,31.027,8.455,8.51,2,O2(carbonyl)-N3(imino),2.76,N3(imino)-O2(carbonyl),2.76,--,0.0,--,0.0,--,0.0,--,0,2.255,3.344,0.0,-0.89,10.713,180.0,71.714,71.714,-162.525,-162.525,72.286,72.286,138.735,138.735,-90.294,-90.294,-72.674,-72.674,-25.443,-25.443,31.793,31.793,-25.723,-25.723,12.093,12.093,8.253,8.253
3t86,DNA,DNA,1.9,,null,,d(GCATGCT) + calcium,3t86_TT_A_DT_4_^_A_DT_4_^,--,tWW,TT,T+T,2:A.DT4,3:A.DT4,A,A,DT,DT,T,T,4,4,^,^,.,.,anti,anti,-131.153,-131.153,C2'-endo,C2'-endo,146.002,146.002,31.027,31.027,8.455,8.51,2,O2(carbonyl)-N3(imino),2.76,N3(imino)-O2(carbonyl),2.76,--,0.0,--,0.0,--,0.0,--,0,-2.255,-3.344,-0.0,0.89,-10.713,-180.0,71.714,71.714,-162.525,-162.525,72.286,72.286,138.735,138.735,-90.294,-90.294,-72.674,-72.674,-25.443,-25.443,31.793,31.793,-25.723,-25.723,12.093,12.093,8.253,8.253
3w99,Protein#DNA,STRUCTURAL PROTEIN/DNA,3.0,Nucleosome,Histone H3.1,238 256 274 2007,Crystal Structure of Human Nucleosome Core Particle lacking H4 N-terminal region,3w99_TT_I_DT_20_^_J_DT_274_^,--,cWW,TT,T-T,1:I.DT20,1:J.DT274,I,J,DT,DT,T,T,20,274,^,^,.,.,anti,anti,-98.774,-92.424,C3'-exo,C3'-exo,184.315,193.75,34.902,34.928,7.87,9.201,1,O2(carbonyl)*O2(carbonyl),3.0,--,0.0,--,0.0,--,0.0,--,0.0,--,0,0.026,-0.271,2.251,-15.936,-16.049,42.838,42.187,44.258,158.076,-163.123,-51.32,-76.279,153.825,156.912,-178.081,-165.746,-107.949,-109.78,-8.674,-2.89,27.479,23.655,-34.803,-33.927,30.432,32.968,-13.803,-19.128
3wpd,Protein#DNA,DNA BINDING PROTEIN/DNA,2.75,,Toll-like receptor 9,16246,Crystal structure of horse TLR9 in complex with inhibitory DNA4084,3wpd_TT_C_DT_3_^_C_DT_7_^,--,cWW,TT,T-T,1:C.DT3,1:C.DT7,C,C,DT,DT,T,T,3,7,^,^,.,B,anti,anti,-153.629,-136.123,C3'-endo,O4'-endo,27.298,96.483,30.523,38.256,8.81,8.842,2,O2(carbonyl)-N3(imino),3.02,N3(imino)-O4(carbonyl),3.08,--,0.0,--,0.0,--,0.0,--,0,2.916,-1.682,0.04,4.074,4.246,14.185,-68.278,-74.176,176.882,158.339,61.528,91.742,91.491,96.92,-150.887,-176.778,-90.529,-88.164,-4.91,-38.224,-14.597,25.63,27.124,-4.32,-30.387,-17.912,22.382,35.221
3wpg,Protein#DNA,DNA BINDING PROTEIN/DNA,2.25,,Toll-like receptor 9,16245,Crystal structure of mouse TLR9 in complex with inhibitory DNA4084 (form 1),3wpg_TT_B_DT_3_^_B_DT_7_^,--,cWW,TT,T-T,1:B.DT3,1:B.DT7,B,B,DT,DT,T,T,3,7,^,^,.,B,anti,anti,-156.324,-130.332,C4'-exo,C1'-exo,39.711,114.59,29.57,36.078,8.942,8.706,2,O2(carbonyl)-N3(imino),3.0,N3(imino)-O4(carbonyl),2.89,--,0.0,--,0.0,--,0.0,--,0,2.698,-1.806,0.202,7.683,9.299,9.462,-67.035,-53.405,167.228,155.332,66.627,70.993,90.237,111.75,-149.147,-170.461,-87.526,-99.205,-11.017,-36.855,-8.042,31.543,22.748,-15.013,-29.52,-5.806,25.65,26.764
3wph,Protein#DNA,DNA BINDING PROTEIN/DNA,2.33,,Toll-like receptor 9,16245,Crystal structure of mouse TLR9 in complex with inhibitory DNA4084 (form 2),3wph_TT_B_DT_3_^_B_DT_7_^,--,cWW,TT,T-T,1:B.DT3,1:B.DT7,B,B,DT,DT,T,T,3,7,^,^,.,B,anti,anti,-156.886,-136.501,C3'-endo,O4'-endo,33.693,104.655,34.618,35.559,8.704,8.492,2,O2(carbonyl)-N3(imino),2.74,N3(imino)-O4(carbonyl),2.69,--,0.0,--,0.0,--,0.0,--,0,2.709,-2.027,0.214,8.785,6.847,10.125,-60.541,-53.13,162.865,155.06,63.306,72.504,84.858,105.72,-158.691,-168.795,-76.684,-94.58,-9.223,-36.316,-12.912,27.535,28.803,-8.996,-34.797,-11.797,27.995,30.23
4dav,Protein#DNA,HYDROLASE/DNA,2.2,,Sugar fermentation stimulation protein homolog,20609,The structure of Pyrococcus Furiosus SfsA in complex with DNA,4dav_TT_X_DT_4_^_D_DT_12_^,--,cWW,TT,T-T,2:X.DT4,2:D.DT12,X,D,DT,DT,T,T,4,12,^,^,.,-,anti,anti,-103.718,-119.46,C3'-exo,C4'-exo,181.766,36.861,35.969,37.694,8.084,8.209,2,N3(imino)-O2(carbonyl),2.76,O4(carbonyl)-N3(imino),2.89,--,0.0,--,0.0,--,0.0,--,0,-2.513,-1.751,-0.06,-31.138,-19.419,17.626,47.579,-85.416,177.206,177.203,-72.817,52.716,153.263,80.937,-168.016,,-89.293,,-10.943,-11.942,30.133,-12.559,-35.951,30.159,31.495,-38.357,-12.993,31.851
4dav,Protein#DNA,HYDROLASE/DNA,2.2,,Sugar fermentation stimulation protein homolog,20609,The structure of Pyrococcus Furiosus SfsA in complex with DNA,4dav_TT_X_DT_8_^_D_DT_8_^,--,cWW,TT,T-T,2:X.DT8,2:D.DT8,X,D,DT,DT,T,T,8,8,^,^,.,.,anti,anti,-155.669,-147.995,C3'-endo,C3'-endo,16.115,9.257,46.919,40.228,7.349,9.17,2,O2(carbonyl)*O2(carbonyl),2.64,N3(imino)-O2(carbonyl),3.59,--,0.0,--,0.0,--,0.0,--,0,-0.708,0.444,0.489,-3.034,-25.722,61.387,-101.52,-69.498,174.602,169.168,69.571,53.051,74.368,82.195,-177.928,-173.037,-68.719,-72.992,2.003,6.506,-30.373,-29.374,45.075,39.704,-45.064,-36.622,27.394,19.173
4dav,Protein#DNA,HYDROLASE/DNA,2.2,,Sugar fermentation stimulation protein homolog,20609,The structure of Pyrococcus Furiosus SfsA in complex with DNA,4dav_TT_X_DT_12_^_D_DT_4_^,--,cWW,TT,T-T,2:X.DT12,2:D.DT4,X,D,DT,DT,T,T,12,4,^,^,-,.,anti,anti,-126.149,-96.977,C4'-exo,C2'-endo,42.374,176.807,41.093,38.824,8.218,8.162,2,O2(carbonyl)-N3(imino),2.71,N3(imino)-O4(carbonyl),2.67,--,0.0,--,0.0,--,0.0,--,0,2.682,-1.999,-0.175,26.29,-21.104,14.392,-80.25,38.198,166.075,173.169,56.991,-57.425,77.155,157.397,,-167.536,,-99.394,-16.812,-14.945,-9.684,34.052,30.358,-38.764,-41.255,31.7,36.854,-10.642
4l24,DNA,DNA,2.7,,null,,Crystal structure of metallo-DNA duplex containing consecutive T-Hg(II)-T base pairs,4l24_TT_A_DT_6_^_B_DT_19_^,Metal,cWW,TT,T-T,1:A.DT6,1:B.DT19,A,B,DT,DT,T,T,6,19,^,^,B,.,anti,anti,-87.805,-94.533,C3'-exo,C3'-exo,180.953,180.607,36.578,34.554,9.45,9.274,0,--,0.0,--,0.0,--,0.0,--,0.0,--,0.0,--,0,-0.06,-0.785,0.511,8.563,-20.592,9.866,-51.978,-43.723,-145.97,-162.625,25.45,26.462,154.176,149.576,-178.05,157.015,-123.142,-90.309,-11.355,-10.754,30.297,28.609,-36.573,-34.552,31.035,28.913,-12.488,-11.577
4l24,DNA,DNA,2.7,,null,,Crystal structure of metallo-DNA duplex containing consecutive T-Hg(II)-T base pairs,4l24_TT_A_DT_7_^_B_DT_18_^,Metal,cWW,TT,T-T,1:A.DT7,1:B.DT18,A,B,DT,DT,T,T,7,18,^,^,B,B,anti,anti,-98.061,-94.914,C3'-exo,C2'-endo,198.47,178.258,33.638,38.585,9.573,9.394,0,--,0.0,--,0.0,--,0.0,--,0.0,--,0.0,--,0,-0.087,-0.664,0.281,4.746,-20.314,10.881,32.258,-43.716,-165.417,-163.514,-51.725,33.523,156.457,150.016,165.148,174.584,-85.255,-110.334,0.096,-13.801,20.459,32.961,-31.906,-38.567,32.587,31.703,-20.575,-11.45
4n0o,Protein#DNA,HYDROLASE/DNA,2.65,,Replicase polyprotein 1ab,14458,Complex structure of Arterivirus nonstructural protein 10 (helicase) with DNA,4n0o_TT_B_DT_6_^_B_DT_7_^,Platform,cSW,TT,T-T,1:B.DT6,1:B.DT7,B,B,DT,DT,T,T,6,7,^,^,.,-,anti,...,-122.035,31.592,C1'-exo,C2'-endo,142.404,149.002,35.851,34.269,7.33,9.5,1,O2(carbonyl)-N3(imino),3.96,--,0.0,--,0.0,--,0.0,--,0.0,--,0,4.548,0.721,-0.675,0.612,-13.081,83.843,-64.062,173.78,-168.835,-154.883,33.593,138.952,130.944,132.925,-150.676,,173.083,,-30.466,-26.678,36.434,34.726,-28.406,-29.375,11.404,14.536,11.819,7.449
4q0w,Protein#DNA,Hydrolase/DNA,2.1,,DNA repair protein RAD2,6058,he catalytic core of Rad2 in complex with DNA substrate (complex II),4q0w_TT_C_DT_15_^_D_DT_1_^,--,cWW,TT,T-T,1:C.DT15,1:D.DT1,C,D,DT,DT,T,T,15,1,^,^,-,B,anti,anti,-127.899,-125.221,C4'-exo,C2'-endo,55.132,163.808,44.036,35.987,8.883,8.386,2,O2(carbonyl)-N3(imino),3.05,N3(imino)-O4(carbonyl),2.77,--,0.0,--,0.0,--,0.0,--,0,1.899,-1.842,0.183,16.767,-6.633,3.389,-47.436,,135.72,-149.185,47.737,66.064,77.654,142.683,,-154.524,,-137.083,-26.732,-20.888,-0.192,34.523,25.174,-34.56,-41.513,23.018,43.144,-1.509
4qju,Protein#DNA,DNA BINDING PROTEIN/DNA,2.16,,DNA-binding protein HU,13895,"Crystal structure of DNA-bound nucleoid associated protein, SAV1473",4qju_TT_C_DT_4_^_D_DT_16_^,--,cWW,TT,T-T,1:C.DT4,1:D.DT16,C,D,DT,DT,T,T,4,16,^,^,.,B,anti,anti,-153.456,-123.015,C3'-endo,C2'-endo,26.57,152.573,40.16,33.536,8.659,8.535,2,O2(carbonyl)-N3(imino),2.9,N3(imino)-O4(carbonyl),2.86,--,0.0,--,0.0,--,0.0,--,0,2.374,-1.818,0.119,12.254,-6.602,10.525,-77.073,-61.455,176.11,175.993,59.822,58.458,82.765,136.786,-167.448,-179.431,-80.238,-99.856,-5.706,-24.859,-19.748,33.944,35.919,-29.766,-40.337,16.397,28.991,5.136
4qju,Protein#DNA,DNA BINDING PROTEIN/DNA,2.16,,DNA-binding protein HU,13895,"Crystal structure of DNA-bound nucleoid associated protein, SAV1473",4qju_TT_C_DT_16_^_D_DT_4_^,--,cWW,TT,T-T,1:C.DT16,1:D.DT4,C,D,DT,DT,T,T,16,4,^,^,B,.,anti,anti,-112.237,-148.649,C2'-endo,C3'-endo,171.827,14.472,26.305,44.881,8.348,8.358,2,N3(imino)-O2(carbonyl),2.63,O4(carbonyl)-N3(imino),2.78,--,0.0,--,0.0,--,0.0,--,0,-2.456,-1.962,-0.12,-13.589,-7.148,14.723,-61.34,-59.382,-160.243,164.315,50.787,48.134,138.58,76.697,179.896,-173.779,-88.557,-83.475,-12.181,3.186,23.601,-29.839,-26.038,43.457,19.512,-42.536,-4.761,25.009
4r45,DNA,DNA,1.9,,null,,Racemic crystal structure of a bimolecular DNA G-quadruplex (P-1),4r45_TT_A_DT_1005_^_A_DT_1007_^,--,tSW,TT,T+T,1:A.DT1005,1:A.DT1007,A,A,DT,DT,T,T,1005,1007,^,^,B,.,anti,anti,-129.66,-177.149,O4'-endo,C3'-exo,84.848,191.024,37.971,35.129,7.59,8.481,1,O2(carbonyl)-N3(imino),3.05,--,0.0,--,0.0,--,0.0,--,0.0,--,0,-0.543,-4.796,0.364,-1.588,-27.981,-100.709,-65.547,159.041,168.749,-175.672,62.521,51.223,94.215,156.251,-172.723,-135.17,-82.448,-86.567,-35.588,-4.671,18.769,24.949,3.41,-34.481,-24.125,32.615,37.908,-17.679
4r45,DNA,DNA,1.9,,null,,Racemic crystal structure of a bimolecular DNA G-quadruplex (P-1),4r45_TT_B_DT_2005_^_B_DT_2007_^,--,tSW,TT,T+T,1:B.DT2005,1:B.DT2007,B,B,DT,DT,T,T,2005,2007,^,^,B,.,anti,anti,-129.346,-176.783,O4'-endo,C3'-exo,88.884,191.065,38.153,35.127,7.609,8.451,1,O2(carbonyl)-N3(imino),2.98,--,0.0,--,0.0,--,0.0,--,0.0,--,0,-0.563,-4.696,0.392,-1.618,-27.342,-101.551,-66.132,159.106,170.567,-174.991,63.127,52.865,97.091,154.291,-173.343,-138.675,-84.069,-82.093,-36.84,-4.628,21.18,24.912,0.743,-34.474,-22.048,32.582,37.332,-17.705
4r47,DNA,DNA,1.85,,null,,Racemic crystal structure of a bimolecular DNA G-quadruplex (P21/n),4r47_TT_A_DT_1005_^_A_DT_1007_^,--,tSW,TT,T+T,1:A.DT1005,1:A.DT1007,A,A,DT,DT,T,T,1005,1007,^,^,B,.,anti,anti,-135.713,-175.034,O4'-endo,C3'-exo,76.748,188.268,39.99,34.63,7.701,8.55,1,O2(carbonyl)-N3(imino),3.15,--,0.0,--,0.0,--,0.0,--,0.0,--,0,-0.449,-4.848,0.249,-2.819,-27.678,-100.165,-73.221,163.073,169.554,-175.97,66.262,49.514,90.7,155.533,-174.325,-136.021,-81.437,-89.702,-34.636,-6.239,14.603,25.811,9.167,-34.27,-29.77,31.472,40.791,-15.904
4r47,DNA,DNA,1.85,,null,,Racemic crystal structure of a bimolecular DNA G-quadruplex (P21/n),4r47_TT_B_DT_2005_^_B_DT_2007_^,--,tSW,TT,T+T,1:B.DT2005,1:B.DT2007,B,B,DT,DT,T,T,2005,2007,^,^,B,.,anti,anti,-129.515,-177.221,O4'-endo,C3'-exo,87.371,193.241,35.823,32.248,7.715,8.558,1,O2(carbonyl)-N3(imino),3.03,--,0.0,--,0.0,--,0.0,--,0.0,--,0,-0.502,-4.69,0.497,-2.403,-28.31,-103.179,-69.996,147.318,171.076,-165.307,64.901,60.967,99.076,152.796,-172.77,-133.676,-85.809,-86.759,-33.941,-2.969,19.198,21.957,1.643,-31.39,-21.698,30.275,35.298,-17.384
4r4e,Protein#DNA,Transcription regulator/DNA,2.57,,HTH-type transcriptional regulator GlnR,47535,Structure of GlnR-DNA complex,4r4e_TT_D_DT_11_^_E_DT_8_^,--,cWW,TT,T-T,1:D.DT11,1:E.DT8,D,E,DT,DT,T,T,11,8,^,^,.,B,anti,anti,-111.522,-124.836,C2'-endo,C3'-exo,146.286,180.826,36.731,30.198,10.112,9.041,1,O4(carbonyl)*O4(carbonyl),2.88,--,0.0,--,0.0,--,0.0,--,0.0,--,0,0.319,-1.061,-0.321,-2.1,-9.213,-9.018,-55.925,38.763,178.188,-136.544,50.36,-74.225,132.193,146.142,168.662,-169.755,-94.578,-89.673,-29.709,-9.227,37.242,24.949,-30.554,-30.194,13.972,25.266,9.767,-10.25
4r6m,DNA,DNA,2.36,,null,,Crystal Structure of DNA Duplex Containing Two Consecutive Mercury-mediated Base Pairs,4r6m_TT_A_DT_6_^_B_DT_5_^,Metal,cWW,TT,T-T,1:A.DT6,1:B.DT5,A,B,DT,DT,T,T,6,5,^,^,B,.,anti,anti,-110.179,-112.449,C2'-endo,C1'-exo,176.685,127.748,34.665,39.363,9.971,9.618,0,--,0.0,--,0.0,--,0.0,--,0.0,--,0.0,--,0,-1.075,-0.453,0.451,-14.571,-19.414,6.777,-65.248,-58.314,-163.613,168.766,55.515,51.885,147.569,121.556,-169.625,-166.781,-104.237,-123.1,-13.305,-38.309,30.131,38.389,-34.607,-24.098,27.868,2.899,-9.399,21.993
4rim,DNA,DNA,2.3,,null,,Native structure of intercalation-locked DNA tetraplex,4rim_TT_A_DT_8_^_A_DT_8_^,--,tWW,TT,T+T,1:A.DT8,2:A.DT8,A,A,DT,DT,T,T,8,8,^,^,.,.,anti,anti,-118.794,-118.794,C2'-endo,C2'-endo,156.102,156.102,41.868,41.868,11.076,8.57,2,N3(imino)-O4(carbonyl),2.88,O4(carbonyl)-N3(imino),2.88,--,0.0,--,0.0,--,0.0,--,0,-1.664,1.435,-0.0,7.572,-2.641,-180.0,-60.229,-60.229,167.64,167.64,63.677,63.677,141.675,141.675,179.253,179.253,-75.675,-75.675,-28.937,-28.937,41.946,41.946,-38.278,-38.278,22.535,22.535,3.852,3.852
4rim,DNA,DNA,2.3,,null,,Native structure of intercalation-locked DNA tetraplex,4rim_TT_A_DT_8_^_A_DT_8_^,--,tWW,TT,T+T,3:A.DT8,4:A.DT8,A,A,DT,DT,T,T,8,8,^,^,.,.,anti,anti,-118.794,-118.794,C2'-endo,C2'-endo,156.056,156.056,41.851,41.851,11.077,8.569,2,N3(imino)-O4(carbonyl),2.88,O4(carbonyl)-N3(imino),2.88,--,0.0,--,0.0,--,0.0,--,0,-1.664,1.436,0.0,7.572,-2.642,-180.0,-60.22,-60.22,167.622,167.622,63.684,63.684,141.672,141.672,179.227,179.227,-75.688,-75.688,-28.95,-28.95,41.953,41.953,-38.25,-38.25,22.507,22.507,3.878,3.878
4u5m,DNA,DNA,1.5,,null,,Structure of a left-handed DNA G-quadruplex,4u5m_TT_A_DT_1_^_A_DT_7_^,Calcutta,tHW,TT,T-T,1:A.DT1,1:A.DT7,A,A,DT,DT,T,T,1,7,^,^,.,.,anti,anti,-132.577,-110.365,C2'-endo,C2'-endo,172.148,158.702,40.745,37.403,11.588,8.496,1,O4(carbonyl)-N3(imino),3.1,--,0.0,--,0.0,--,0.0,--,0.0,--,0,-3.933,-0.823,1.739,6.183,24.855,-68.951,,-66.359,,-173.085,53.981,57.037,152.851,142.533,-120.335,-71.42,-88.785,96.362,-18.777,-24.581,36.817,36.95,-40.363,-34.849,30.622,21.46,-7.84,1.74
4wu9,Protein#DNA,STRUCTURAL PROTEIN/DNA,2.6,Nucleosome,Histone H3.2,55 157 201 233,Structure of cisPtNAP-NCP145,4wu9_TT_I_DT_66_^_J_DT_-65_^,--,cWW,TT,T-T,1:I.DT66,1:J.DT-65,I,J,DT,DT,T,T,66,-65,^,^,B,B,anti,anti,-112.96,-106.433,C2'-endo,C2'-endo,144.736,144.89,39.362,36.262,8.237,9.192,1,O2(carbonyl)*O2(carbonyl),3.26,--,0.0,--,0.0,--,0.0,--,0.0,--,0,0.326,-0.653,2.354,-13.017,-14.641,33.126,-78.056,-46.839,-163.914,169.623,68.073,44.766,134.456,130.358,-170.827,-167.288,-159.112,-120.663,-32.661,-29.902,40.142,36.893,-32.139,-29.664,14.171,13.032,11.309,10.427
4yf0,Protein#DNA,DNA BINDING PROTEIN/DNA,2.79,,DNA-binding protein HU-alpha,23957,HU38-19bp,4yf0_TT_D_DT_1_^_D_DT_12_^,--,cWW,TT,T-T,1:D.DT1,2:D.DT12,D,D,DT,DT,T,T,1,12,^,^,B,-,anti,anti,-123.511,-115.494,C1'-exo,C2'-endo,132.915,144.406,38.175,33.917,9.798,9.411,1,O4(carbonyl)-N3(imino),3.96,--,0.0,--,0.0,--,0.0,--,0.0,--,0,-1.307,-0.784,0.283,1.903,-26.471,8.686,,-49.503,162.046,165.62,76.648,55.334,123.959,129.155,-168.111,,-91.506,,-35.833,-28.26,38.122,34.486,-25.994,-27.58,6.23,12.038,18.32,10.049
4yf0,Protein#DNA,DNA BINDING PROTEIN/DNA,2.79,,DNA-binding protein HU-alpha,23957,HU38-19bp,4yf0_TT_D_DT_2_^_D_DT_11_^,--,cWW,TT,T-T,1:D.DT2,2:D.DT11,D,D,DT,DT,T,T,2,11,^,^,B,B,anti,anti,-121.815,-120.014,C1'-exo,C1'-exo,117.62,116.48,36.802,35.222,9.624,9.075,1,N3(imino)-O4(carbonyl),3.88,--,0.0,--,0.0,--,0.0,--,0.0,--,0,0.532,-1.07,0.241,-5.052,-23.536,4.412,-65.489,-41.221,169.427,145.322,56.443,39.233,113.996,112.921,-164.046,-176.626,-105.028,-95.018,-37.486,-35.869,33.175,31.437,-17.062,-15.705,-3.85,-4.463,25.846,25.261
4yf0,Protein#DNA,DNA BINDING PROTEIN/DNA,2.79,,DNA-binding protein HU-alpha,23957,HU38-19bp,4yf0_TT_D_DT_3_^_D_DT_10_^,--,cWW,TT,T-T,1:D.DT3,2:D.DT10,D,D,DT,DT,T,T,3,10,^,^,B,B,anti,anti,-122.567,-116.636,C1'-exo,C1'-exo,110.789,135.311,37.939,43.218,9.791,9.121,1,O4(carbonyl)*O4(carbonyl),3.36,--,0.0,--,0.0,--,0.0,--,0.0,--,0,0.386,-1.032,0.223,0.472,-21.68,0.984,-51.132,-28.729,154.457,149.415,57.105,36.138,109.242,126.75,-160.073,-148.896,-110.497,-134.309,-39.085,-39.652,31.786,43.701,-13.466,-30.725,-8.47,8.844,29.822,19.031
4yf0,Protein#DNA,DNA BINDING PROTEIN/DNA,2.79,,DNA-binding protein HU-alpha,23957,HU38-19bp,4yf0_TT_D_DT_4_^_D_DT_9_^,--,cWW,TT,T-T,1:D.DT4,2:D.DT9,D,D,DT,DT,T,T,4,9,^,^,B,.,anti,anti,-114.438,-118.472,C1'-exo,C1'-exo,136.719,120.612,41.368,42.623,10.274,9.204,1,O4(carbonyl)*O4(carbonyl),3.01,--,0.0,--,0.0,--,0.0,--,0.0,--,0,0.222,-0.908,-0.11,3.485,-16.98,-9.008,-54.114,-47.06,153.793,159.4,56.215,45.262,128.291,114.265,-151.052,-166.55,-140.094,-114.231,-37.534,-43.036,42.018,39.567,-30.116,-21.704,9.52,-2.215,17.255,28.081
4yf0,Protein#DNA,DNA BINDING PROTEIN/DNA,2.79,,DNA-binding protein HU-alpha,23957,HU38-19bp,4yf0_TT_D_DT_9_^_D_DT_4_^,--,cWW,TT,T-T,1:D.DT9,2:D.DT4,D,D,DT,DT,T,T,9,4,^,^,.,B,anti,anti,-118.465,-114.429,C1'-exo,C1'-exo,120.659,136.674,42.608,41.321,10.274,9.204,1,O4(carbonyl)*O4(carbonyl),3.01,--,0.0,--,0.0,--,0.0,--,0.0,--,0,-0.222,-0.909,-0.109,-3.482,-16.981,-9.014,-47.079,-54.138,159.416,153.763,45.273,56.256,114.258,128.283,-166.517,-151.052,-114.238,-140.095,-43.005,-37.514,39.556,41.965,-21.727,-30.059,-2.184,9.482,28.058,17.263
4yf0,Protein#DNA,DNA BINDING PROTEIN/DNA,2.79,,DNA-binding protein HU-alpha,23957,HU38-19bp,4yf0_TT_D_DT_10_^_D_DT_3_^,--,cWW,TT,T-T,1:D.DT10,2:D.DT3,D,D,DT,DT,T,T,10,3,^,^,B,B,anti,anti,-116.675,-122.586,C1'-exo,C1'-exo,135.361,110.78,43.278,37.943,9.79,9.121,1,O4(carbonyl)*O4(carbonyl),3.36,--,0.0,--,0.0,--,0.0,--,0.0,--,0,-0.387,-1.031,0.223,-0.468,-21.678,0.991,-28.741,-51.104,149.43,154.457,36.129,57.114,126.746,109.267,-148.872,-160.074,-134.334,-110.531,-39.688,-39.083,43.747,31.772,-30.794,-13.462,8.883,-8.488,19.036,29.838
4yf0,Protein#DNA,DNA BINDING PROTEIN/DNA,2.79,,DNA-binding protein HU-alpha,23957,HU38-19bp,4yf0_TT_D_DT_11_^_D_DT_2_^,--,cWW,TT,T-T,1:D.DT11,2:D.DT2,D,D,DT,DT,T,T,11,2,^,^,B,B,anti,anti,-120.008,-121.818,C1'-exo,C1'-exo,116.458,117.57,35.202,36.814,9.624,9.075,1,O4(carbonyl)-N3(imino),3.88,--,0.0,--,0.0,--,0.0,--,0.0,--,0,-0.531,-1.07,0.241,5.053,-23.538,4.423,-41.183,-65.484,145.285,169.411,39.241,56.446,112.898,113.985,-176.673,-164.062,-94.99,-105.029,-35.853,-37.501,31.425,33.169,-15.684,-17.039,-4.467,-3.886,25.249,25.878
4yf0,Protein#DNA,DNA BINDING PROTEIN/DNA,2.79,,DNA-binding protein HU-alpha,23957,HU38-19bp,4yf0_TT_D_DT_12_^_D_DT_1_^,--,cWW,TT,T-T,1:D.DT12,2:D.DT1,D,D,DT,DT,T,T,12,1,^,^,-,B,anti,anti,-115.464,-123.507,C2'-endo,C1'-exo,144.487,132.928,33.908,38.183,9.798,9.411,1,N3(imino)-O4(carbonyl),3.96,--,0.0,--,0.0,--,0.0,--,0.0,--,0,1.307,-0.785,0.284,-1.916,-26.466,8.683,-49.481,,165.632,162.049,55.316,76.63,129.155,123.929,,-168.069,,-91.489,-28.23,-35.839,34.481,38.126,-27.6,-26.005,12.087,6.237,9.996,18.317
4ykl,Protein#DNA,Hydrolase/DNA,2.25,,,12919,Hnt3 in complex with DNA and guanosine,4ykl_TT_A_DT_4_^_A_DT_7_^,--,cWW,TT,T-T,1:A.DT4,2:A.DT7,A,A,DT,DT,T,T,4,7,^,^,B,.,anti,anti,-116.16,-83.08,C1'-exo,C3'-exo,127.918,183.252,35.374,45.112,10.302,9.12,1,O4(carbonyl)*O4(carbonyl),2.96,--,0.0,--,0.0,--,0.0,--,0.0,--,0,-0.273,-0.973,-0.403,-1.755,-17.671,-10.862,-29.613,26.183,141.181,153.26,36.221,-25.452,120.625,162.124,-178.168,-118.849,-89.11,-128.123,-34.467,-12.296,34.338,36.132,-21.739,-45.039,2.709,39.235,19.79,-17.07
4ykl,Protein#DNA,Hydrolase/DNA,2.25,,,12919,Hnt3 in complex with DNA and guanosine,4ykl_TT_A_DT_7_^_A_DT_4_^,--,cWW,TT,T-T,1:A.DT7,2:A.DT4,A,A,DT,DT,T,T,7,4,^,^,.,B,anti,anti,-83.097,-116.19,C3'-exo,C1'-exo,183.219,127.861,45.106,35.412,10.302,9.12,1,O4(carbonyl)*O4(carbonyl),2.96,--,0.0,--,0.0,--,0.0,--,0.0,--,0,0.273,-0.973,-0.402,1.753,-17.675,-10.86,26.202,-29.588,153.237,141.164,-25.447,36.208,162.128,120.643,-118.888,-178.164,-128.112,-89.141,-12.33,-34.512,36.154,34.357,-45.034,-21.734,39.223,2.665,-17.055,19.841
5b2i,Protein#DNA,TRANSCRIPTION/DNA,3.0,Nucleosome,Histone H3.1,55 238 256 274,Human nucleosome containing CpG unmethylated DNA,5b2i_TT_I_DT_25_^_J_DT_-26_^,--,cWW,TT,T-T,1:I.DT25,1:J.DT-26,I,J,DT,DT,T,T,25,-26,^,^,.,B,anti,anti,-104.74,-122.463,C2'-endo,C2'-endo,154.726,144.785,41.73,38.385,11.12,8.994,1,N3(imino)-O4(carbonyl),3.4,--,0.0,--,0.0,--,0.0,--,0.0,--,0,1.791,-0.846,-1.901,19.079,4.309,-39.136,-56.545,-75.57,174.231,136.989,47.423,54.799,142.815,132.378,-110.278,-164.295,159.17,-103.929,-29.707,-31.886,42.059,39.193,-37.736,-31.361,21.662,13.938,4.73,10.983
5b2j,Protein#DNA,TRANSCRIPTION/DNA,2.6,Nucleosome,Histone H3.1,55 238 256 274,Human nucleosome containing CpG methylated DNA,5b2j_TT_I_DT_-25_^_J_DT_24_^,--,cWW,TT,T-T,1:I.DT-25,1:J.DT24,I,J,DT,DT,T,T,-25,24,^,^,B,.,anti,anti,-126.818,-119.353,C2'-endo,C2'-endo,173.681,175.87,34.388,40.342,10.519,8.607,1,O4(carbonyl)-N3(imino),3.04,--,0.0,--,0.0,--,0.0,--,0.0,--,0,-2.05,-1.597,-2.002,-6.322,1.435,-32.857,40.132,99.724,-121.454,-173.183,-136.205,-145.997,146.037,154.505,-149.821,-98.972,-93.873,166.55,-14.84,-15.947,30.775,35.424,-34.179,-40.237,26.445,32.09,-7.521,-10.34
5b31,Protein#DNA,DNA BINDING PROTEIN,2.2,Nucleosome,Histone H3.1,55 238 256 274 9501,The crystal structure of the heterotypic H2AZ/H2A nucleosome with H3.1.,5b31_TT_I_DT_62_^_J_DT_232_^,--,cWW,TT,T-T,1:I.DT62,1:J.DT232,I,J,DT,DT,T,T,62,232,^,^,B,B,anti,anti,-119.362,-70.966,O4'-endo,C3'-exo,88.444,189.602,33.882,40.314,8.12,9.511,1,O2(carbonyl)*O2(carbonyl),3.17,--,0.0,--,0.0,--,0.0,--,0.0,--,0,0.039,0.234,2.142,-18.383,-15.833,46.976,-60.342,42.635,175.771,151.631,37.546,-28.463,99.991,159.909,-168.635,-163.932,-99.335,-130.535,-32.69,-6.413,18.713,29.298,0.92,-39.749,-19.68,37.03,33.157,-19.377
5bpd,Protein#DNA,DNA BINDING PROTEIN,2.4,,Putative HTH-type transcriptional regulator TrmBL2,3282,"Structure of TrmBL2, an archaeal chromatin protein, shows a novel mode of DNA binding.",5bpd_TT_E_DT_1_^_F_DT_20_^,--,cWW,TT,T-T,1:E.DT1,1:F.DT20,E,F,DT,DT,T,T,1,20,^,^,B,B,anti,anti,-151.263,-143.701,C4'-exo,C2'-endo,37.726,165.994,33.835,37.019,12.051,9.352,1,O4(carbonyl)*O4(carbonyl),2.88,--,0.0,--,0.0,--,0.0,--,0.0,--,0,-0.152,-0.05,-2.38,3.062,-11.094,-49.936,,178.415,-174.921,160.697,174.16,172.517,86.938,145.162,75.208,-158.114,70.01,-79.525,-11.331,-20.459,-10.508,35.324,26.762,-35.919,-34.058,25.06,28.837,-3.148
5cp6,Protein#DNA,STRUCTURAL PROTEIN/DNA,2.6,Nucleosome,Histone H3.2,55 157 201 233,"Nucleosome Core Particle with Adducts from the Anticancer Compound, [(eta6-5,8,9,10-tetrahydroanthracene)Ru(ethylenediamine)Cl][PF6]",5cp6_TT_I_DT_54_^_J_DT_-53_^,--,cWW,TT,T-T,1:I.DT54,1:J.DT-53,I,J,DT,DT,T,T,54,-53,^,^,.,.,anti,anti,-99.914,-125.366,C1'-exo,C1'-exo,124.605,125.222,33.219,41.607,8.077,9.201,1,O2(carbonyl)*O2(carbonyl),3.01,--,0.0,--,0.0,--,0.0,--,0.0,--,0,0.278,-0.501,2.144,-2.798,-17.115,37.897,-135.559,-59.053,-92.607,146.455,66.381,66.434,113.479,114.913,151.092,-167.136,-81.125,-88.619,-32.653,-40.874,31.572,39.918,-18.866,-23.997,0.337,0.947,20.262,24.765
5cpi,Protein#DNA,STRUCTURAL PROTEIN/DNA,2.9,Nucleosome,Histone H3.1,55 238 256 274,Nucleosome containing unmethylated Sat2R DNA,5cpi_TT_I_DT_8_^_J_DT_140_^,--,cWW,TT,T-T,1:I.DT8,1:J.DT140,I,J,DT,DT,T,T,8,140,^,^,.,.,anti,anti,-63.827,-90.767,C3'-exo,C2'-endo,197.727,168.512,33.651,36.839,7.476,9.125,1,O2(carbonyl)*O2(carbonyl),2.68,--,0.0,--,0.0,--,0.0,--,0.0,--,0,0.844,-0.009,1.817,6.767,-15.834,52.808,-87.617,-57.205,-113.534,-170.368,54.192,41.222,152.962,147.388,-142.681,-158.867,-119.887,-75.032,-0.544,-18.979,21.068,34.634,-32.053,-36.101,32.657,26.24,-20.49,-4.792
5cpk,Protein#DNA,STRUCTURAL PROTEIN/DNA,2.63,Nucleosome,Histone H3.1,55 238 256 274,Nucleosome containing methylated Sat2L DNA,5cpk_TT_I_DT_28_^_J_DT_118_^,--,cWW,TT,T-T,1:I.DT28,1:J.DT118,I,J,DT,DT,T,T,28,118,^,^,.,.,anti,anti,-81.874,-89.57,C2'-endo,C2'-endo,161.116,150.035,47.153,46.557,10.15,8.856,1,O4(carbonyl)*O4(carbonyl),2.78,--,0.0,--,0.0,--,0.0,--,0.0,--,0,0.162,-1.075,-0.012,17.285,-21.874,-15.461,-56.679,-47.887,134.808,128.988,19.413,16.256,152.742,143.217,-109.404,-63.832,-169.133,150.374,-29.557,-35.952,46.504,47.849,-44.615,-40.334,29.031,21.061,-0.062,8.828
5dnm,Protein#DNA,STRUCTURAL PROTEIN/DNA,2.81,Nucleosome,Histone H3.2,55 157 201 233,Nucleosome core particle containing adducts of ruthenium(II)-toluene PTA complex,5dnm_TT_I_DT_22_^_J_DT_-21_^,--,cWW,TT,T-T,1:I.DT22,1:J.DT-21,I,J,DT,DT,T,T,22,-21,^,^,.,B,anti,anti,-89.795,-97.565,C2'-endo,C1'-exo,149.4,140.963,43.428,42.625,9.477,9.015,1,N3(imino)-O4(carbonyl),3.9,--,0.0,--,0.0,--,0.0,--,0.0,--,0,0.802,-0.974,-0.401,19.52,-27.427,6.482,-127.521,-38.122,-173.603,178.214,118.176,19.185,142.412,133.971,-163.403,-152.917,-126.575,-93.984,-33.72,-36.93,44.305,43.708,-37.38,-33.109,18.97,12.829,8.983,14.816
5dnm,Protein#DNA,STRUCTURAL PROTEIN/DNA,2.81,Nucleosome,Histone H3.2,55 157 201 233,Nucleosome core particle containing adducts of ruthenium(II)-toluene PTA complex,5dnm_TT_I_DT_54_^_J_DT_-53_^,--,cWW,TT,T-T,1:I.DT54,1:J.DT-53,I,J,DT,DT,T,T,54,-53,^,^,.,B,anti,anti,-108.162,-121.878,C1'-exo,C2'-endo,127.524,147.736,36.933,37.553,8.348,9.489,1,O2(carbonyl)*O2(carbonyl),3.25,--,0.0,--,0.0,--,0.0,--,0.0,--,0,0.414,-0.174,2.243,5.184,-18.783,39.101,-138.878,-64.2,-96.805,164.33,73.302,66.693,119.222,130.622,175.428,-173.998,-99.838,-93.52,-35.771,-29.775,35.842,38.195,-22.495,-31.755,2.318,15.244,20.854,8.97
5dnn,Protein#DNA,STRUCTURAL PROTEIN/DNA,2.8,Nucleosome,Histone H3.2,55 157 201 233,Nucleosome core particle containing adducts of gold(I)-triethylphosphane and ruthenium(II)-toluene PTA complexes,5dnn_TT_I_DT_22_^_J_DT_-21_^,--,cWW,TT,T-T,1:I.DT22,1:J.DT-21,I,J,DT,DT,T,T,22,-21,^,^,.,B,anti,anti,-91.456,-99.153,C2'-endo,C1'-exo,144.489,137.771,41.729,42.177,9.429,8.983,1,N3(imino)-O4(carbonyl),3.89,--,0.0,--,0.0,--,0.0,--,0.0,--,0,0.799,-0.997,-0.348,19.741,-27.883,6.935,-125.939,-43.808,-172.569,-177.232,114.166,22.805,137.542,131.881,-168.567,-156.001,-117.369,-89.965,-34.665,-37.784,42.658,42.919,-33.968,-31.23,14.865,10.356,12.141,16.896
5dnn,Protein#DNA,STRUCTURAL PROTEIN/DNA,2.8,Nucleosome,Histone H3.2,55 157 201 233,Nucleosome core particle containing adducts of gold(I)-triethylphosphane and ruthenium(II)-toluene PTA complexes,5dnn_TT_I_DT_54_^_J_DT_-53_^,--,cWW,TT,T-T,1:I.DT54,1:J.DT-53,I,J,DT,DT,T,T,54,-53,^,^,.,.,anti,anti,-110.109,-122.771,C1'-exo,C1'-exo,123.101,143.984,36.682,36.032,8.331,9.497,1,O2(carbonyl)*O2(carbonyl),3.27,--,0.0,--,0.0,--,0.0,--,0.0,--,0,0.395,-0.199,2.382,4.598,-20.428,38.695,-144.555,-62.655,-96.7,163.438,73.669,65.502,116.34,129.503,175.393,-175.219,-95.593,-90.237,-36.369,-30.091,34.618,36.576,-20.033,-29.145,-0.572,12.411,23.016,10.952
5gsk,DNA,DNA,1.05,,null,,Crystal structure of duplex DNA3 in complex with Hg(II) and Sr(II),5gsk_TT_A_DT_3_^_A_DT_6_^,Metal,cWW,TT,T-T,1:A.DT3,2:A.DT6,A,A,DT,DT,T,T,3,6,^,^,A,A,anti,anti,-157.517,-159.074,C3'-endo,C3'-endo,18.034,16.945,37.571,39.668,10.235,9.319,1,O4(carbonyl)*O4(carbonyl),3.27,--,0.0,--,0.0,--,0.0,--,0.0,--,0,0.081,-0.772,-0.131,-0.397,-25.808,-7.978,-72.103,-72.476,178.188,174.704,54.861,56.347,84.708,84.658,-152.603,-148.01,-63.901,-69.385,0.325,1.12,-23.246,-25.161,35.725,37.946,-36.593,-38.456,22.776,23.407
5gsk,DNA,DNA,1.05,,null,,Crystal structure of duplex DNA3 in complex with Hg(II) and Sr(II),5gsk_TT_A_DT_6_^_A_DT_3_^,Metal,cWW,TT,T-T,1:A.DT6,2:A.DT3,A,A,DT,DT,T,T,6,3,^,^,A,A,anti,anti,-159.074,-157.517,C3'-endo,C3'-endo,16.945,18.034,39.668,37.571,10.235,9.319,1,O4(carbonyl)*O4(carbonyl),3.27,--,0.0,--,0.0,--,0.0,--,0.0,--,0,-0.081,-0.772,-0.131,0.397,-25.808,-7.978,-72.476,-72.103,174.704,178.188,56.347,54.861,84.658,84.708,-148.01,-152.603,-69.385,-63.901,1.12,0.325,-25.161,-23.246,37.946,35.725,-38.456,-36.593,23.407,22.776
5gtc,Protein#DNA,STRUCTURAL PROTEIN/DNA,2.7,Nucleosome,Histone H3.1,55 238 256 274,Crystal structure of complex between DMAP-SH conjugated with a Kaposi's sarcoma herpesvirus LANA peptide (5-15) and nucleosome core particle,5gtc_TT_I_DT_8_^_J_DT_286_^,--,cWW,TT,T-T,1:I.DT8,1:J.DT286,I,J,DT,DT,T,T,8,286,^,^,B,B,anti,anti,-102.963,-99.134,C2'-endo,C3'-exo,175.448,184.342,31.169,33.23,8.152,9.047,1,O2(carbonyl)*O2(carbonyl),3.12,--,0.0,--,0.0,--,0.0,--,0.0,--,0,-0.084,-0.872,2.416,-1.862,-12.095,33.86,-25.827,38.048,-169.796,160.889,11.662,-36.589,142.83,149.187,-179.299,179.268,-100.704,-100.266,-12.626,-8.381,27.625,26.098,-31.071,-33.135,24.737,29.065,-7.9,-13.157
5hix,DNA,DNA,2.48,,null,,Cocrystal structure of an anti-parallel DNA G-quadruplex and a tetra-Quinoline Foldamer,5hix_TT_A_DT_5_^_A_DT_7_^,--,tSW,TT,T+T,1:A.DT5,1:A.DT7,A,A,DT,DT,T,T,5,7,^,^,.,.,anti,anti,-166.01,-163.296,C4'-exo,C2'-endo,41.613,155.493,29.279,38.093,7.865,8.203,1,O2(carbonyl)-N3(imino),2.96,--,0.0,--,0.0,--,0.0,--,0.0,--,0,0.069,-3.586,2.907,-27.73,-21.535,-94.5,131.574,96.11,-152.672,-138.418,-170.598,98.739,94.781,146.935,-174.696,-138.599,-73.562,-108.502,-11.78,-26.527,-7.155,37.935,21.89,-34.661,-29.293,19.802,25.923,3.97
5hix,DNA,DNA,2.48,,null,,Cocrystal structure of an anti-parallel DNA G-quadruplex and a tetra-Quinoline Foldamer,5hix_TT_B_DT_5_^_B_DT_7_^,--,tSW,TT,T+T,1:B.DT5,1:B.DT7,B,B,DT,DT,T,T,5,7,^,^,.,.,anti,...,-167.016,162.405,C4'-exo,C3'-exo,37.634,182.895,35.045,36.635,8.263,9.237,1,O2(carbonyl)-N3(imino),3.51,--,0.0,--,0.0,--,0.0,--,0.0,--,0,-0.819,-5.272,0.008,-2.293,-14.663,-114.504,121.706,76.765,-142.512,-163.146,-162.027,110.57,85.42,146.791,-172.454,-134.19,-81.15,-73.726,-11.883,-9.959,-10.961,29.467,27.753,-36.588,-35.171,31.427,29.766,-13.694
5j0y,Protein#DNA,TRANSFERASE/DNA,2.0,,DNA polymerase beta,76,Binary complex crystal structure of DNA polymerase Beta with T:T mismatch at the primer terminus,5j0y_TT_T_DT_7_^_P_DT_10_^,--,cWW,TT,T-T,1:T.DT7,1:P.DT10,T,P,DT,DT,T,T,7,10,^,^,B,-,anti,anti,-121.24,-143.168,C1'-exo,C4'-exo,127.213,70.434,37.873,36.969,8.64,8.466,2,N3(imino)-O2(carbonyl),2.82,O4(carbonyl)-N3(imino),2.78,--,0.0,--,0.0,--,0.0,--,0,-2.399,-1.914,0.35,-9.014,-12.723,9.873,-40.107,-58.155,156.263,164.758,50.762,62.592,120.904,88.25,-169.365,,-100.857,,-36.832,-29.77,36.652,9.624,-22.905,12.38,2.225,-30.039,21.57,37.777
5j2k,Protein#DNA,Transferase/DNA,2.1,,DNA polymerase beta,76,Ternary complex crystal structure of DNA polymerase Beta with T:T mismatch at the primer terminus,5j2k_TT_T_DT_7_^_P_DT_10_^,--,cWW,TT,T-T,1:T.DT7,1:P.DT10,T,P,DT,DT,T,T,7,10,^,^,B,-,anti,anti,-121.89,-145.123,O4'-endo,C3'-endo,85.438,29.071,42.958,36.809,8.434,8.69,2,N3(imino)-O2(carbonyl),2.9,O4(carbonyl)-N3(imino),3.21,--,0.0,--,0.0,--,0.0,--,0,-2.159,-1.532,-0.014,2.813,-18.268,21.367,-61.624,-67.932,163.512,-178.89,48.976,56.535,88.273,78.331,178.726,,-86.019,,-40.283,-6.907,21.905,-16.682,3.417,32.172,-27.209,-37.105,42.397,27.716
5k1y,Protein#DNA,TRANSCRIPTION/DNA,2.97,,,1588,P2(1) Structure of pNOB8 AspA-DNA complex,5k1y_TT_P_DT_38_^_N_DT_13_^,--,cWW,TT,T-T,1:P.DT38,1:N.DT13,P,N,DT,DT,T,T,38,13,^,^,-,.,anti,anti,-135.452,-135.552,C1'-exo,C1'-exo,134.315,140.241,42.186,44.055,11.579,9.627,1,N3(imino)-O4(carbonyl),3.66,--,0.0,--,0.0,--,0.0,--,0.0,--,0,2.533,-0.365,-1.274,-21.891,-14.727,-31.824,67.768,,-122.418,,-136.231,-177.234,125.486,131.588,,-165.276,,-91.129,-39.103,-38.252,41.971,44.858,-29.472,-33.867,7.729,12.487,19.553,16.095
5kn8,Protein#DNA,Hydrolase/DNA,1.81,,Adenine DNA glycosylase,58874,MutY N-terminal domain in complex with undamaged DNA,5kn8_TT_C_DT_4_^_D_DT_22_^,--,tWW,TT,T+T,1:C.DT4,1:D.DT22,C,D,DT,DT,T,T,4,22,^,^,.,-,anti,anti,-163.7,-143.796,C2'-endo,C2'-endo,147.116,174.509,44.971,38.13,10.65,7.86,1,N3(imino)-O4(carbonyl),2.77,--,0.0,--,0.0,--,0.0,--,0.0,--,0,2.253,-1.128,2.231,37.232,40.041,166.623,-95.805,-159.176,71.898,164.235,178.657,48.149,139.338,151.501,-146.19,,-71.005,,-36.217,-15.979,46.135,34.101,-37.765,-37.955,17.991,29.923,10.786,-8.928
5kn9,Protein#DNA,Hydrolase/DNA,1.93,,Adenine DNA glycosylase,58875,MutY N-terminal domain in complex with DNA containing an intrahelical oxoG:A base-pair,5kn9_TT_C_DT_4_^_D_DT_22_^,--,tWW,TT,T+T,1:C.DT4,1:D.DT22,C,D,DT,DT,T,T,4,22,^,^,.,-,anti,anti,-164.924,-137.336,C1'-exo,C3'-exo,141.939,187.177,44.708,32.461,10.585,7.812,1,N3(imino)-O4(carbonyl),2.95,--,0.0,--,0.0,--,0.0,--,0.0,--,0,2.221,-0.901,2.32,35.7,41.745,161.381,-93.141,-153.568,74.9,179.328,179.876,33.889,133.714,150.016,-145.964,,-65.424,,-38.565,-6.577,45.721,24.705,-35.201,-32.207,14.21,29.329,14.751,-14.436
5t00,Protein#DNA,TRANSCRIPTION REGULATOR/DNA,2.19,,Transcriptional repressor CTCF,22465,Human CTCF ZnF3-7 and methylated DNA complex,5t00_TT_B_DT_1_^_C_DT_16_^,--,cWW,TT,T-T,1:B.DT1,1:C.DT16,B,C,DT,DT,T,T,1,16,^,^,.,.,anti,anti,-164.245,-103.082,C3'-endo,C2'-endo,20.725,155.962,28.336,41.639,10.68,8.681,1,O4(carbonyl)-N3(imino),3.25,--,0.0,--,0.0,--,0.0,--,0.0,--,0,-1.952,-1.434,-2.597,-18.686,-12.554,-32.731,,-57.715,,-177.629,59.129,45.65,91.087,141.859,-152.024,-120.301,-76.405,-179.949,-1.131,-28.807,-16.36,41.76,26.502,-38.028,-27.722,22.246,18.368,3.881
5t2h,Protein#DNA,HYDROLASE/DNA,2.52,,,55869,Engineered variant of I-OnuI meganuclease targeting the Human TCRa gene; harbors 43 point mutations relative to wild-type I-OnuI,5t2h_TT_B_DT_10_^_C_DT_15_^,--,cWW,TT,T-T,1:B.DT10,1:C.DT15,B,C,DT,DT,T,T,10,15,^,^,B,B,anti,anti,-119.427,-169.691,C2'-endo,C2'-endo,149.492,149.984,38.503,44.145,11.815,9.314,1,O4(carbonyl)*O4(carbonyl),2.92,--,0.0,--,0.0,--,0.0,--,0.0,--,0,-0.117,-0.195,-2.418,15.179,-12.635,-44.863,-54.247,-96.704,177.655,87.084,48.188,165.548,136.254,140.662,-163.001,-159.246,-126.585,-48.134,-29.893,-34.093,39.222,45.02,-33.173,-38.224,16.858,19.734,7.9,8.584
5wsp,DNA,DNA,1.5,,null,,Crystal structure of DNA3 duplex,5wsp_TT_A_DT_3_^_A_DT_6_^,--,cWW,TT,T-T,1:A.DT3,2:A.DT6,A,A,DT,DT,T,T,3,6,^,^,A,A,anti,anti,-156.374,-164.175,C3'-endo,C3'-endo,18.729,19.086,38.843,42.619,8.978,8.635,2,O2(carbonyl)-N3(imino),3.08,N3(imino)-O4(carbonyl),2.84,--,0.0,--,0.0,--,0.0,--,0,2.388,-1.809,0.207,-4.354,-20.81,6.66,-75.687,-70.221,-173.601,-179.111,54.781,58.956,83.454,80.797,-142.965,-147.458,-95.523,-69.572,-0.131,-0.278,-23.354,-25.749,36.786,40.276,-37.631,-41.877,23.975,26.484
5wsp,DNA,DNA,1.5,,null,,Crystal structure of DNA3 duplex,5wsp_TT_A_DT_6_^_A_DT_3_^,--,cWW,TT,T-T,1:A.DT6,2:A.DT3,A,A,DT,DT,T,T,6,3,^,^,A,A,anti,anti,-164.175,-156.374,C3'-endo,C3'-endo,19.086,18.729,42.619,38.843,8.978,8.635,2,N3(imino)-O2(carbonyl),3.08,O4(carbonyl)-N3(imino),2.84,--,0.0,--,0.0,--,0.0,--,0,-2.388,-1.809,0.207,4.354,-20.81,6.66,-70.221,-75.687,-179.111,-173.601,58.956,54.781,80.797,83.454,-147.458,-142.965,-69.572,-95.523,-0.278,-0.131,-25.749,-23.354,40.276,36.786,-41.877,-37.631,26.484,23.975
5wsr,DNA,DNA,1.5,,null,,Crystal structure of T-Hg-T pair containing DNA duplex,5wsr_TT_A_DT_3_^_A_DT_6_^,Metal,cWW,TT,T-T,1:A.DT3,2:A.DT6,A,A,DT,DT,T,T,3,6,^,^,A,A,anti,anti,-156.251,-165.514,C3'-endo,C3'-endo,17.633,13.04,37.032,41.035,9.569,9.374,2,O2(carbonyl)-N3(imino),3.99,N3(imino)-O4(carbonyl),3.98,--,0.0,--,0.0,--,0.0,--,0,1.584,-0.821,0.361,0.156,-23.031,10.778,-65.792,-69.618,173.766,177.938,58.34,57.266,79.707,83.254,-144.654,-148.924,-85.062,-70.243,0.309,4.086,-22.966,-28.075,35.292,39.977,-35.503,-38.712,22.296,21.945
5wsr,DNA,DNA,1.5,,null,,Crystal structure of T-Hg-T pair containing DNA duplex,5wsr_TT_A_DT_6_^_A_DT_3_^,Metal,cWW,TT,T-T,1:A.DT6,2:A.DT3,A,A,DT,DT,T,T,6,3,^,^,A,A,anti,anti,-165.514,-156.251,C3'-endo,C3'-endo,13.04,17.633,41.035,37.032,9.569,9.374,2,N3(imino)-O2(carbonyl),3.99,O4(carbonyl)-N3(imino),3.98,--,0.0,--,0.0,--,0.0,--,0,-1.584,-0.821,0.361,-0.156,-23.031,10.778,-69.618,-65.792,177.938,173.766,57.266,58.34,83.254,79.707,-148.924,-144.654,-70.243,-85.062,4.086,0.309,-28.075,-22.966,39.977,35.292,-38.712,-35.503,21.945,22.296
5wss,DNA,DNA,1.45,,null,,Crystal structure of T-Hg-T pair containing DNA duplex in the presence Ba2+,5wss_TT_A_DT_3_^_A_DT_6_^,Metal,cWW,TT,T-T,1:A.DT3,2:A.DT6,A,A,DT,DT,T,T,3,6,^,^,A,A,anti,anti,-171.69,-158.75,C3'-endo,C3'-endo,16.482,17.08,42.252,40.709,10.077,9.072,1,O4(carbonyl)*O4(carbonyl),3.0,--,0.0,--,0.0,--,0.0,--,0.0,--,0,-0.045,-0.985,0.085,-6.576,-24.503,-11.33,-69.051,-74.353,169.788,-179.524,57.543,56.884,84.366,84.138,-132.97,-147.181,-81.121,-70.205,1.577,1.062,-26.96,-25.672,40.516,38.913,-40.876,-39.494,24.555,24.039
5wss,DNA,DNA,1.45,,null,,Crystal structure of T-Hg-T pair containing DNA duplex in the presence Ba2+,5wss_TT_A_DT_6_^_A_DT_3_^,Metal,cWW,TT,T-T,1:A.DT6,2:A.DT3,A,A,DT,DT,T,T,6,3,^,^,A,A,anti,anti,-158.75,-171.69,C3'-endo,C3'-endo,17.08,16.482,40.709,42.252,10.077,9.072,1,O4(carbonyl)*O4(carbonyl),3.0,--,0.0,--,0.0,--,0.0,--,0.0,--,0,0.045,-0.985,0.085,6.576,-24.503,-11.33,-74.353,-69.051,-179.524,169.788,56.884,57.543,84.138,84.366,-147.181,-132.97,-70.205,-81.121,1.062,1.577,-25.672,-26.96,38.913,40.516,-39.494,-40.876,24.039,24.555
