tf,resi,flank,pdbid,pairid,isHbond,isVdw,param,value
Elk1,3,1,1dux,1dux_CG_A_DC_4_B_DG_10,False,False,minorgw,8.608
Elk1,4,0,1dux,1dux_CG_A_DC_5_B_DG_9,False,True,minorgw,8.608
Elk1,4,1,1dux,1dux_CG_A_DC_5_B_DG_9,False,True,minorgw,8.718
Elk1,5,-1,1dux,1dux_GC_A_DG_6_B_DC_8,True,True,minorgw,8.608
Elk1,5,0,1dux,1dux_GC_A_DG_6_B_DC_8,True,True,minorgw,8.718
Elk1,5,1,1dux,1dux_GC_A_DG_6_B_DC_8,True,True,minorgw,8.557
Elk1,6,-2,1dux,1dux_GC_A_DG_7_B_DC_7,True,True,minorgw,8.608
Elk1,6,-1,1dux,1dux_GC_A_DG_7_B_DC_7,True,True,minorgw,8.718
Elk1,6,0,1dux,1dux_GC_A_DG_7_B_DC_7,True,True,minorgw,8.557
Elk1,7,-2,1dux,1dux_AT_A_DA_8_B_DT_6,False,True,minorgw,8.718
Elk1,7,-1,1dux,1dux_AT_A_DA_8_B_DT_6,False,True,minorgw,8.557
Elk1,8,-2,1dux,1dux_AT_A_DA_9_B_DT_5,False,False,minorgw,8.557
Ets1,4,0,1k79,1k79_CG_B_DC_6_C_DG_11,False,False,minorgw,8.408
Ets1,5,-1,1k79,1k79_CG_B_DC_7_C_DG_10,False,True,minorgw,8.408
Ets1,6,-2,1k79,1k79_GC_B_DG_8_C_DC_9,True,True,minorgw,8.408
Max-Myc,6,-2,1nkp,1nkp_CG_F_DC_108_G_DG_313,True,True,minorgw,8.683
Max-Myc,9,1,1nkp,1nkp_GC_F_DG_111_G_DC_310,False,True,minorgw,9.495
Max-Myc,10,0,1nkp,1nkp_TA_F_DT_112_G_DA_309,True,True,minorgw,9.495
Max-Myc,10,1,1nkp,1nkp_TA_F_DT_112_G_DA_309,True,True,minorgw,9.322
Max-Myc,11,-1,1nkp,1nkp_GC_F_DG_113_G_DC_308,True,True,minorgw,9.495
Max-Myc,11,0,1nkp,1nkp_GC_F_DG_113_G_DC_308,True,True,minorgw,9.322
Max-Myc,12,-2,1nkp,1nkp_CG_F_DC_114_G_DG_307,False,True,minorgw,9.495
Max-Myc,12,-1,1nkp,1nkp_CG_F_DC_114_G_DG_307,False,True,minorgw,9.322
Egr1,3,1,1p47,1p47_CG_C_DC_5_D_DG_60,False,True,minorgw,8.537
Egr1,4,0,1p47,1p47_GC_C_DG_6_D_DC_59,True,True,minorgw,8.537
Egr1,5,-1,1p47,1p47_TA_C_DT_7_D_DA_58,False,True,minorgw,8.537
Egr1,6,-2,1p47,1p47_GC_C_DG_8_D_DC_57,True,True,minorgw,8.537
TBP,1,1,1qne,1qne_CG_C_DC_202_D_DG_227,False,False,minorgw,14.067
TBP,2,0,1qne,1qne_TA_C_DT_203_D_DA_226,False,True,minorgw,14.067
TBP,2,1,1qne,1qne_TA_C_DT_203_D_DA_226,False,True,minorgw,16.355
TBP,3,-1,1qne,1qne_AT_C_DA_204_D_DT_225,False,True,minorgw,14.067
TBP,3,0,1qne,1qne_AT_C_DA_204_D_DT_225,False,True,minorgw,16.355
TBP,3,1,1qne,1qne_AT_C_DA_204_D_DT_225,False,True,minorgw,17.912
TBP,4,-2,1qne,1qne_TA_C_DT_205_D_DA_224,False,True,minorgw,14.067
TBP,4,-1,1qne,1qne_TA_C_DT_205_D_DA_224,False,True,minorgw,16.355
TBP,4,0,1qne,1qne_TA_C_DT_205_D_DA_224,False,True,minorgw,17.912
TBP,4,1,1qne,1qne_TA_C_DT_205_D_DA_224,False,True,minorgw,18.648
TBP,5,-2,1qne,1qne_AT_C_DA_206_D_DT_223,True,True,minorgw,16.355
TBP,5,-1,1qne,1qne_AT_C_DA_206_D_DT_223,True,True,minorgw,17.912
TBP,5,0,1qne,1qne_AT_C_DA_206_D_DT_223,True,True,minorgw,18.648
TBP,5,1,1qne,1qne_AT_C_DA_206_D_DT_223,True,True,minorgw,17.674
TBP,6,-2,1qne,1qne_AT_C_DA_207_D_DT_222,True,True,minorgw,17.912
TBP,6,-1,1qne,1qne_AT_C_DA_207_D_DT_222,True,True,minorgw,18.648
TBP,6,0,1qne,1qne_AT_C_DA_207_D_DT_222,True,True,minorgw,17.674
TBP,6,1,1qne,1qne_AT_C_DA_207_D_DT_222,True,True,minorgw,15.983
TBP,7,-2,1qne,1qne_AT_C_DA_208_D_DT_221,False,True,minorgw,18.648
TBP,7,-1,1qne,1qne_AT_C_DA_208_D_DT_221,False,True,minorgw,17.674
TBP,7,0,1qne,1qne_AT_C_DA_208_D_DT_221,False,True,minorgw,15.983
TBP,7,1,1qne,1qne_AT_C_DA_208_D_DT_221,False,True,minorgw,13.561
TBP,8,-2,1qne,1qne_AT_C_DA_209_D_DT_220,False,True,minorgw,17.674
TBP,8,-1,1qne,1qne_AT_C_DA_209_D_DT_220,False,True,minorgw,15.983
TBP,8,0,1qne,1qne_AT_C_DA_209_D_DT_220,False,True,minorgw,13.561
TBP,8,1,1qne,1qne_AT_C_DA_209_D_DT_220,False,True,minorgw,10.235
TBP,9,-2,1qne,1qne_GC_C_DG_210_D_DC_219,False,True,minorgw,15.983
TBP,9,-1,1qne,1qne_GC_C_DG_210_D_DC_219,False,True,minorgw,13.561
TBP,9,0,1qne,1qne_GC_C_DG_210_D_DC_219,False,True,minorgw,10.235
TBP,9,1,1qne,1qne_GC_C_DG_210_D_DC_219,False,True,minorgw,8.675
p53,3,1,3kz8,3kz8_CG_C_DC_4_C_DG_17,True,True,minorgw,8.435
p53,4,0,3kz8,3kz8_AT_C_DA_5_C_DT_16,False,True,minorgw,8.435
p53,5,-1,3kz8,3kz8_TA_C_DT_6_C_DA_15,False,True,minorgw,8.435
p53,6,-2,3kz8,3kz8_GC_C_DG_7_C_DC_14,True,True,minorgw,8.435
p53,13,1,3kz8,3kz8_CG_C_DC_14_C_DG_7,True,True,minorgw,8.435
p53,14,0,3kz8,3kz8_AT_C_DA_15_C_DT_6,False,True,minorgw,8.435
p53,15,-1,3kz8,3kz8_TA_C_DT_16_C_DA_5,False,True,minorgw,8.435
p53,16,-2,3kz8,3kz8_GC_C_DG_17_C_DC_4,True,True,minorgw,8.435
CTCF,1,1,5t00,5t00_AT_B_DA_2_C_DT_16,False,True,minorgw,8.413
CTCF,2,0,5t00,5t00_GC_B_DG_3_C_DC_15,False,True,minorgw,8.413
CTCF,2,1,5t00,5t00_GC_B_DG_3_C_DC_15,False,True,minorgw,8.676
CTCF,3,-1,5t00,5t00_cG_B_5CM_4_C_DG_14,True,True,minorgw,8.413
CTCF,3,0,5t00,5t00_cG_B_5CM_4_C_DG_14,True,True,minorgw,8.676
CTCF,3,1,5t00,5t00_cG_B_5CM_4_C_DG_14,True,True,minorgw,8.956
CTCF,4,-2,5t00,5t00_Gc_B_DG_5_C_5CM_13,True,True,minorgw,8.413
CTCF,4,-1,5t00,5t00_Gc_B_DG_5_C_5CM_13,True,True,minorgw,8.676
CTCF,4,0,5t00,5t00_Gc_B_DG_5_C_5CM_13,True,True,minorgw,8.956
CTCF,4,1,5t00,5t00_Gc_B_DG_5_C_5CM_13,True,True,minorgw,9.353
CTCF,5,-2,5t00,5t00_CG_B_DC_6_C_DG_12,True,True,minorgw,8.676
CTCF,5,-1,5t00,5t00_CG_B_DC_6_C_DG_12,True,True,minorgw,8.956
CTCF,5,0,5t00,5t00_CG_B_DC_6_C_DG_12,True,True,minorgw,9.353
CTCF,6,-2,5t00,5t00_CG_B_DC_7_C_DG_11,True,True,minorgw,8.956
CTCF,6,-1,5t00,5t00_CG_B_DC_7_C_DG_11,True,True,minorgw,9.353
CTCF,7,-2,5t00,5t00_CG_B_DC_8_C_DG_10,True,True,minorgw,9.353
RelA,10,1,5u01,5u01_CG_E_DC_211_F_DG_216,True,True,minorgw,8.510
RelA,11,0,5u01,5u01_CG_E_DC_212_F_DG_215,True,True,minorgw,8.510
RelA,11,1,5u01,5u01_CG_E_DC_212_F_DG_215,True,True,minorgw,9.051
RelA,12,-1,5u01,5u01_CG_E_DC_213_F_DG_214,True,True,minorgw,8.510
RelA,12,0,5u01,5u01_CG_E_DC_213_F_DG_214,True,True,minorgw,9.051
RelA,12,1,5u01,5u01_CG_E_DC_213_F_DG_214,True,True,minorgw,8.417
RelA,13,-2,5u01,5u01_GC_E_DG_214_F_DC_213,True,True,minorgw,8.510
RelA,13,-1,5u01,5u01_GC_E_DG_214_F_DC_213,True,True,minorgw,9.051
RelA,13,0,5u01,5u01_GC_E_DG_214_F_DC_213,True,True,minorgw,8.417
RelA,14,-2,5u01,5u01_GC_E_DG_215_F_DC_212,True,True,minorgw,9.051
RelA,14,-1,5u01,5u01_GC_E_DG_215_F_DC_212,True,True,minorgw,8.417
RelA,15,-2,5u01,5u01_GC_E_DG_216_F_DC_211,True,True,minorgw,8.417
Creb,8,1,5zk1,5zk1_AT_B_DA_-2_B_DT_2,False,False,minorgw,8.445
Creb,9,0,5zk1,5zk1_CG_B_DC_-1_B_DG_1,False,True,minorgw,8.445
Creb,10,-1,5zk1,5zk1_GC_B_DG_1_B_DC_-1,False,True,minorgw,8.445
Creb,11,-2,5zk1,5zk1_TA_B_DT_2_B_DA_-2,False,False,minorgw,8.445
GR,5,1,1r4r,1r4r_CG_C_DC_7_D_DG_14,True,True,majorgw,16.340
GR,6,0,1r4r,1r4r_AT_C_DA_8_D_DT_13,False,True,majorgw,16.340
GR,7,-1,1r4r,1r4r_TA_C_DT_9_D_DA_12,False,False,majorgw,16.340
GR,8,-2,1r4r,1r4r_GC_C_DG_10_D_DC_11,False,False,majorgw,16.340
p53,3,1,3kz8,3kz8_CG_C_DC_4_C_DG_17,True,True,majorgw,7.355
p53,4,0,3kz8,3kz8_AT_C_DA_5_C_DT_16,False,True,majorgw,7.355
p53,5,-1,3kz8,3kz8_TA_C_DT_6_C_DA_15,False,True,majorgw,7.355
p53,6,-2,3kz8,3kz8_GC_C_DG_7_C_DC_14,True,True,majorgw,7.355
p53,13,1,3kz8,3kz8_CG_C_DC_14_C_DG_7,True,True,majorgw,7.355
p53,14,0,3kz8,3kz8_AT_C_DA_15_C_DT_6,False,True,majorgw,7.355
p53,15,-1,3kz8,3kz8_TA_C_DT_16_C_DA_5,False,True,majorgw,7.355
p53,16,-2,3kz8,3kz8_GC_C_DG_17_C_DC_4,True,True,majorgw,7.355
RelA,8,1,5u01,5u01_TA_E_DT_209_F_DA_218,False,False,majorgw,15.906
RelA,9,0,5u01,5u01_TA_E_DT_210_F_DA_217,False,True,majorgw,15.906
RelA,10,-1,5u01,5u01_CG_E_DC_211_F_DG_216,True,True,majorgw,15.906
RelA,11,-2,5u01,5u01_CG_E_DC_212_F_DG_215,True,True,majorgw,15.906
