tf,sequence_star,resi,pdbid,pairid,isHbond,isVdw,param,value
Max-Max,TAGATCA*CGTGAATG,9,1an2,1an2_AT_B_DA_10_B_DT_13,False,True,shift,-0.855
Elk1,CCCTGTTCCG*GTAT,4,1dux,1dux_CG_A_DC_5_B_DG_9,False,True,shift,-0.721
Ets1,CCTGTTCC*GGTAT,6,1k79,1k79_GC_B_DG_8_C_DC_9,True,True,shift,-1.204
Max-Myc,TGCCACCTGGTGGCCA*CGTGCC,7,1nkp,1nkp_AT_F_DA_109_G_DT_312,True,True,shift,-0.610
Egr1,GTG*GCGTGGGCGATA,1,1p47,1p47_GC_C_DG_3_D_DC_62,False,True,shift,-0.724
Egr1,GTGGCGTGGGC*GATA,9,1p47,1p47_CG_C_DC_11_D_DG_54,False,True,shift,1.112
TBP,ACTATA*AAAAGTTC,5,1qne,1qne_AT_C_DA_206_D_DT_223,True,True,shift,0.562
TBP,ACTATAAAAAG*TTC,9,1qne,1qne_GC_C_DG_210_D_DC_219,False,True,shift,-1.541
GR,CAGA*ACATGATGTTCTCA,3,1r4r,1r4r_AT_C_DA_5_D_DT_16,False,False,shift,2.031
GR,CAGAACATGATGTT*CTCA,13,1r4r,1r4r_TA_C_DT_15_D_DA_6,False,False,shift,-0.627
CTCF,GCAG*CGCCCTCTACTGGCAGC,2,5t00,5t00_GC_B_DG_3_C_DC_15,False,True,shift,-0.784
CTCF,GCAGCGCC*CTCTACTGGCAGC,6,5t00,5t00_CG_B_DC_7_C_DG_11,True,True,shift,-0.721
RelA,CCTGGGGAATTTCCG*GGA,2,5u01,5u01_CG_E_DC_203_F_DG_224,False,True,shift,-1.585
RelA,CCTGGGGAATTTCC*GGGA,22,5u01,5u01_CG_E_DC_223_F_DG_204,True,True,shift,1.292
RelA,CCTGGGGAATTTCCG*GGA,23,5u01,5u01_GC_E_DG_224_F_DC_203,True,True,shift,1.635
Creb,CCGGTG*ACGTAAACG,12,5zk1,5zk1_CG_B_DC_3_B_DG_-3,False,True,shift,-0.643
Elk1,CCCTGTTCCG*GTAT,4,1dux,1dux_CG_A_DC_5_B_DG_9,False,True,slide,0.822
Ets1,CCTGTTCCG*GTAT,5,1k79,1k79_CG_B_DC_7_C_DG_10,False,True,slide,0.795
Max-Myc,TGCCACCTGGTGGCCA*CGTGCC,10,1nkp,1nkp_TA_F_DT_112_G_DA_309,True,True,slide,0.899
TBP,ACTATA*AAAAGTTC,5,1qne,1qne_AT_C_DA_206_D_DT_223,True,True,slide,1.281
TBP,ACTATAAAAA*GTTC,8,1qne,1qne_AT_C_DA_209_D_DT_220,False,True,slide,0.452
CTCF,GCAG*CGCCCTCTACTGGCAGC,2,5t00,5t00_GC_B_DG_3_C_DC_15,False,True,slide,-1.010
Max-Max,TAGATCA*CGTGAATG,9,1an2,1an2_AT_B_DA_10_B_DT_13,False,True,rise,4.304
Max-Max,TAGATCA*CGTGAATG,12,1an2,1an2_TA_B_DT_13_B_DA_10,False,True,rise,2.922
Ets1,CCTGTTCCG*GTAT,5,1k79,1k79_CG_B_DC_7_C_DG_10,False,True,rise,2.986
TBP,ACTATAAAAA*GTTC,8,1qne,1qne_AT_C_DA_209_D_DT_220,False,True,rise,5.060
GR,CAGA*ACATGATGTTCTCA,3,1r4r,1r4r_AT_C_DA_5_D_DT_16,False,False,rise,3.725
CTCF,GCAGCGC*CCTCTACTGGCAGC,5,5t00,5t00_CG_B_DC_6_C_DG_12,True,True,rise,2.980
Max-Max,TAGATCA*CGTGAATG,12,1an2,1an2_TA_B_DT_13_B_DA_10,False,True,tilt,-7.710
Elk1,CCCTGTTCCG*GTAT,4,1dux,1dux_CG_A_DC_5_B_DG_9,False,True,tilt,-5.240
Ets1,CCTGTTCC*GGTAT,6,1k79,1k79_GC_B_DG_8_C_DC_9,True,True,tilt,-4.942
Egr1,GTGGCGTGGGC*GATA,9,1p47,1p47_CG_C_DC_11_D_DG_54,False,True,tilt,6.169
GR,CAGA*ACATGATGTTCTCA,3,1r4r,1r4r_AT_C_DA_5_D_DT_16,False,False,tilt,7.714
RelA,CCTGGGGAATTTCC*GGGA,3,5u01,5u01_GC_E_DG_204_F_DC_223,True,True,tilt,3.061
Max-Max,TAGATCA*CGTGAATG,9,1an2,1an2_AT_B_DA_10_B_DT_13,False,True,roll,-8.917
Max-Max,TAGATCA*CGTGAATG,12,1an2,1an2_TA_B_DT_13_B_DA_10,False,True,roll,10.112
Elk1,CCCTGTTC*CGGTAT,6,1dux,1dux_GC_A_DG_7_B_DC_7,True,True,roll,8.354
Ets1,CCTGTTC*CGGTAT,7,1k79,1k79_GC_B_DG_9_C_DC_8,True,True,roll,8.526
Max-Myc,TGCCACCTGGTGGCCA*CGTGCC,10,1nkp,1nkp_TA_F_DT_112_G_DA_309,True,True,roll,10.801
Egr1,GTGGCGTGGGC*GATA,9,1p47,1p47_CG_C_DC_11_D_DG_54,False,True,roll,9.850
TBP,ACTATA*AAAAGTTC,5,1qne,1qne_AT_C_DA_206_D_DT_223,True,True,roll,19.666
TBP,ACTATAAAAA*GTTC,8,1qne,1qne_AT_C_DA_209_D_DT_220,False,True,roll,42.851
CTCF,GCAGCGC*CCTCTACTGGCAGC,5,5t00,5t00_CG_B_DC_6_C_DG_12,True,True,roll,10.923
CTCF,GCAGCGCC*CTCTACTGGCAGC,6,5t00,5t00_CG_B_DC_7_C_DG_11,True,True,roll,-10.259
RelA,CCTGGGGAATTTCCG*GGA,2,5u01,5u01_CG_E_DC_203_F_DG_224,False,True,roll,-6.952
RelA,CCTGGGGAATTTCC*GGGA,22,5u01,5u01_CG_E_DC_223_F_DG_204,True,True,roll,-10.757
Max-Myc,TGCCACCTGGTGGCCA*CGTGCC,7,1nkp,1nkp_AT_F_DA_109_G_DT_312,True,True,twist,29.983
Egr1,GTG*GCGTGGGCGATA,1,1p47,1p47_GC_C_DG_3_D_DC_62,False,True,twist,40.488
TBP,ACTATA*AAAAGTTC,5,1qne,1qne_AT_C_DA_206_D_DT_223,True,True,twist,12.441
TBP,ACTATAAAAA*GTTC,8,1qne,1qne_AT_C_DA_209_D_DT_220,False,True,twist,25.981
GR,CAGAACATGATGTT*CTCA,13,1r4r,1r4r_TA_C_DT_15_D_DA_6,False,False,twist,46.890
CTCF,GCAG*CGCCCTCTACTGGCAGC,2,5t00,5t00_GC_B_DG_3_C_DC_15,False,True,twist,29.329
CTCF,GCAGCGC*CCTCTACTGGCAGC,5,5t00,5t00_CG_B_DC_6_C_DG_12,True,True,twist,24.151
Creb,CCGGTG*ACGTAAACG,7,5zk1,5zk1_GC_B_DG_-3_B_DC_3,False,True,twist,40.916
