tf,sequence_star,resi,flank,pdbid,pairid,isHbond,isVdw,param,value
Max-Max,TAGATCA*CGTGAATG,9,-2,1an2,1an2_AT_B_DA_10_B_DT_13,False,True,minorgw,8.257
Max-Max,TAGATCA*CGTGAATG,9,-1,1an2,1an2_AT_B_DA_10_B_DT_13,False,True,minorgw,7.988
Max-Max,TAGATCA*CGTGAATG,9,0,1an2,1an2_AT_B_DA_10_B_DT_13,False,True,minorgw,7.344
Max-Max,TAGATCA*CGTGAATG,9,1,1an2,1an2_AT_B_DA_10_B_DT_13,False,True,minorgw,7.344
Max-Max,TAGATCA*CGTGAATG,12,-2,1an2,1an2_TA_B_DT_13_B_DA_10,False,True,minorgw,7.344
Max-Max,TAGATCA*CGTGAATG,12,-1,1an2,1an2_TA_B_DT_13_B_DA_10,False,True,minorgw,7.344
Max-Max,TAGATCA*CGTGAATG,12,0,1an2,1an2_TA_B_DT_13_B_DA_10,False,True,minorgw,7.988
Max-Max,TAGATCA*CGTGAATG,12,1,1an2,1an2_TA_B_DT_13_B_DA_10,False,True,minorgw,8.257
Elk1,CCCTGTTCCG*GTAT,4,-1,1dux,1dux_CG_A_DC_5_B_DG_9,False,True,minorgw,7.405
Elk1,CCCTGTTCCG*GTAT,4,0,1dux,1dux_CG_A_DC_5_B_DG_9,False,True,minorgw,8.608
Elk1,CCCTGTTCCG*GTAT,4,1,1dux,1dux_CG_A_DC_5_B_DG_9,False,True,minorgw,8.718
Elk1,CCCTGTTC*CGGTAT,6,-2,1dux,1dux_GC_A_DG_7_B_DC_7,True,True,minorgw,8.608
Elk1,CCCTGTTC*CGGTAT,6,-1,1dux,1dux_GC_A_DG_7_B_DC_7,True,True,minorgw,8.718
Elk1,CCCTGTTC*CGGTAT,6,0,1dux,1dux_GC_A_DG_7_B_DC_7,True,True,minorgw,8.557
Runx1,TCTTATGT*GGTTTTTG,17,-2,1hjb,1hjb_TA_G_DT_19_H_DA_9,False,True,minorgw,6.955
Runx1,TCTTATGT*GGTTTTTG,17,0,1hjb,1hjb_TA_G_DT_19_H_DA_9,False,True,minorgw,7.413
Runx1,TCTTATGT*GGTTTTTG,17,1,1hjb,1hjb_TA_G_DT_19_H_DA_9,False,True,minorgw,7.812
Ets1,CCTGTTCCG*GTAT,5,-2,1k79,1k79_CG_B_DC_7_C_DG_10,False,True,minorgw,7.897
Ets1,CCTGTTCCG*GTAT,5,-1,1k79,1k79_CG_B_DC_7_C_DG_10,False,True,minorgw,8.408
Ets1,CCTGTTCCG*GTAT,5,0,1k79,1k79_CG_B_DC_7_C_DG_10,False,True,minorgw,8.379
Ets1,CCTGTTCCG*GTAT,5,1,1k79,1k79_CG_B_DC_7_C_DG_10,False,True,minorgw,8.000
Ets1,CCTGTTCC*GGTAT,6,-2,1k79,1k79_GC_B_DG_8_C_DC_9,True,True,minorgw,8.408
Ets1,CCTGTTCC*GGTAT,6,-1,1k79,1k79_GC_B_DG_8_C_DC_9,True,True,minorgw,8.379
Ets1,CCTGTTCC*GGTAT,6,0,1k79,1k79_GC_B_DG_8_C_DC_9,True,True,minorgw,8.000
Ets1,CCTGTTCC*GGTAT,6,1,1k79,1k79_GC_B_DG_8_C_DC_9,True,True,minorgw,7.877
Ets1,CCTGTTC*CGGTAT,7,-2,1k79,1k79_GC_B_DG_9_C_DC_8,True,True,minorgw,8.379
Ets1,CCTGTTC*CGGTAT,7,-1,1k79,1k79_GC_B_DG_9_C_DC_8,True,True,minorgw,8.000
Ets1,CCTGTTC*CGGTAT,7,0,1k79,1k79_GC_B_DG_9_C_DC_8,True,True,minorgw,7.877
Max-Myc,TGCCACCTGGTGGCCA*CGTGCC,7,-2,1nkp,1nkp_AT_F_DA_109_G_DT_312,True,True,minorgw,7.439
Max-Myc,TGCCACCTGGTGGCCA*CGTGCC,7,1,1nkp,1nkp_AT_F_DA_109_G_DT_312,True,True,minorgw,7.250
Max-Myc,TGCCACCTGGTGGCCA*CGTGCC,10,-2,1nkp,1nkp_TA_F_DT_112_G_DA_309,True,True,minorgw,7.250
Max-Myc,TGCCACCTGGTGGCCA*CGTGCC,10,-1,1nkp,1nkp_TA_F_DT_112_G_DA_309,True,True,minorgw,8.363
Max-Myc,TGCCACCTGGTGGCCA*CGTGCC,10,0,1nkp,1nkp_TA_F_DT_112_G_DA_309,True,True,minorgw,9.495
Max-Myc,TGCCACCTGGTGGCCA*CGTGCC,10,1,1nkp,1nkp_TA_F_DT_112_G_DA_309,True,True,minorgw,9.322
Egr1,GTG*GCGTGGGCGATA,1,1,1p47,1p47_GC_C_DG_3_D_DC_62,False,True,minorgw,7.663
Egr1,GTGGCGTGGGC*GATA,9,-2,1p47,1p47_CG_C_DC_11_D_DG_54,False,True,minorgw,7.519
Egr1,GTGGCGTGGGC*GATA,9,-1,1p47,1p47_CG_C_DC_11_D_DG_54,False,True,minorgw,7.792
Egr1,GTGGCGTGGGC*GATA,9,0,1p47,1p47_CG_C_DC_11_D_DG_54,False,True,minorgw,6.998
Egr1,GTGGCGTGGGC*GATA,9,1,1p47,1p47_CG_C_DC_11_D_DG_54,False,True,minorgw,6.971
TBP,ACTATA*AAAAGTTC,5,-2,1qne,1qne_AT_C_DA_206_D_DT_223,True,True,minorgw,16.355
TBP,ACTATA*AAAAGTTC,5,-1,1qne,1qne_AT_C_DA_206_D_DT_223,True,True,minorgw,17.912
TBP,ACTATA*AAAAGTTC,5,0,1qne,1qne_AT_C_DA_206_D_DT_223,True,True,minorgw,18.648
TBP,ACTATA*AAAAGTTC,5,1,1qne,1qne_AT_C_DA_206_D_DT_223,True,True,minorgw,17.674
TBP,ACTATAAAAA*GTTC,8,-2,1qne,1qne_AT_C_DA_209_D_DT_220,False,True,minorgw,17.674
TBP,ACTATAAAAA*GTTC,8,-1,1qne,1qne_AT_C_DA_209_D_DT_220,False,True,minorgw,15.983
TBP,ACTATAAAAA*GTTC,8,0,1qne,1qne_AT_C_DA_209_D_DT_220,False,True,minorgw,13.561
TBP,ACTATAAAAA*GTTC,8,1,1qne,1qne_AT_C_DA_209_D_DT_220,False,True,minorgw,10.235
TBP,ACTATAAAAAG*TTC,9,-2,1qne,1qne_GC_C_DG_210_D_DC_219,False,True,minorgw,15.983
TBP,ACTATAAAAAG*TTC,9,-1,1qne,1qne_GC_C_DG_210_D_DC_219,False,True,minorgw,13.561
TBP,ACTATAAAAAG*TTC,9,0,1qne,1qne_GC_C_DG_210_D_DC_219,False,True,minorgw,10.235
TBP,ACTATAAAAAG*TTC,9,1,1qne,1qne_GC_C_DG_210_D_DC_219,False,True,minorgw,8.675
GR,CAGA*ACATGATGTTCTCA,3,-1,1r4r,1r4r_AT_C_DA_5_D_DT_16,False,False,minorgw,3.648
GR,CAGA*ACATGATGTTCTCA,3,0,1r4r,1r4r_AT_C_DA_5_D_DT_16,False,False,minorgw,3.242
p53,AGACA*TGCCCGGGCATGCCTC,4,0,3kz8,3kz8_AT_C_DA_5_C_DT_16,False,True,minorgw,8.435
p53,AGACAT*GCCCGGGCATGCCTC,5,-1,3kz8,3kz8_TA_C_DT_6_C_DA_15,False,True,minorgw,8.435
p53,AGACATGCCCGGGCA*TGCCTC,14,0,3kz8,3kz8_AT_C_DA_15_C_DT_6,False,True,minorgw,8.435
p53,AGACATGCCCGGGCAT*GCCTC,15,-1,3kz8,3kz8_TA_C_DT_16_C_DA_5,False,True,minorgw,8.435
CTCF,GCAG*CGCCCTCTACTGGCAGC,2,0,5t00,5t00_GC_B_DG_3_C_DC_15,False,True,minorgw,8.413
CTCF,GCAG*CGCCCTCTACTGGCAGC,2,1,5t00,5t00_GC_B_DG_3_C_DC_15,False,True,minorgw,8.676
CTCF,GCAGCGC*CCTCTACTGGCAGC,5,-2,5t00,5t00_CG_B_DC_6_C_DG_12,True,True,minorgw,8.676
CTCF,GCAGCGC*CCTCTACTGGCAGC,5,-1,5t00,5t00_CG_B_DC_6_C_DG_12,True,True,minorgw,8.956
CTCF,GCAGCGC*CCTCTACTGGCAGC,5,0,5t00,5t00_CG_B_DC_6_C_DG_12,True,True,minorgw,9.353
CTCF,GCAGCGC*CCTCTACTGGCAGC,5,1,5t00,5t00_CG_B_DC_6_C_DG_12,True,True,minorgw,8.071
CTCF,GCAGCGCC*CTCTACTGGCAGC,6,-2,5t00,5t00_CG_B_DC_7_C_DG_11,True,True,minorgw,8.956
CTCF,GCAGCGCC*CTCTACTGGCAGC,6,-1,5t00,5t00_CG_B_DC_7_C_DG_11,True,True,minorgw,9.353
CTCF,GCAGCGCC*CTCTACTGGCAGC,6,0,5t00,5t00_CG_B_DC_7_C_DG_11,True,True,minorgw,8.071
CTCF,GCAGCGCC*CTCTACTGGCAGC,6,1,5t00,5t00_CG_B_DC_7_C_DG_11,True,True,minorgw,7.639
RelA,CCTGGGGAATTTCCG*GGA,2,0,5u01,5u01_CG_E_DC_203_F_DG_224,False,True,minorgw,7.388
RelA,CCTGGGGAATTTCC*GGGA,3,-1,5u01,5u01_GC_E_DG_204_F_DC_223,True,True,minorgw,7.388
RelA,CCTGGGGAATTTCC*GGGA,22,-1,5u01,5u01_CG_E_DC_223_F_DG_204,True,True,minorgw,7.306
RelA,CCTGGGGAATTTCC*GGGA,22,0,5u01,5u01_CG_E_DC_223_F_DG_204,True,True,minorgw,8.332
RelA,CCTGGGGAATTTCCG*GGA,23,-2,5u01,5u01_GC_E_DG_224_F_DC_203,True,True,minorgw,7.306
RelA,CCTGGGGAATTTCCG*GGA,23,-1,5u01,5u01_GC_E_DG_224_F_DC_203,True,True,minorgw,8.332
Creb,CCGGTG*ACGTAAACG,7,-1,5zk1,5zk1_GC_B_DG_-3_B_DC_3,False,True,minorgw,7.123
Creb,CCGGTG*ACGTAAACG,7,0,5zk1,5zk1_GC_B_DG_-3_B_DC_3,False,True,minorgw,7.610
Creb,CCGGTG*ACGTAAACG,7,1,5zk1,5zk1_GC_B_DG_-3_B_DC_3,False,True,minorgw,8.039
Creb,CCGGTG*ACGTAAACG,12,-2,5zk1,5zk1_CG_B_DC_3_B_DG_-3,False,True,minorgw,8.039
Creb,CCGGTG*ACGTAAACG,12,-1,5zk1,5zk1_CG_B_DC_3_B_DG_-3,False,True,minorgw,7.609
Creb,CCGGTG*ACGTAAACG,12,0,5zk1,5zk1_CG_B_DC_3_B_DG_-3,False,True,minorgw,7.123
Elk1,CCCTGTTCCG*GTAT,4,0,1dux,1dux_CG_A_DC_5_B_DG_9,False,True,majorgw,14.643
Elk1,CCCTGTTCCG*GTAT,4,1,1dux,1dux_CG_A_DC_5_B_DG_9,False,True,majorgw,14.205
Elk1,CCCTGTTC*CGGTAT,6,-2,1dux,1dux_GC_A_DG_7_B_DC_7,True,True,majorgw,14.643
Elk1,CCCTGTTC*CGGTAT,6,-1,1dux,1dux_GC_A_DG_7_B_DC_7,True,True,majorgw,14.205
Runx1,TCTTATGT*GGTTTTTG,17,-2,1hjb,1hjb_TA_G_DT_19_H_DA_9,False,True,majorgw,13.699
Runx1,TCTTATGT*GGTTTTTG,17,-1,1hjb,1hjb_TA_G_DT_19_H_DA_9,False,True,majorgw,13.588
Ets1,CCTGTTCCG*GTAT,5,0,1k79,1k79_CG_B_DC_7_C_DG_10,False,True,majorgw,14.674
Ets1,CCTGTTCCG*GTAT,5,1,1k79,1k79_CG_B_DC_7_C_DG_10,False,True,majorgw,14.069
Ets1,CCTGTTCC*GGTAT,6,-1,1k79,1k79_GC_B_DG_8_C_DC_9,True,True,majorgw,14.674
Ets1,CCTGTTCC*GGTAT,6,0,1k79,1k79_GC_B_DG_8_C_DC_9,True,True,majorgw,14.069
Ets1,CCTGTTC*CGGTAT,7,-2,1k79,1k79_GC_B_DG_9_C_DC_8,True,True,majorgw,14.674
Ets1,CCTGTTC*CGGTAT,7,-1,1k79,1k79_GC_B_DG_9_C_DC_8,True,True,majorgw,14.069
Max-Myc,TGCCACCTGGTGGCCA*CGTGCC,7,-1,1nkp,1nkp_AT_F_DA_109_G_DT_312,True,True,majorgw,14.370
Egr1,GTG*GCGTGGGCGATA,1,0,1p47,1p47_GC_C_DG_3_D_DC_62,False,True,majorgw,14.696
Egr1,GTGGCGTGGGC*GATA,9,1,1p47,1p47_CG_C_DC_11_D_DG_54,False,True,majorgw,14.703
TBP,ACTATA*AAAAGTTC,5,-1,1qne,1qne_AT_C_DA_206_D_DT_223,True,True,majorgw,13.820
TBP,ACTATA*AAAAGTTC,5,0,1qne,1qne_AT_C_DA_206_D_DT_223,True,True,majorgw,13.924
TBP,ACTATAAAAA*GTTC,8,0,1qne,1qne_AT_C_DA_209_D_DT_220,False,True,majorgw,9.402
TBP,ACTATAAAAA*GTTC,8,1,1qne,1qne_AT_C_DA_209_D_DT_220,False,True,majorgw,9.271
TBP,ACTATAAAAAG*TTC,9,-1,1qne,1qne_GC_C_DG_210_D_DC_219,False,True,majorgw,9.402
TBP,ACTATAAAAAG*TTC,9,0,1qne,1qne_GC_C_DG_210_D_DC_219,False,True,majorgw,9.271
p53,AGACA*TGCCCGGGCATGCCTC,4,-2,3kz8,3kz8_AT_C_DA_5_C_DT_16,False,True,majorgw,13.638
p53,AGACA*TGCCCGGGCATGCCTC,4,0,3kz8,3kz8_AT_C_DA_5_C_DT_16,False,True,majorgw,7.355
p53,AGACAT*GCCCGGGCATGCCTC,5,-1,3kz8,3kz8_TA_C_DT_6_C_DA_15,False,True,majorgw,7.355
p53,AGACAT*GCCCGGGCATGCCTC,5,1,3kz8,3kz8_TA_C_DT_6_C_DA_15,False,True,majorgw,13.633
p53,AGACATGCCCGGGCA*TGCCTC,14,-2,3kz8,3kz8_AT_C_DA_15_C_DT_6,False,True,majorgw,13.632
p53,AGACATGCCCGGGCA*TGCCTC,14,0,3kz8,3kz8_AT_C_DA_15_C_DT_6,False,True,majorgw,7.355
p53,AGACATGCCCGGGCAT*GCCTC,15,-1,3kz8,3kz8_TA_C_DT_16_C_DA_5,False,True,majorgw,7.355
p53,AGACATGCCCGGGCAT*GCCTC,15,1,3kz8,3kz8_TA_C_DT_16_C_DA_5,False,True,majorgw,13.640
CTCF,GCAG*CGCCCTCTACTGGCAGC,2,1,5t00,5t00_GC_B_DG_3_C_DC_15,False,True,majorgw,14.980
CTCF,GCAGCGC*CCTCTACTGGCAGC,5,-2,5t00,5t00_CG_B_DC_6_C_DG_12,True,True,majorgw,14.980
CTCF,GCAGCGC*CCTCTACTGGCAGC,5,0,5t00,5t00_CG_B_DC_6_C_DG_12,True,True,majorgw,13.608
CTCF,GCAGCGC*CCTCTACTGGCAGC,5,1,5t00,5t00_CG_B_DC_6_C_DG_12,True,True,majorgw,13.701
CTCF,GCAGCGCC*CTCTACTGGCAGC,6,-1,5t00,5t00_CG_B_DC_7_C_DG_11,True,True,majorgw,13.608
CTCF,GCAGCGCC*CTCTACTGGCAGC,6,0,5t00,5t00_CG_B_DC_7_C_DG_11,True,True,majorgw,13.701
RelA,CCTGGGGAATTTCCG*GGA,2,0,5u01,5u01_CG_E_DC_203_F_DG_224,False,True,majorgw,13.908
RelA,CCTGGGGAATTTCC*GGGA,3,-1,5u01,5u01_GC_E_DG_204_F_DC_223,True,True,majorgw,13.908
RelA,CCTGGGGAATTTCC*GGGA,3,1,5u01,5u01_GC_E_DG_204_F_DC_223,True,True,majorgw,14.045
RelA,CCTGGGGAATTTCC*GGGA,22,-2,5u01,5u01_CG_E_DC_223_F_DG_204,True,True,majorgw,14.545
RelA,CCTGGGGAATTTCC*GGGA,22,0,5u01,5u01_CG_E_DC_223_F_DG_204,True,True,majorgw,14.096
RelA,CCTGGGGAATTTCCG*GGA,23,-1,5u01,5u01_GC_E_DG_224_F_DC_203,True,True,majorgw,14.096
