tf,resi,flank,pdbid,pairid,isHbond,isVdw,param,value,std_refine
Max-Max,7,-2,1an2,1an2_TA_B_DT_8_B_DA_15,False,False,minorgw,7.322,1.309
Max-Max,7,-1,1an2,1an2_TA_B_DT_8_B_DA_15,False,False,minorgw,7.698,1.551
Max-Max,7,0,1an2,1an2_TA_B_DT_8_B_DA_15,False,False,minorgw,8.257,1.911
Max-Max,7,1,1an2,1an2_TA_B_DT_8_B_DA_15,False,False,minorgw,7.988,1.737
Max-Max,8,-2,1an2,1an2_CG_B_DC_9_B_DG_14,True,True,minorgw,7.698,1.551
Max-Max,8,-1,1an2,1an2_CG_B_DC_9_B_DG_14,True,True,minorgw,8.257,1.911
Max-Max,8,0,1an2,1an2_CG_B_DC_9_B_DG_14,True,True,minorgw,7.988,1.737
Max-Max,8,1,1an2,1an2_CG_B_DC_9_B_DG_14,True,True,minorgw,7.344,1.323
Max-Max,9,-2,1an2,1an2_AT_B_DA_10_B_DT_13,False,True,minorgw,8.257,1.911
Max-Max,9,-1,1an2,1an2_AT_B_DA_10_B_DT_13,False,True,minorgw,7.988,1.737
Max-Max,9,0,1an2,1an2_AT_B_DA_10_B_DT_13,False,True,minorgw,7.344,1.323
Max-Max,9,1,1an2,1an2_AT_B_DA_10_B_DT_13,False,True,minorgw,7.344,1.323
Max-Max,10,-2,1an2,1an2_CG_B_DC_11_B_DG_12,True,True,minorgw,7.988,1.737
Max-Max,10,-1,1an2,1an2_CG_B_DC_11_B_DG_12,True,True,minorgw,7.344,1.323
Max-Max,10,0,1an2,1an2_CG_B_DC_11_B_DG_12,True,True,minorgw,7.344,1.323
Max-Max,10,1,1an2,1an2_CG_B_DC_11_B_DG_12,True,True,minorgw,7.344,1.323
Max-Max,11,-2,1an2,1an2_GC_B_DG_12_B_DC_11,True,True,minorgw,7.344,1.323
Max-Max,11,-1,1an2,1an2_GC_B_DG_12_B_DC_11,True,True,minorgw,7.344,1.323
Max-Max,11,0,1an2,1an2_GC_B_DG_12_B_DC_11,True,True,minorgw,7.344,1.323
Max-Max,11,1,1an2,1an2_GC_B_DG_12_B_DC_11,True,True,minorgw,7.988,1.737
Max-Max,12,-2,1an2,1an2_TA_B_DT_13_B_DA_10,False,True,minorgw,7.344,1.323
Max-Max,12,-1,1an2,1an2_TA_B_DT_13_B_DA_10,False,True,minorgw,7.344,1.323
Max-Max,12,0,1an2,1an2_TA_B_DT_13_B_DA_10,False,True,minorgw,7.988,1.737
Max-Max,12,1,1an2,1an2_TA_B_DT_13_B_DA_10,False,True,minorgw,8.257,1.911
Max-Max,13,-2,1an2,1an2_GC_B_DG_14_B_DC_9,True,True,minorgw,7.344,1.323
Max-Max,13,-1,1an2,1an2_GC_B_DG_14_B_DC_9,True,True,minorgw,7.988,1.737
Max-Max,13,0,1an2,1an2_GC_B_DG_14_B_DC_9,True,True,minorgw,8.257,1.911
Max-Max,13,1,1an2,1an2_GC_B_DG_14_B_DC_9,True,True,minorgw,7.697,1.550
Max-Max,14,-2,1an2,1an2_AT_B_DA_15_B_DT_8,False,False,minorgw,7.988,1.737
Max-Max,14,-1,1an2,1an2_AT_B_DA_15_B_DT_8,False,False,minorgw,8.257,1.911
Max-Max,14,0,1an2,1an2_AT_B_DA_15_B_DT_8,False,False,minorgw,7.697,1.550
Max-Max,14,1,1an2,1an2_AT_B_DA_15_B_DT_8,False,False,minorgw,7.321,1.308
Elk1,2,0,1dux,1dux_AT_A_DA_3_B_DT_11,False,False,minorgw,5.920,0.407
Elk1,2,1,1dux,1dux_AT_A_DA_3_B_DT_11,False,False,minorgw,7.405,1.362
Elk1,3,-1,1dux,1dux_CG_A_DC_4_B_DG_10,False,False,minorgw,5.920,0.407
Elk1,3,0,1dux,1dux_CG_A_DC_4_B_DG_10,False,False,minorgw,7.405,1.362
Elk1,3,1,1dux,1dux_CG_A_DC_4_B_DG_10,False,False,minorgw,8.608,2.136
Elk1,4,-2,1dux,1dux_CG_A_DC_5_B_DG_9,False,True,minorgw,5.920,0.407
Elk1,4,-1,1dux,1dux_CG_A_DC_5_B_DG_9,False,True,minorgw,7.405,1.362
Elk1,4,0,1dux,1dux_CG_A_DC_5_B_DG_9,False,True,minorgw,8.608,2.136
Elk1,4,1,1dux,1dux_CG_A_DC_5_B_DG_9,False,True,minorgw,8.718,2.207
Elk1,5,-2,1dux,1dux_GC_A_DG_6_B_DC_8,True,True,minorgw,7.405,1.362
Elk1,5,-1,1dux,1dux_GC_A_DG_6_B_DC_8,True,True,minorgw,8.608,2.136
Elk1,5,0,1dux,1dux_GC_A_DG_6_B_DC_8,True,True,minorgw,8.718,2.207
Elk1,5,1,1dux,1dux_GC_A_DG_6_B_DC_8,True,True,minorgw,8.557,2.104
Elk1,6,-2,1dux,1dux_GC_A_DG_7_B_DC_7,True,True,minorgw,8.608,2.136
Elk1,6,-1,1dux,1dux_GC_A_DG_7_B_DC_7,True,True,minorgw,8.718,2.207
Elk1,6,0,1dux,1dux_GC_A_DG_7_B_DC_7,True,True,minorgw,8.557,2.104
Elk1,6,1,1dux,1dux_GC_A_DG_7_B_DC_7,True,True,minorgw,6.616,0.855
Elk1,7,-2,1dux,1dux_AT_A_DA_8_B_DT_6,False,True,minorgw,8.718,2.207
Elk1,7,-1,1dux,1dux_AT_A_DA_8_B_DT_6,False,True,minorgw,8.557,2.104
Elk1,7,0,1dux,1dux_AT_A_DA_8_B_DT_6,False,True,minorgw,6.616,0.855
Elk1,7,1,1dux,1dux_AT_A_DA_8_B_DT_6,False,True,minorgw,4.314,-0.627
Elk1,8,-2,1dux,1dux_AT_A_DA_9_B_DT_5,False,False,minorgw,8.557,2.104
Elk1,8,-1,1dux,1dux_AT_A_DA_9_B_DT_5,False,False,minorgw,6.616,0.855
Elk1,8,0,1dux,1dux_AT_A_DA_9_B_DT_5,False,False,minorgw,4.314,-0.627
Elk1,8,1,1dux,1dux_AT_A_DA_9_B_DT_5,False,False,minorgw,5.366,0.050
Runx1,15,-2,1hjb,1hjb_TA_G_DT_17_H_DA_11,False,True,minorgw,5.648,0.232
Runx1,15,-1,1hjb,1hjb_TA_G_DT_17_H_DA_11,False,True,minorgw,7.283,1.284
Runx1,15,0,1hjb,1hjb_TA_G_DT_17_H_DA_11,False,True,minorgw,6.955,1.073
Runx1,15,1,1hjb,1hjb_TA_G_DT_17_H_DA_11,False,True,minorgw,6.650,0.876
Runx1,16,-2,1hjb,1hjb_GC_G_DG_18_H_DC_10,True,True,minorgw,7.283,1.284
Runx1,16,-1,1hjb,1hjb_GC_G_DG_18_H_DC_10,True,True,minorgw,6.955,1.073
Runx1,16,0,1hjb,1hjb_GC_G_DG_18_H_DC_10,True,True,minorgw,6.650,0.876
Runx1,16,1,1hjb,1hjb_GC_G_DG_18_H_DC_10,True,True,minorgw,7.413,1.367
Runx1,17,-2,1hjb,1hjb_TA_G_DT_19_H_DA_9,False,True,minorgw,6.955,1.073
Runx1,17,-1,1hjb,1hjb_TA_G_DT_19_H_DA_9,False,True,minorgw,6.650,0.876
Runx1,17,0,1hjb,1hjb_TA_G_DT_19_H_DA_9,False,True,minorgw,7.413,1.367
Runx1,17,1,1hjb,1hjb_TA_G_DT_19_H_DA_9,False,True,minorgw,7.812,1.624
Runx1,18,-2,1hjb,1hjb_GC_G_DG_20_H_DC_8,True,True,minorgw,6.650,0.876
Runx1,18,-1,1hjb,1hjb_GC_G_DG_20_H_DC_8,True,True,minorgw,7.413,1.367
Runx1,18,0,1hjb,1hjb_GC_G_DG_20_H_DC_8,True,True,minorgw,7.812,1.624
Runx1,18,1,1hjb,1hjb_GC_G_DG_20_H_DC_8,True,True,minorgw,7.854,1.651
Runx1,19,-2,1hjb,1hjb_GC_G_DG_21_H_DC_7,True,True,minorgw,7.413,1.367
Runx1,19,-1,1hjb,1hjb_GC_G_DG_21_H_DC_7,True,True,minorgw,7.812,1.624
Runx1,19,0,1hjb,1hjb_GC_G_DG_21_H_DC_7,True,True,minorgw,7.854,1.651
Runx1,19,1,1hjb,1hjb_GC_G_DG_21_H_DC_7,True,True,minorgw,8.066,1.788
Runx1,20,-2,1hjb,1hjb_TA_G_DT_22_H_DA_6,False,True,minorgw,7.812,1.624
Runx1,20,-1,1hjb,1hjb_TA_G_DT_22_H_DA_6,False,True,minorgw,7.854,1.651
Runx1,20,0,1hjb,1hjb_TA_G_DT_22_H_DA_6,False,True,minorgw,8.066,1.788
Runx1,20,1,1hjb,1hjb_TA_G_DT_22_H_DA_6,False,True,minorgw,7.949,1.712
Runx1,21,-2,1hjb,1hjb_TA_G_DT_23_H_DA_5,True,True,minorgw,7.854,1.651
Runx1,21,-1,1hjb,1hjb_TA_G_DT_23_H_DA_5,True,True,minorgw,8.066,1.788
Runx1,21,0,1hjb,1hjb_TA_G_DT_23_H_DA_5,True,True,minorgw,7.949,1.712
Ets1,4,-2,1k79,1k79_CG_B_DC_6_C_DG_11,False,False,minorgw,7.920,1.694
Ets1,4,-1,1k79,1k79_CG_B_DC_6_C_DG_11,False,False,minorgw,7.897,1.679
Ets1,4,0,1k79,1k79_CG_B_DC_6_C_DG_11,False,False,minorgw,8.408,2.008
Ets1,4,1,1k79,1k79_CG_B_DC_6_C_DG_11,False,False,minorgw,8.379,1.989
Ets1,5,-2,1k79,1k79_CG_B_DC_7_C_DG_10,False,True,minorgw,7.897,1.679
Ets1,5,-1,1k79,1k79_CG_B_DC_7_C_DG_10,False,True,minorgw,8.408,2.008
Ets1,5,0,1k79,1k79_CG_B_DC_7_C_DG_10,False,True,minorgw,8.379,1.989
Ets1,5,1,1k79,1k79_CG_B_DC_7_C_DG_10,False,True,minorgw,8.000,1.745
Ets1,6,-2,1k79,1k79_GC_B_DG_8_C_DC_9,True,True,minorgw,8.408,2.008
Ets1,6,-1,1k79,1k79_GC_B_DG_8_C_DC_9,True,True,minorgw,8.379,1.989
Ets1,6,0,1k79,1k79_GC_B_DG_8_C_DC_9,True,True,minorgw,8.000,1.745
Ets1,6,1,1k79,1k79_GC_B_DG_8_C_DC_9,True,True,minorgw,7.877,1.666
Ets1,7,-2,1k79,1k79_GC_B_DG_9_C_DC_8,True,True,minorgw,8.379,1.989
Ets1,7,-1,1k79,1k79_GC_B_DG_9_C_DC_8,True,True,minorgw,8.000,1.745
Ets1,7,0,1k79,1k79_GC_B_DG_9_C_DC_8,True,True,minorgw,7.877,1.666
Ets1,7,1,1k79,1k79_GC_B_DG_9_C_DC_8,True,True,minorgw,5.799,0.329
Ets1,8,-2,1k79,1k79_AT_B_DA_10_C_DT_7,True,True,minorgw,8.000,1.745
Ets1,8,-1,1k79,1k79_AT_B_DA_10_C_DT_7,True,True,minorgw,7.877,1.666
Ets1,8,0,1k79,1k79_AT_B_DA_10_C_DT_7,True,True,minorgw,5.799,0.329
Ets1,8,1,1k79,1k79_AT_B_DA_10_C_DT_7,True,True,minorgw,3.721,-1.008
Ets1,9,-2,1k79,1k79_AT_B_DA_11_C_DT_6,False,True,minorgw,7.877,1.666
Ets1,9,-1,1k79,1k79_AT_B_DA_11_C_DT_6,False,True,minorgw,5.799,0.329
Ets1,9,0,1k79,1k79_AT_B_DA_11_C_DT_6,False,True,minorgw,3.721,-1.008
Max-Myc,6,-2,1nkp,1nkp_CG_F_DC_108_G_DG_313,True,True,minorgw,8.683,2.185
Max-Myc,6,-1,1nkp,1nkp_CG_F_DC_108_G_DG_313,True,True,minorgw,7.439,1.384
Max-Myc,6,0,1nkp,1nkp_CG_F_DC_108_G_DG_313,True,True,minorgw,5.180,-0.069
Max-Myc,6,1,1nkp,1nkp_CG_F_DC_108_G_DG_313,True,True,minorgw,5.477,0.122
Max-Myc,7,-2,1nkp,1nkp_AT_F_DA_109_G_DT_312,True,True,minorgw,7.439,1.384
Max-Myc,7,-1,1nkp,1nkp_AT_F_DA_109_G_DT_312,True,True,minorgw,5.180,-0.069
Max-Myc,7,0,1nkp,1nkp_AT_F_DA_109_G_DT_312,True,True,minorgw,5.477,0.122
Max-Myc,7,1,1nkp,1nkp_AT_F_DA_109_G_DT_312,True,True,minorgw,7.250,1.263
Max-Myc,8,-2,1nkp,1nkp_CG_F_DC_110_G_DG_311,True,True,minorgw,5.180,-0.069
Max-Myc,8,-1,1nkp,1nkp_CG_F_DC_110_G_DG_311,True,True,minorgw,5.477,0.122
Max-Myc,8,0,1nkp,1nkp_CG_F_DC_110_G_DG_311,True,True,minorgw,7.250,1.263
Max-Myc,8,1,1nkp,1nkp_CG_F_DC_110_G_DG_311,True,True,minorgw,8.363,1.979
Max-Myc,9,-2,1nkp,1nkp_GC_F_DG_111_G_DC_310,False,True,minorgw,5.477,0.122
Max-Myc,9,-1,1nkp,1nkp_GC_F_DG_111_G_DC_310,False,True,minorgw,7.250,1.263
Max-Myc,9,0,1nkp,1nkp_GC_F_DG_111_G_DC_310,False,True,minorgw,8.363,1.979
Max-Myc,9,1,1nkp,1nkp_GC_F_DG_111_G_DC_310,False,True,minorgw,9.495,2.707
Max-Myc,10,-2,1nkp,1nkp_TA_F_DT_112_G_DA_309,True,True,minorgw,7.250,1.263
Max-Myc,10,-1,1nkp,1nkp_TA_F_DT_112_G_DA_309,True,True,minorgw,8.363,1.979
Max-Myc,10,0,1nkp,1nkp_TA_F_DT_112_G_DA_309,True,True,minorgw,9.495,2.707
Max-Myc,10,1,1nkp,1nkp_TA_F_DT_112_G_DA_309,True,True,minorgw,9.322,2.596
Max-Myc,11,-2,1nkp,1nkp_GC_F_DG_113_G_DC_308,True,True,minorgw,8.363,1.979
Max-Myc,11,-1,1nkp,1nkp_GC_F_DG_113_G_DC_308,True,True,minorgw,9.495,2.707
Max-Myc,11,0,1nkp,1nkp_GC_F_DG_113_G_DC_308,True,True,minorgw,9.322,2.596
Max-Myc,11,1,1nkp,1nkp_GC_F_DG_113_G_DC_308,True,True,minorgw,8.180,1.861
Max-Myc,12,-2,1nkp,1nkp_CG_F_DC_114_G_DG_307,False,True,minorgw,9.495,2.707
Max-Myc,12,-1,1nkp,1nkp_CG_F_DC_114_G_DG_307,False,True,minorgw,9.322,2.596
Max-Myc,12,0,1nkp,1nkp_CG_F_DC_114_G_DG_307,False,True,minorgw,8.180,1.861
Max-Myc,12,1,1nkp,1nkp_CG_F_DC_114_G_DG_307,False,True,minorgw,7.138,1.190
Egr1,1,1,1p47,1p47_GC_C_DG_3_D_DC_62,False,True,minorgw,7.663,1.528
Egr1,2,0,1p47,1p47_GC_C_DG_4_D_DC_61,True,True,minorgw,7.663,1.528
Egr1,2,1,1p47,1p47_GC_C_DG_4_D_DC_61,True,True,minorgw,8.116,1.820
Egr1,3,-1,1p47,1p47_CG_C_DC_5_D_DG_60,False,True,minorgw,7.663,1.528
Egr1,3,0,1p47,1p47_CG_C_DC_5_D_DG_60,False,True,minorgw,8.116,1.820
Egr1,3,1,1p47,1p47_CG_C_DC_5_D_DG_60,False,True,minorgw,8.537,2.091
Egr1,4,-2,1p47,1p47_GC_C_DG_6_D_DC_59,True,True,minorgw,7.663,1.528
Egr1,4,-1,1p47,1p47_GC_C_DG_6_D_DC_59,True,True,minorgw,8.116,1.820
Egr1,4,0,1p47,1p47_GC_C_DG_6_D_DC_59,True,True,minorgw,8.537,2.091
Egr1,4,1,1p47,1p47_GC_C_DG_6_D_DC_59,True,True,minorgw,7.804,1.619
Egr1,5,-2,1p47,1p47_TA_C_DT_7_D_DA_58,False,True,minorgw,8.116,1.820
Egr1,5,-1,1p47,1p47_TA_C_DT_7_D_DA_58,False,True,minorgw,8.537,2.091
Egr1,5,0,1p47,1p47_TA_C_DT_7_D_DA_58,False,True,minorgw,7.804,1.619
Egr1,5,1,1p47,1p47_TA_C_DT_7_D_DA_58,False,True,minorgw,7.230,1.250
Egr1,6,-2,1p47,1p47_GC_C_DG_8_D_DC_57,True,True,minorgw,8.537,2.091
Egr1,6,-1,1p47,1p47_GC_C_DG_8_D_DC_57,True,True,minorgw,7.804,1.619
Egr1,6,0,1p47,1p47_GC_C_DG_8_D_DC_57,True,True,minorgw,7.230,1.250
Egr1,6,1,1p47,1p47_GC_C_DG_8_D_DC_57,True,True,minorgw,7.519,1.436
Egr1,7,-2,1p47,1p47_GC_C_DG_9_D_DC_56,True,True,minorgw,7.804,1.619
Egr1,7,-1,1p47,1p47_GC_C_DG_9_D_DC_56,True,True,minorgw,7.230,1.250
Egr1,7,0,1p47,1p47_GC_C_DG_9_D_DC_56,True,True,minorgw,7.519,1.436
Egr1,7,1,1p47,1p47_GC_C_DG_9_D_DC_56,True,True,minorgw,7.792,1.611
Egr1,8,-2,1p47,1p47_GC_C_DG_10_D_DC_55,True,True,minorgw,7.230,1.250
Egr1,8,-1,1p47,1p47_GC_C_DG_10_D_DC_55,True,True,minorgw,7.519,1.436
Egr1,8,0,1p47,1p47_GC_C_DG_10_D_DC_55,True,True,minorgw,7.792,1.611
Egr1,8,1,1p47,1p47_GC_C_DG_10_D_DC_55,True,True,minorgw,6.998,1.100
Egr1,9,-2,1p47,1p47_CG_C_DC_11_D_DG_54,False,True,minorgw,7.519,1.436
Egr1,9,-1,1p47,1p47_CG_C_DC_11_D_DG_54,False,True,minorgw,7.792,1.611
Egr1,9,0,1p47,1p47_CG_C_DC_11_D_DG_54,False,True,minorgw,6.998,1.100
Egr1,9,1,1p47,1p47_CG_C_DC_11_D_DG_54,False,True,minorgw,6.971,1.083
Egr1,10,-2,1p47,1p47_GC_C_DG_12_D_DC_53,True,True,minorgw,7.792,1.611
Egr1,10,-1,1p47,1p47_GC_C_DG_12_D_DC_53,True,True,minorgw,6.998,1.100
Egr1,10,0,1p47,1p47_GC_C_DG_12_D_DC_53,True,True,minorgw,6.971,1.083
Egr1,10,1,1p47,1p47_GC_C_DG_12_D_DC_53,True,True,minorgw,7.852,1.650
TBP,1,1,1qne,1qne_CG_C_DC_202_D_DG_227,False,False,minorgw,14.067,5.649
TBP,2,0,1qne,1qne_TA_C_DT_203_D_DA_226,False,True,minorgw,14.067,5.649
TBP,2,1,1qne,1qne_TA_C_DT_203_D_DA_226,False,True,minorgw,16.355,7.122
TBP,3,-1,1qne,1qne_AT_C_DA_204_D_DT_225,False,True,minorgw,14.067,5.649
TBP,3,0,1qne,1qne_AT_C_DA_204_D_DT_225,False,True,minorgw,16.355,7.122
TBP,3,1,1qne,1qne_AT_C_DA_204_D_DT_225,False,True,minorgw,17.912,8.124
TBP,4,-2,1qne,1qne_TA_C_DT_205_D_DA_224,False,True,minorgw,14.067,5.649
TBP,4,-1,1qne,1qne_TA_C_DT_205_D_DA_224,False,True,minorgw,16.355,7.122
TBP,4,0,1qne,1qne_TA_C_DT_205_D_DA_224,False,True,minorgw,17.912,8.124
TBP,4,1,1qne,1qne_TA_C_DT_205_D_DA_224,False,True,minorgw,18.648,8.597
TBP,5,-2,1qne,1qne_AT_C_DA_206_D_DT_223,True,True,minorgw,16.355,7.122
TBP,5,-1,1qne,1qne_AT_C_DA_206_D_DT_223,True,True,minorgw,17.912,8.124
TBP,5,0,1qne,1qne_AT_C_DA_206_D_DT_223,True,True,minorgw,18.648,8.597
TBP,5,1,1qne,1qne_AT_C_DA_206_D_DT_223,True,True,minorgw,17.674,7.970
TBP,6,-2,1qne,1qne_AT_C_DA_207_D_DT_222,True,True,minorgw,17.912,8.124
TBP,6,-1,1qne,1qne_AT_C_DA_207_D_DT_222,True,True,minorgw,18.648,8.597
TBP,6,0,1qne,1qne_AT_C_DA_207_D_DT_222,True,True,minorgw,17.674,7.970
TBP,6,1,1qne,1qne_AT_C_DA_207_D_DT_222,True,True,minorgw,15.983,6.882
TBP,7,-2,1qne,1qne_AT_C_DA_208_D_DT_221,False,True,minorgw,18.648,8.597
TBP,7,-1,1qne,1qne_AT_C_DA_208_D_DT_221,False,True,minorgw,17.674,7.970
TBP,7,0,1qne,1qne_AT_C_DA_208_D_DT_221,False,True,minorgw,15.983,6.882
TBP,7,1,1qne,1qne_AT_C_DA_208_D_DT_221,False,True,minorgw,13.561,5.324
TBP,8,-2,1qne,1qne_AT_C_DA_209_D_DT_220,False,True,minorgw,17.674,7.970
TBP,8,-1,1qne,1qne_AT_C_DA_209_D_DT_220,False,True,minorgw,15.983,6.882
TBP,8,0,1qne,1qne_AT_C_DA_209_D_DT_220,False,True,minorgw,13.561,5.324
TBP,8,1,1qne,1qne_AT_C_DA_209_D_DT_220,False,True,minorgw,10.235,3.183
TBP,9,-2,1qne,1qne_GC_C_DG_210_D_DC_219,False,True,minorgw,15.983,6.882
TBP,9,-1,1qne,1qne_GC_C_DG_210_D_DC_219,False,True,minorgw,13.561,5.324
TBP,9,0,1qne,1qne_GC_C_DG_210_D_DC_219,False,True,minorgw,10.235,3.183
TBP,9,1,1qne,1qne_GC_C_DG_210_D_DC_219,False,True,minorgw,8.675,2.180
GR,1,1,1r4r,1r4r_AT_C_DA_3_D_DT_18,False,False,minorgw,3.648,-1.055
GR,2,0,1r4r,1r4r_GC_C_DG_4_D_DC_17,False,True,minorgw,3.648,-1.055
GR,2,1,1r4r,1r4r_GC_C_DG_4_D_DC_17,False,True,minorgw,3.242,-1.317
GR,3,-1,1r4r,1r4r_AT_C_DA_5_D_DT_16,False,False,minorgw,3.648,-1.055
GR,3,0,1r4r,1r4r_AT_C_DA_5_D_DT_16,False,False,minorgw,3.242,-1.317
GR,3,1,1r4r,1r4r_AT_C_DA_5_D_DT_16,False,False,minorgw,4.712,-0.371
GR,4,-2,1r4r,1r4r_AT_C_DA_6_D_DT_15,False,True,minorgw,3.648,-1.055
GR,4,-1,1r4r,1r4r_AT_C_DA_6_D_DT_15,False,True,minorgw,3.242,-1.317
GR,4,0,1r4r,1r4r_AT_C_DA_6_D_DT_15,False,True,minorgw,4.712,-0.371
GR,4,1,1r4r,1r4r_AT_C_DA_6_D_DT_15,False,True,minorgw,5.088,-0.129
GR,5,-2,1r4r,1r4r_CG_C_DC_7_D_DG_14,True,True,minorgw,3.242,-1.317
GR,5,-1,1r4r,1r4r_CG_C_DC_7_D_DG_14,True,True,minorgw,4.712,-0.371
GR,5,0,1r4r,1r4r_CG_C_DC_7_D_DG_14,True,True,minorgw,5.088,-0.129
GR,5,1,1r4r,1r4r_CG_C_DC_7_D_DG_14,True,True,minorgw,4.499,-0.508
GR,6,-2,1r4r,1r4r_AT_C_DA_8_D_DT_13,False,True,minorgw,4.712,-0.371
GR,6,-1,1r4r,1r4r_AT_C_DA_8_D_DT_13,False,True,minorgw,5.088,-0.129
GR,6,0,1r4r,1r4r_AT_C_DA_8_D_DT_13,False,True,minorgw,4.499,-0.508
GR,6,1,1r4r,1r4r_AT_C_DA_8_D_DT_13,False,True,minorgw,4.981,-0.198
GR,7,-2,1r4r,1r4r_TA_C_DT_9_D_DA_12,False,False,minorgw,5.088,-0.129
GR,7,-1,1r4r,1r4r_TA_C_DT_9_D_DA_12,False,False,minorgw,4.499,-0.508
GR,7,0,1r4r,1r4r_TA_C_DT_9_D_DA_12,False,False,minorgw,4.981,-0.198
GR,7,1,1r4r,1r4r_TA_C_DT_9_D_DA_12,False,False,minorgw,4.855,-0.279
GR,8,-2,1r4r,1r4r_GC_C_DG_10_D_DC_11,False,False,minorgw,4.499,-0.508
GR,8,-1,1r4r,1r4r_GC_C_DG_10_D_DC_11,False,False,minorgw,4.981,-0.198
GR,8,0,1r4r,1r4r_GC_C_DG_10_D_DC_11,False,False,minorgw,4.855,-0.279
GR,8,1,1r4r,1r4r_GC_C_DG_10_D_DC_11,False,False,minorgw,4.367,-0.593
GR,9,-2,1r4r,1r4r_AT_C_DA_11_D_DT_10,False,False,minorgw,4.981,-0.198
GR,9,-1,1r4r,1r4r_AT_C_DA_11_D_DT_10,False,False,minorgw,4.855,-0.279
GR,9,0,1r4r,1r4r_AT_C_DA_11_D_DT_10,False,False,minorgw,4.367,-0.593
GR,9,1,1r4r,1r4r_AT_C_DA_11_D_DT_10,False,False,minorgw,5.488,0.129
GR,10,-2,1r4r,1r4r_TA_C_DT_12_D_DA_9,False,False,minorgw,4.855,-0.279
GR,10,-1,1r4r,1r4r_TA_C_DT_12_D_DA_9,False,False,minorgw,4.367,-0.593
GR,10,0,1r4r,1r4r_TA_C_DT_12_D_DA_9,False,False,minorgw,5.488,0.129
GR,10,1,1r4r,1r4r_TA_C_DT_12_D_DA_9,False,False,minorgw,5.732,0.286
GR,11,-2,1r4r,1r4r_GC_C_DG_13_D_DC_8,True,True,minorgw,4.367,-0.593
GR,11,-1,1r4r,1r4r_GC_C_DG_13_D_DC_8,True,True,minorgw,5.488,0.129
GR,11,0,1r4r,1r4r_GC_C_DG_13_D_DC_8,True,True,minorgw,5.732,0.286
GR,11,1,1r4r,1r4r_GC_C_DG_13_D_DC_8,True,True,minorgw,5.222,-0.042
GR,12,-2,1r4r,1r4r_TA_C_DT_14_D_DA_7,False,True,minorgw,5.488,0.129
GR,12,-1,1r4r,1r4r_TA_C_DT_14_D_DA_7,False,True,minorgw,5.732,0.286
GR,12,0,1r4r,1r4r_TA_C_DT_14_D_DA_7,False,True,minorgw,5.222,-0.042
GR,12,1,1r4r,1r4r_TA_C_DT_14_D_DA_7,False,True,minorgw,5.535,0.159
GR,13,-2,1r4r,1r4r_TA_C_DT_15_D_DA_6,False,False,minorgw,5.732,0.286
GR,13,-1,1r4r,1r4r_TA_C_DT_15_D_DA_6,False,False,minorgw,5.222,-0.042
GR,13,0,1r4r,1r4r_TA_C_DT_15_D_DA_6,False,False,minorgw,5.535,0.159
GR,13,1,1r4r,1r4r_TA_C_DT_15_D_DA_6,False,False,minorgw,6.327,0.669
GR,14,-2,1r4r,1r4r_CG_C_DC_16_D_DG_5,False,False,minorgw,5.222,-0.042
GR,14,-1,1r4r,1r4r_CG_C_DC_16_D_DG_5,False,False,minorgw,5.535,0.159
GR,14,0,1r4r,1r4r_CG_C_DC_16_D_DG_5,False,False,minorgw,6.327,0.669
GR,15,-2,1r4r,1r4r_TA_C_DT_17_D_DA_4,False,False,minorgw,5.535,0.159
GR,15,-1,1r4r,1r4r_TA_C_DT_17_D_DA_4,False,False,minorgw,6.327,0.669
GR,16,-2,1r4r,1r4r_CG_C_DC_18_D_DG_3,False,False,minorgw,6.327,0.669
p53,3,-1,3kz8,3kz8_CG_C_DC_4_C_DG_17,True,True,minorgw,3.987,-0.837
p53,3,0,3kz8,3kz8_CG_C_DC_4_C_DG_17,True,True,minorgw,6.511,0.787
p53,3,1,3kz8,3kz8_CG_C_DC_4_C_DG_17,True,True,minorgw,8.435,2.025
p53,4,-2,3kz8,3kz8_AT_C_DA_5_C_DT_16,False,True,minorgw,3.987,-0.837
p53,4,-1,3kz8,3kz8_AT_C_DA_5_C_DT_16,False,True,minorgw,6.511,0.787
p53,4,0,3kz8,3kz8_AT_C_DA_5_C_DT_16,False,True,minorgw,8.435,2.025
p53,4,1,3kz8,3kz8_AT_C_DA_5_C_DT_16,False,True,minorgw,6.506,0.784
p53,5,-2,3kz8,3kz8_TA_C_DT_6_C_DA_15,False,True,minorgw,6.511,0.787
p53,5,-1,3kz8,3kz8_TA_C_DT_6_C_DA_15,False,True,minorgw,8.435,2.025
p53,5,0,3kz8,3kz8_TA_C_DT_6_C_DA_15,False,True,minorgw,6.506,0.784
p53,5,1,3kz8,3kz8_TA_C_DT_6_C_DA_15,False,True,minorgw,3.985,-0.838
p53,6,-2,3kz8,3kz8_GC_C_DG_7_C_DC_14,True,True,minorgw,8.435,2.025
p53,6,-1,3kz8,3kz8_GC_C_DG_7_C_DC_14,True,True,minorgw,6.506,0.784
p53,6,0,3kz8,3kz8_GC_C_DG_7_C_DC_14,True,True,minorgw,3.985,-0.838
p53,6,1,3kz8,3kz8_GC_C_DG_7_C_DC_14,True,True,minorgw,5.406,0.076
p53,7,-2,3kz8,3kz8_CG_C_DC_8_C_DG_13,True,True,minorgw,6.506,0.784
p53,7,-1,3kz8,3kz8_CG_C_DC_8_C_DG_13,True,True,minorgw,3.985,-0.838
p53,7,0,3kz8,3kz8_CG_C_DC_8_C_DG_13,True,True,minorgw,5.406,0.076
p53,7,1,3kz8,3kz8_CG_C_DC_8_C_DG_13,True,True,minorgw,7.612,1.495
p53,8,-2,3kz8,3kz8_CG_C_DC_9_C_DG_12,True,True,minorgw,3.985,-0.838
p53,8,-1,3kz8,3kz8_CG_C_DC_9_C_DG_12,True,True,minorgw,5.406,0.076
p53,8,0,3kz8,3kz8_CG_C_DC_9_C_DG_12,True,True,minorgw,7.612,1.495
p53,8,1,3kz8,3kz8_CG_C_DC_9_C_DG_12,True,True,minorgw,7.804,1.619
p53,9,-2,3kz8,3kz8_CG_C_DC_10_C_DG_11,False,True,minorgw,5.406,0.076
p53,9,-1,3kz8,3kz8_CG_C_DC_10_C_DG_11,False,True,minorgw,7.612,1.495
p53,9,0,3kz8,3kz8_CG_C_DC_10_C_DG_11,False,True,minorgw,7.804,1.619
p53,9,1,3kz8,3kz8_CG_C_DC_10_C_DG_11,False,True,minorgw,7.612,1.495
p53,10,-2,3kz8,3kz8_GC_C_DG_11_C_DC_10,False,True,minorgw,7.612,1.495
p53,10,-1,3kz8,3kz8_GC_C_DG_11_C_DC_10,False,True,minorgw,7.804,1.619
p53,10,0,3kz8,3kz8_GC_C_DG_11_C_DC_10,False,True,minorgw,7.612,1.495
p53,10,1,3kz8,3kz8_GC_C_DG_11_C_DC_10,False,True,minorgw,5.407,0.077
p53,11,-2,3kz8,3kz8_GC_C_DG_12_C_DC_9,True,True,minorgw,7.804,1.619
p53,11,-1,3kz8,3kz8_GC_C_DG_12_C_DC_9,True,True,minorgw,7.612,1.495
p53,11,0,3kz8,3kz8_GC_C_DG_12_C_DC_9,True,True,minorgw,5.407,0.077
p53,11,1,3kz8,3kz8_GC_C_DG_12_C_DC_9,True,True,minorgw,3.984,-0.839
p53,12,-2,3kz8,3kz8_GC_C_DG_13_C_DC_8,True,True,minorgw,7.612,1.495
p53,12,-1,3kz8,3kz8_GC_C_DG_13_C_DC_8,True,True,minorgw,5.407,0.077
p53,12,0,3kz8,3kz8_GC_C_DG_13_C_DC_8,True,True,minorgw,3.984,-0.839
p53,12,1,3kz8,3kz8_GC_C_DG_13_C_DC_8,True,True,minorgw,6.505,0.783
p53,13,-2,3kz8,3kz8_CG_C_DC_14_C_DG_7,True,True,minorgw,5.407,0.077
p53,13,-1,3kz8,3kz8_CG_C_DC_14_C_DG_7,True,True,minorgw,3.984,-0.839
p53,13,0,3kz8,3kz8_CG_C_DC_14_C_DG_7,True,True,minorgw,6.505,0.783
p53,13,1,3kz8,3kz8_CG_C_DC_14_C_DG_7,True,True,minorgw,8.435,2.025
p53,14,-2,3kz8,3kz8_AT_C_DA_15_C_DT_6,False,True,minorgw,3.984,-0.839
p53,14,-1,3kz8,3kz8_AT_C_DA_15_C_DT_6,False,True,minorgw,6.505,0.783
p53,14,0,3kz8,3kz8_AT_C_DA_15_C_DT_6,False,True,minorgw,8.435,2.025
p53,14,1,3kz8,3kz8_AT_C_DA_15_C_DT_6,False,True,minorgw,6.512,0.788
p53,15,-2,3kz8,3kz8_TA_C_DT_16_C_DA_5,False,True,minorgw,6.505,0.783
p53,15,-1,3kz8,3kz8_TA_C_DT_16_C_DA_5,False,True,minorgw,8.435,2.025
p53,15,0,3kz8,3kz8_TA_C_DT_16_C_DA_5,False,True,minorgw,6.512,0.788
p53,15,1,3kz8,3kz8_TA_C_DT_16_C_DA_5,False,True,minorgw,3.988,-0.837
p53,16,-2,3kz8,3kz8_GC_C_DG_17_C_DC_4,True,True,minorgw,8.435,2.025
p53,16,-1,3kz8,3kz8_GC_C_DG_17_C_DC_4,True,True,minorgw,6.512,0.788
p53,16,0,3kz8,3kz8_GC_C_DG_17_C_DC_4,True,True,minorgw,3.988,-0.837
p53,17,-2,3kz8,3kz8_CG_C_DC_18_C_DG_3,True,True,minorgw,6.512,0.788
p53,17,-1,3kz8,3kz8_CG_C_DC_18_C_DG_3,True,True,minorgw,3.988,-0.837
p53,18,-2,3kz8,3kz8_CG_C_DC_19_C_DG_2,True,True,minorgw,3.988,-0.837
CTCF,1,1,5t00,5t00_AT_B_DA_2_C_DT_16,False,True,minorgw,8.413,2.011
CTCF,2,0,5t00,5t00_GC_B_DG_3_C_DC_15,False,True,minorgw,8.413,2.011
CTCF,2,1,5t00,5t00_GC_B_DG_3_C_DC_15,False,True,minorgw,8.676,2.180
CTCF,3,-1,5t00,5t00_cG_B_5CM_4_C_DG_14,True,True,minorgw,8.413,2.011
CTCF,3,0,5t00,5t00_cG_B_5CM_4_C_DG_14,True,True,minorgw,8.676,2.180
CTCF,3,1,5t00,5t00_cG_B_5CM_4_C_DG_14,True,True,minorgw,8.956,2.360
CTCF,4,-2,5t00,5t00_Gc_B_DG_5_C_5CM_13,True,True,minorgw,8.413,2.011
CTCF,4,-1,5t00,5t00_Gc_B_DG_5_C_5CM_13,True,True,minorgw,8.676,2.180
CTCF,4,0,5t00,5t00_Gc_B_DG_5_C_5CM_13,True,True,minorgw,8.956,2.360
CTCF,4,1,5t00,5t00_Gc_B_DG_5_C_5CM_13,True,True,minorgw,9.353,2.616
CTCF,5,-2,5t00,5t00_CG_B_DC_6_C_DG_12,True,True,minorgw,8.676,2.180
CTCF,5,-1,5t00,5t00_CG_B_DC_6_C_DG_12,True,True,minorgw,8.956,2.360
CTCF,5,0,5t00,5t00_CG_B_DC_6_C_DG_12,True,True,minorgw,9.353,2.616
CTCF,5,1,5t00,5t00_CG_B_DC_6_C_DG_12,True,True,minorgw,8.071,1.791
CTCF,6,-2,5t00,5t00_CG_B_DC_7_C_DG_11,True,True,minorgw,8.956,2.360
CTCF,6,-1,5t00,5t00_CG_B_DC_7_C_DG_11,True,True,minorgw,9.353,2.616
CTCF,6,0,5t00,5t00_CG_B_DC_7_C_DG_11,True,True,minorgw,8.071,1.791
CTCF,6,1,5t00,5t00_CG_B_DC_7_C_DG_11,True,True,minorgw,7.639,1.513
CTCF,7,-2,5t00,5t00_CG_B_DC_8_C_DG_10,True,True,minorgw,9.353,2.616
CTCF,7,-1,5t00,5t00_CG_B_DC_8_C_DG_10,True,True,minorgw,8.071,1.791
CTCF,7,0,5t00,5t00_CG_B_DC_8_C_DG_10,True,True,minorgw,7.639,1.513
CTCF,7,1,5t00,5t00_CG_B_DC_8_C_DG_10,True,True,minorgw,8.291,1.932
RelA,2,0,5u01,5u01_CG_E_DC_203_F_DG_224,False,True,minorgw,7.388,1.351
RelA,2,1,5u01,5u01_CG_E_DC_203_F_DG_224,False,True,minorgw,6.377,0.701
RelA,3,-1,5u01,5u01_GC_E_DG_204_F_DC_223,True,True,minorgw,7.388,1.351
RelA,3,0,5u01,5u01_GC_E_DG_204_F_DC_223,True,True,minorgw,6.377,0.701
RelA,3,1,5u01,5u01_GC_E_DG_204_F_DC_223,True,True,minorgw,5.452,0.106
RelA,4,-2,5u01,5u01_GC_E_DG_205_F_DC_222,True,True,minorgw,7.388,1.351
RelA,4,-1,5u01,5u01_GC_E_DG_205_F_DC_222,True,True,minorgw,6.377,0.701
RelA,4,0,5u01,5u01_GC_E_DG_205_F_DC_222,True,True,minorgw,5.452,0.106
RelA,4,1,5u01,5u01_GC_E_DG_205_F_DC_222,True,True,minorgw,4.061,-0.790
RelA,5,-2,5u01,5u01_AT_E_DA_206_F_DT_221,True,True,minorgw,6.377,0.701
RelA,5,-1,5u01,5u01_AT_E_DA_206_F_DT_221,True,True,minorgw,5.452,0.106
RelA,5,0,5u01,5u01_AT_E_DA_206_F_DT_221,True,True,minorgw,4.061,-0.790
RelA,5,1,5u01,5u01_AT_E_DA_206_F_DT_221,True,True,minorgw,3.507,-1.146
RelA,6,-2,5u01,5u01_AT_E_DA_207_F_DT_220,False,True,minorgw,5.452,0.106
RelA,6,-1,5u01,5u01_AT_E_DA_207_F_DT_220,False,True,minorgw,4.061,-0.790
RelA,6,0,5u01,5u01_AT_E_DA_207_F_DT_220,False,True,minorgw,3.507,-1.146
RelA,6,1,5u01,5u01_AT_E_DA_207_F_DT_220,False,True,minorgw,3.477,-1.165
RelA,7,-2,5u01,5u01_AT_E_DA_208_F_DT_219,False,False,minorgw,4.061,-0.790
RelA,7,-1,5u01,5u01_AT_E_DA_208_F_DT_219,False,False,minorgw,3.507,-1.146
RelA,7,0,5u01,5u01_AT_E_DA_208_F_DT_219,False,False,minorgw,3.477,-1.165
RelA,7,1,5u01,5u01_AT_E_DA_208_F_DT_219,False,False,minorgw,3.834,-0.936
RelA,8,-2,5u01,5u01_TA_E_DT_209_F_DA_218,False,False,minorgw,3.507,-1.146
RelA,8,-1,5u01,5u01_TA_E_DT_209_F_DA_218,False,False,minorgw,3.477,-1.165
RelA,8,0,5u01,5u01_TA_E_DT_209_F_DA_218,False,False,minorgw,3.834,-0.936
RelA,8,1,5u01,5u01_TA_E_DT_209_F_DA_218,False,False,minorgw,5.672,0.247
RelA,9,-2,5u01,5u01_TA_E_DT_210_F_DA_217,False,True,minorgw,3.477,-1.165
RelA,9,-1,5u01,5u01_TA_E_DT_210_F_DA_217,False,True,minorgw,3.834,-0.936
RelA,9,0,5u01,5u01_TA_E_DT_210_F_DA_217,False,True,minorgw,5.672,0.247
RelA,9,1,5u01,5u01_TA_E_DT_210_F_DA_217,False,True,minorgw,7.393,1.355
RelA,10,-2,5u01,5u01_CG_E_DC_211_F_DG_216,True,True,minorgw,3.834,-0.936
RelA,10,-1,5u01,5u01_CG_E_DC_211_F_DG_216,True,True,minorgw,5.672,0.247
RelA,10,0,5u01,5u01_CG_E_DC_211_F_DG_216,True,True,minorgw,7.393,1.355
RelA,10,1,5u01,5u01_CG_E_DC_211_F_DG_216,True,True,minorgw,8.510,2.073
RelA,11,-2,5u01,5u01_CG_E_DC_212_F_DG_215,True,True,minorgw,5.672,0.247
RelA,11,-1,5u01,5u01_CG_E_DC_212_F_DG_215,True,True,minorgw,7.393,1.355
RelA,11,0,5u01,5u01_CG_E_DC_212_F_DG_215,True,True,minorgw,8.510,2.073
RelA,11,1,5u01,5u01_CG_E_DC_212_F_DG_215,True,True,minorgw,9.051,2.421
RelA,12,-2,5u01,5u01_CG_E_DC_213_F_DG_214,True,True,minorgw,7.393,1.355
RelA,12,-1,5u01,5u01_CG_E_DC_213_F_DG_214,True,True,minorgw,8.510,2.073
RelA,12,0,5u01,5u01_CG_E_DC_213_F_DG_214,True,True,minorgw,9.051,2.421
RelA,12,1,5u01,5u01_CG_E_DC_213_F_DG_214,True,True,minorgw,8.417,2.014
RelA,13,-2,5u01,5u01_GC_E_DG_214_F_DC_213,True,True,minorgw,8.510,2.073
RelA,13,-1,5u01,5u01_GC_E_DG_214_F_DC_213,True,True,minorgw,9.051,2.421
RelA,13,0,5u01,5u01_GC_E_DG_214_F_DC_213,True,True,minorgw,8.417,2.014
RelA,13,1,5u01,5u01_GC_E_DG_214_F_DC_213,True,True,minorgw,6.907,1.042
RelA,14,-2,5u01,5u01_GC_E_DG_215_F_DC_212,True,True,minorgw,9.051,2.421
RelA,14,-1,5u01,5u01_GC_E_DG_215_F_DC_212,True,True,minorgw,8.417,2.014
RelA,14,0,5u01,5u01_GC_E_DG_215_F_DC_212,True,True,minorgw,6.907,1.042
RelA,14,1,5u01,5u01_GC_E_DG_215_F_DC_212,True,True,minorgw,5.002,-0.184
RelA,15,-2,5u01,5u01_GC_E_DG_216_F_DC_211,True,True,minorgw,8.417,2.014
RelA,15,-1,5u01,5u01_GC_E_DG_216_F_DC_211,True,True,minorgw,6.907,1.042
RelA,15,0,5u01,5u01_GC_E_DG_216_F_DC_211,True,True,minorgw,5.002,-0.184
RelA,15,1,5u01,5u01_GC_E_DG_216_F_DC_211,True,True,minorgw,3.558,-1.113
RelA,16,-2,5u01,5u01_AT_E_DA_217_F_DT_210,False,True,minorgw,6.907,1.042
RelA,16,-1,5u01,5u01_AT_E_DA_217_F_DT_210,False,True,minorgw,5.002,-0.184
RelA,16,0,5u01,5u01_AT_E_DA_217_F_DT_210,False,True,minorgw,3.558,-1.113
RelA,16,1,5u01,5u01_AT_E_DA_217_F_DT_210,False,True,minorgw,3.629,-1.068
RelA,17,-2,5u01,5u01_AT_E_DA_218_F_DT_209,False,True,minorgw,5.002,-0.184
RelA,17,-1,5u01,5u01_AT_E_DA_218_F_DT_209,False,True,minorgw,3.558,-1.113
RelA,17,0,5u01,5u01_AT_E_DA_218_F_DT_209,False,True,minorgw,3.629,-1.068
RelA,17,1,5u01,5u01_AT_E_DA_218_F_DT_209,False,True,minorgw,3.917,-0.882
RelA,18,-2,5u01,5u01_TA_E_DT_219_F_DA_208,False,False,minorgw,3.558,-1.113
RelA,18,-1,5u01,5u01_TA_E_DT_219_F_DA_208,False,False,minorgw,3.629,-1.068
RelA,18,0,5u01,5u01_TA_E_DT_219_F_DA_208,False,False,minorgw,3.917,-0.882
RelA,18,1,5u01,5u01_TA_E_DT_219_F_DA_208,False,False,minorgw,4.241,-0.674
RelA,19,-2,5u01,5u01_TA_E_DT_220_F_DA_207,False,True,minorgw,3.629,-1.068
RelA,19,-1,5u01,5u01_TA_E_DT_220_F_DA_207,False,True,minorgw,3.917,-0.882
RelA,19,0,5u01,5u01_TA_E_DT_220_F_DA_207,False,True,minorgw,4.241,-0.674
RelA,19,1,5u01,5u01_TA_E_DT_220_F_DA_207,False,True,minorgw,5.897,0.392
RelA,20,-2,5u01,5u01_TA_E_DT_221_F_DA_206,True,True,minorgw,3.917,-0.882
RelA,20,-1,5u01,5u01_TA_E_DT_221_F_DA_206,True,True,minorgw,4.241,-0.674
RelA,20,0,5u01,5u01_TA_E_DT_221_F_DA_206,True,True,minorgw,5.897,0.392
RelA,20,1,5u01,5u01_TA_E_DT_221_F_DA_206,True,True,minorgw,7.306,1.299
RelA,21,-2,5u01,5u01_CG_E_DC_222_F_DG_205,True,True,minorgw,4.241,-0.674
RelA,21,-1,5u01,5u01_CG_E_DC_222_F_DG_205,True,True,minorgw,5.897,0.392
RelA,21,0,5u01,5u01_CG_E_DC_222_F_DG_205,True,True,minorgw,7.306,1.299
RelA,21,1,5u01,5u01_CG_E_DC_222_F_DG_205,True,True,minorgw,8.332,1.959
RelA,22,-2,5u01,5u01_CG_E_DC_223_F_DG_204,True,True,minorgw,5.897,0.392
RelA,22,-1,5u01,5u01_CG_E_DC_223_F_DG_204,True,True,minorgw,7.306,1.299
RelA,22,0,5u01,5u01_CG_E_DC_223_F_DG_204,True,True,minorgw,8.332,1.959
RelA,23,-2,5u01,5u01_GC_E_DG_224_F_DC_203,True,True,minorgw,7.306,1.299
RelA,23,-1,5u01,5u01_GC_E_DG_224_F_DC_203,True,True,minorgw,8.332,1.959
Creb,6,-2,5zk1,5zk1_TA_B_DT_-4_B_DA_4,False,True,minorgw,7.549,1.455
Creb,6,-1,5zk1,5zk1_TA_B_DT_-4_B_DA_4,False,True,minorgw,6.671,0.890
Creb,6,0,5zk1,5zk1_TA_B_DT_-4_B_DA_4,False,True,minorgw,7.123,1.181
Creb,6,1,5zk1,5zk1_TA_B_DT_-4_B_DA_4,False,True,minorgw,7.610,1.494
Creb,7,-2,5zk1,5zk1_GC_B_DG_-3_B_DC_3,False,True,minorgw,6.671,0.890
Creb,7,-1,5zk1,5zk1_GC_B_DG_-3_B_DC_3,False,True,minorgw,7.123,1.181
Creb,7,0,5zk1,5zk1_GC_B_DG_-3_B_DC_3,False,True,minorgw,7.610,1.494
Creb,7,1,5zk1,5zk1_GC_B_DG_-3_B_DC_3,False,True,minorgw,8.039,1.770
Creb,8,-2,5zk1,5zk1_AT_B_DA_-2_B_DT_2,False,False,minorgw,7.123,1.181
Creb,8,-1,5zk1,5zk1_AT_B_DA_-2_B_DT_2,False,False,minorgw,7.610,1.494
Creb,8,0,5zk1,5zk1_AT_B_DA_-2_B_DT_2,False,False,minorgw,8.039,1.770
Creb,8,1,5zk1,5zk1_AT_B_DA_-2_B_DT_2,False,False,minorgw,8.445,2.032
Creb,9,-2,5zk1,5zk1_CG_B_DC_-1_B_DG_1,False,True,minorgw,7.610,1.494
Creb,9,-1,5zk1,5zk1_CG_B_DC_-1_B_DG_1,False,True,minorgw,8.039,1.770
Creb,9,0,5zk1,5zk1_CG_B_DC_-1_B_DG_1,False,True,minorgw,8.445,2.032
Creb,9,1,5zk1,5zk1_CG_B_DC_-1_B_DG_1,False,True,minorgw,8.039,1.770
Creb,10,-2,5zk1,5zk1_GC_B_DG_1_B_DC_-1,False,True,minorgw,8.039,1.770
Creb,10,-1,5zk1,5zk1_GC_B_DG_1_B_DC_-1,False,True,minorgw,8.445,2.032
Creb,10,0,5zk1,5zk1_GC_B_DG_1_B_DC_-1,False,True,minorgw,8.039,1.770
Creb,10,1,5zk1,5zk1_GC_B_DG_1_B_DC_-1,False,True,minorgw,7.609,1.494
Creb,11,-2,5zk1,5zk1_TA_B_DT_2_B_DA_-2,False,False,minorgw,8.445,2.032
Creb,11,-1,5zk1,5zk1_TA_B_DT_2_B_DA_-2,False,False,minorgw,8.039,1.770
Creb,11,0,5zk1,5zk1_TA_B_DT_2_B_DA_-2,False,False,minorgw,7.609,1.494
Creb,11,1,5zk1,5zk1_TA_B_DT_2_B_DA_-2,False,False,minorgw,7.123,1.181
Creb,12,-2,5zk1,5zk1_CG_B_DC_3_B_DG_-3,False,True,minorgw,8.039,1.770
Creb,12,-1,5zk1,5zk1_CG_B_DC_3_B_DG_-3,False,True,minorgw,7.609,1.494
Creb,12,0,5zk1,5zk1_CG_B_DC_3_B_DG_-3,False,True,minorgw,7.123,1.181
Creb,12,1,5zk1,5zk1_CG_B_DC_3_B_DG_-3,False,True,minorgw,6.671,0.890
Creb,13,-2,5zk1,5zk1_AT_B_DA_4_B_DT_-4,False,True,minorgw,7.609,1.494
Creb,13,-1,5zk1,5zk1_AT_B_DA_4_B_DT_-4,False,True,minorgw,7.123,1.181
Creb,13,0,5zk1,5zk1_AT_B_DA_4_B_DT_-4,False,True,minorgw,6.671,0.890
Creb,13,1,5zk1,5zk1_AT_B_DA_4_B_DT_-4,False,True,minorgw,7.549,1.455
Max-Max,7,-2,1an2,1an2_TA_B_DT_8_B_DA_15,False,False,majorgw,13.227,0.820
Max-Max,7,-1,1an2,1an2_TA_B_DT_8_B_DA_15,False,False,majorgw,11.264,-0.187
Max-Max,7,0,1an2,1an2_TA_B_DT_8_B_DA_15,False,False,majorgw,12.997,0.702
Max-Max,7,1,1an2,1an2_TA_B_DT_8_B_DA_15,False,False,majorgw,12.850,0.627
Max-Max,8,-2,1an2,1an2_CG_B_DC_9_B_DG_14,True,True,majorgw,11.264,-0.187
Max-Max,8,-1,1an2,1an2_CG_B_DC_9_B_DG_14,True,True,majorgw,12.997,0.702
Max-Max,8,0,1an2,1an2_CG_B_DC_9_B_DG_14,True,True,majorgw,12.850,0.627
Max-Max,8,1,1an2,1an2_CG_B_DC_9_B_DG_14,True,True,majorgw,9.898,-0.889
Max-Max,9,-2,1an2,1an2_AT_B_DA_10_B_DT_13,False,True,majorgw,12.997,0.702
Max-Max,9,-1,1an2,1an2_AT_B_DA_10_B_DT_13,False,True,majorgw,12.850,0.627
Max-Max,9,0,1an2,1an2_AT_B_DA_10_B_DT_13,False,True,majorgw,9.898,-0.889
Max-Max,9,1,1an2,1an2_AT_B_DA_10_B_DT_13,False,True,majorgw,10.676,-0.489
Max-Max,10,-2,1an2,1an2_CG_B_DC_11_B_DG_12,True,True,majorgw,12.850,0.627
Max-Max,10,-1,1an2,1an2_CG_B_DC_11_B_DG_12,True,True,majorgw,9.898,-0.889
Max-Max,10,0,1an2,1an2_CG_B_DC_11_B_DG_12,True,True,majorgw,10.676,-0.489
Max-Max,10,1,1an2,1an2_CG_B_DC_11_B_DG_12,True,True,majorgw,9.899,-0.888
Max-Max,11,-2,1an2,1an2_GC_B_DG_12_B_DC_11,True,True,majorgw,9.898,-0.889
Max-Max,11,-1,1an2,1an2_GC_B_DG_12_B_DC_11,True,True,majorgw,10.676,-0.489
Max-Max,11,0,1an2,1an2_GC_B_DG_12_B_DC_11,True,True,majorgw,9.899,-0.888
Max-Max,11,1,1an2,1an2_GC_B_DG_12_B_DC_11,True,True,majorgw,12.850,0.627
Max-Max,12,-2,1an2,1an2_TA_B_DT_13_B_DA_10,False,True,majorgw,10.676,-0.489
Max-Max,12,-1,1an2,1an2_TA_B_DT_13_B_DA_10,False,True,majorgw,9.899,-0.888
Max-Max,12,0,1an2,1an2_TA_B_DT_13_B_DA_10,False,True,majorgw,12.850,0.627
Max-Max,12,1,1an2,1an2_TA_B_DT_13_B_DA_10,False,True,majorgw,12.997,0.702
Max-Max,13,-2,1an2,1an2_GC_B_DG_14_B_DC_9,True,True,majorgw,9.899,-0.888
Max-Max,13,-1,1an2,1an2_GC_B_DG_14_B_DC_9,True,True,majorgw,12.850,0.627
Max-Max,13,0,1an2,1an2_GC_B_DG_14_B_DC_9,True,True,majorgw,12.997,0.702
Max-Max,13,1,1an2,1an2_GC_B_DG_14_B_DC_9,True,True,majorgw,11.264,-0.187
Max-Max,14,-2,1an2,1an2_AT_B_DA_15_B_DT_8,False,False,majorgw,12.850,0.627
Max-Max,14,-1,1an2,1an2_AT_B_DA_15_B_DT_8,False,False,majorgw,12.997,0.702
Max-Max,14,0,1an2,1an2_AT_B_DA_15_B_DT_8,False,False,majorgw,11.264,-0.187
Max-Max,14,1,1an2,1an2_AT_B_DA_15_B_DT_8,False,False,majorgw,13.227,0.820
Elk1,2,0,1dux,1dux_AT_A_DA_3_B_DT_11,False,False,majorgw,11.630,0.001
Elk1,2,1,1dux,1dux_AT_A_DA_3_B_DT_11,False,False,majorgw,12.858,0.631
Elk1,3,-1,1dux,1dux_CG_A_DC_4_B_DG_10,False,False,majorgw,11.630,0.001
Elk1,3,0,1dux,1dux_CG_A_DC_4_B_DG_10,False,False,majorgw,12.858,0.631
Elk1,3,1,1dux,1dux_CG_A_DC_4_B_DG_10,False,False,majorgw,14.643,1.547
Elk1,4,-2,1dux,1dux_CG_A_DC_5_B_DG_9,False,True,majorgw,11.630,0.001
Elk1,4,-1,1dux,1dux_CG_A_DC_5_B_DG_9,False,True,majorgw,12.858,0.631
Elk1,4,0,1dux,1dux_CG_A_DC_5_B_DG_9,False,True,majorgw,14.643,1.547
Elk1,4,1,1dux,1dux_CG_A_DC_5_B_DG_9,False,True,majorgw,14.205,1.322
Elk1,5,-2,1dux,1dux_GC_A_DG_6_B_DC_8,True,True,majorgw,12.858,0.631
Elk1,5,-1,1dux,1dux_GC_A_DG_6_B_DC_8,True,True,majorgw,14.643,1.547
Elk1,5,0,1dux,1dux_GC_A_DG_6_B_DC_8,True,True,majorgw,14.205,1.322
Elk1,5,1,1dux,1dux_GC_A_DG_6_B_DC_8,True,True,majorgw,12.277,0.333
Elk1,6,-2,1dux,1dux_GC_A_DG_7_B_DC_7,True,True,majorgw,14.643,1.547
Elk1,6,-1,1dux,1dux_GC_A_DG_7_B_DC_7,True,True,majorgw,14.205,1.322
Elk1,6,0,1dux,1dux_GC_A_DG_7_B_DC_7,True,True,majorgw,12.277,0.333
Elk1,6,1,1dux,1dux_GC_A_DG_7_B_DC_7,True,True,majorgw,11.986,0.183
Elk1,7,-2,1dux,1dux_AT_A_DA_8_B_DT_6,False,True,majorgw,14.205,1.322
Elk1,7,-1,1dux,1dux_AT_A_DA_8_B_DT_6,False,True,majorgw,12.277,0.333
Elk1,7,0,1dux,1dux_AT_A_DA_8_B_DT_6,False,True,majorgw,11.986,0.183
Elk1,7,1,1dux,1dux_AT_A_DA_8_B_DT_6,False,True,majorgw,14.946,1.703
Elk1,8,-2,1dux,1dux_AT_A_DA_9_B_DT_5,False,False,majorgw,12.277,0.333
Elk1,8,-1,1dux,1dux_AT_A_DA_9_B_DT_5,False,False,majorgw,11.986,0.183
Elk1,8,0,1dux,1dux_AT_A_DA_9_B_DT_5,False,False,majorgw,14.946,1.703
Elk1,8,1,1dux,1dux_AT_A_DA_9_B_DT_5,False,False,majorgw,13.889,1.160
Runx1,15,-2,1hjb,1hjb_TA_G_DT_17_H_DA_11,False,True,majorgw,11.519,-0.056
Runx1,15,-1,1hjb,1hjb_TA_G_DT_17_H_DA_11,False,True,majorgw,11.395,-0.120
Runx1,15,0,1hjb,1hjb_TA_G_DT_17_H_DA_11,False,True,majorgw,13.699,1.063
Runx1,15,1,1hjb,1hjb_TA_G_DT_17_H_DA_11,False,True,majorgw,13.588,1.006
Runx1,16,-2,1hjb,1hjb_GC_G_DG_18_H_DC_10,True,True,majorgw,11.395,-0.120
Runx1,16,-1,1hjb,1hjb_GC_G_DG_18_H_DC_10,True,True,majorgw,13.699,1.063
Runx1,16,0,1hjb,1hjb_GC_G_DG_18_H_DC_10,True,True,majorgw,13.588,1.006
Runx1,16,1,1hjb,1hjb_GC_G_DG_18_H_DC_10,True,True,majorgw,11.772,0.073
Runx1,17,-2,1hjb,1hjb_TA_G_DT_19_H_DA_9,False,True,majorgw,13.699,1.063
Runx1,17,-1,1hjb,1hjb_TA_G_DT_19_H_DA_9,False,True,majorgw,13.588,1.006
Runx1,17,0,1hjb,1hjb_TA_G_DT_19_H_DA_9,False,True,majorgw,11.772,0.073
Runx1,17,1,1hjb,1hjb_TA_G_DT_19_H_DA_9,False,True,majorgw,11.727,0.050
Runx1,18,-2,1hjb,1hjb_GC_G_DG_20_H_DC_8,True,True,majorgw,13.588,1.006
Runx1,18,-1,1hjb,1hjb_GC_G_DG_20_H_DC_8,True,True,majorgw,11.772,0.073
Runx1,18,0,1hjb,1hjb_GC_G_DG_20_H_DC_8,True,True,majorgw,11.727,0.050
Runx1,18,1,1hjb,1hjb_GC_G_DG_20_H_DC_8,True,True,majorgw,11.828,0.102
Runx1,19,-2,1hjb,1hjb_GC_G_DG_21_H_DC_7,True,True,majorgw,11.772,0.073
Runx1,19,-1,1hjb,1hjb_GC_G_DG_21_H_DC_7,True,True,majorgw,11.727,0.050
Runx1,19,0,1hjb,1hjb_GC_G_DG_21_H_DC_7,True,True,majorgw,11.828,0.102
Runx1,19,1,1hjb,1hjb_GC_G_DG_21_H_DC_7,True,True,majorgw,10.864,-0.393
Runx1,20,-2,1hjb,1hjb_TA_G_DT_22_H_DA_6,False,True,majorgw,11.727,0.050
Runx1,20,-1,1hjb,1hjb_TA_G_DT_22_H_DA_6,False,True,majorgw,11.828,0.102
Runx1,20,0,1hjb,1hjb_TA_G_DT_22_H_DA_6,False,True,majorgw,10.864,-0.393
Runx1,20,1,1hjb,1hjb_TA_G_DT_22_H_DA_6,False,True,majorgw,11.024,-0.311
Runx1,21,-2,1hjb,1hjb_TA_G_DT_23_H_DA_5,True,True,majorgw,11.828,0.102
Runx1,21,-1,1hjb,1hjb_TA_G_DT_23_H_DA_5,True,True,majorgw,10.864,-0.393
Runx1,21,0,1hjb,1hjb_TA_G_DT_23_H_DA_5,True,True,majorgw,11.024,-0.311
Runx1,21,1,1hjb,1hjb_TA_G_DT_23_H_DA_5,True,True,majorgw,9.995,-0.839
Ets1,4,-2,1k79,1k79_CG_B_DC_6_C_DG_11,False,False,majorgw,12.906,0.656
Ets1,4,-1,1k79,1k79_CG_B_DC_6_C_DG_11,False,False,majorgw,12.099,0.241
Ets1,4,0,1k79,1k79_CG_B_DC_6_C_DG_11,False,False,majorgw,11.949,0.164
Ets1,4,1,1k79,1k79_CG_B_DC_6_C_DG_11,False,False,majorgw,14.674,1.563
Ets1,5,-2,1k79,1k79_CG_B_DC_7_C_DG_10,False,True,majorgw,12.099,0.241
Ets1,5,-1,1k79,1k79_CG_B_DC_7_C_DG_10,False,True,majorgw,11.949,0.164
Ets1,5,0,1k79,1k79_CG_B_DC_7_C_DG_10,False,True,majorgw,14.674,1.563
Ets1,5,1,1k79,1k79_CG_B_DC_7_C_DG_10,False,True,majorgw,14.069,1.253
Ets1,6,-2,1k79,1k79_GC_B_DG_8_C_DC_9,True,True,majorgw,11.949,0.164
Ets1,6,-1,1k79,1k79_GC_B_DG_8_C_DC_9,True,True,majorgw,14.674,1.563
Ets1,6,0,1k79,1k79_GC_B_DG_8_C_DC_9,True,True,majorgw,14.069,1.253
Ets1,6,1,1k79,1k79_GC_B_DG_8_C_DC_9,True,True,majorgw,12.645,0.522
Ets1,7,-2,1k79,1k79_GC_B_DG_9_C_DC_8,True,True,majorgw,14.674,1.563
Ets1,7,-1,1k79,1k79_GC_B_DG_9_C_DC_8,True,True,majorgw,14.069,1.253
Ets1,7,0,1k79,1k79_GC_B_DG_9_C_DC_8,True,True,majorgw,12.645,0.522
Ets1,7,1,1k79,1k79_GC_B_DG_9_C_DC_8,True,True,majorgw,11.264,-0.187
Ets1,8,-2,1k79,1k79_AT_B_DA_10_C_DT_7,True,True,majorgw,14.069,1.253
Ets1,8,-1,1k79,1k79_AT_B_DA_10_C_DT_7,True,True,majorgw,12.645,0.522
Ets1,8,0,1k79,1k79_AT_B_DA_10_C_DT_7,True,True,majorgw,11.264,-0.187
Ets1,8,1,1k79,1k79_AT_B_DA_10_C_DT_7,True,True,majorgw,13.024,0.716
Ets1,9,-2,1k79,1k79_AT_B_DA_11_C_DT_6,False,True,majorgw,12.645,0.522
Ets1,9,-1,1k79,1k79_AT_B_DA_11_C_DT_6,False,True,majorgw,11.264,-0.187
Ets1,9,0,1k79,1k79_AT_B_DA_11_C_DT_6,False,True,majorgw,13.024,0.716
Ets1,9,1,1k79,1k79_AT_B_DA_11_C_DT_6,False,True,majorgw,13.100,0.755
Max-Myc,6,-2,1nkp,1nkp_CG_F_DC_108_G_DG_313,True,True,majorgw,11.234,-0.203
Max-Myc,6,-1,1nkp,1nkp_CG_F_DC_108_G_DG_313,True,True,majorgw,12.736,0.568
Max-Myc,6,0,1nkp,1nkp_CG_F_DC_108_G_DG_313,True,True,majorgw,14.370,1.407
Max-Myc,6,1,1nkp,1nkp_CG_F_DC_108_G_DG_313,True,True,majorgw,11.160,-0.241
Max-Myc,7,-2,1nkp,1nkp_AT_F_DA_109_G_DT_312,True,True,majorgw,12.736,0.568
Max-Myc,7,-1,1nkp,1nkp_AT_F_DA_109_G_DT_312,True,True,majorgw,14.370,1.407
Max-Myc,7,0,1nkp,1nkp_AT_F_DA_109_G_DT_312,True,True,majorgw,11.160,-0.241
Max-Myc,7,1,1nkp,1nkp_AT_F_DA_109_G_DT_312,True,True,majorgw,10.640,-0.508
Max-Myc,8,-2,1nkp,1nkp_CG_F_DC_110_G_DG_311,True,True,majorgw,14.370,1.407
Max-Myc,8,-1,1nkp,1nkp_CG_F_DC_110_G_DG_311,True,True,majorgw,11.160,-0.241
Max-Myc,8,0,1nkp,1nkp_CG_F_DC_110_G_DG_311,True,True,majorgw,10.640,-0.508
Max-Myc,8,1,1nkp,1nkp_CG_F_DC_110_G_DG_311,True,True,majorgw,11.728,0.051
Max-Myc,9,-2,1nkp,1nkp_GC_F_DG_111_G_DC_310,False,True,majorgw,11.160,-0.241
Max-Myc,9,-1,1nkp,1nkp_GC_F_DG_111_G_DC_310,False,True,majorgw,10.640,-0.508
Max-Myc,9,0,1nkp,1nkp_GC_F_DG_111_G_DC_310,False,True,majorgw,11.728,0.051
Max-Myc,9,1,1nkp,1nkp_GC_F_DG_111_G_DC_310,False,True,majorgw,12.706,0.553
Max-Myc,10,-2,1nkp,1nkp_TA_F_DT_112_G_DA_309,True,True,majorgw,10.640,-0.508
Max-Myc,10,-1,1nkp,1nkp_TA_F_DT_112_G_DA_309,True,True,majorgw,11.728,0.051
Max-Myc,10,0,1nkp,1nkp_TA_F_DT_112_G_DA_309,True,True,majorgw,12.706,0.553
Max-Myc,10,1,1nkp,1nkp_TA_F_DT_112_G_DA_309,True,True,majorgw,11.708,0.041
Max-Myc,11,-2,1nkp,1nkp_GC_F_DG_113_G_DC_308,True,True,majorgw,11.728,0.051
Max-Myc,11,-1,1nkp,1nkp_GC_F_DG_113_G_DC_308,True,True,majorgw,12.706,0.553
Max-Myc,11,0,1nkp,1nkp_GC_F_DG_113_G_DC_308,True,True,majorgw,11.708,0.041
Max-Myc,11,1,1nkp,1nkp_GC_F_DG_113_G_DC_308,True,True,majorgw,11.884,0.131
Max-Myc,12,-2,1nkp,1nkp_CG_F_DC_114_G_DG_307,False,True,majorgw,12.706,0.553
Max-Myc,12,-1,1nkp,1nkp_CG_F_DC_114_G_DG_307,False,True,majorgw,11.708,0.041
Max-Myc,12,0,1nkp,1nkp_CG_F_DC_114_G_DG_307,False,True,majorgw,11.884,0.131
Max-Myc,12,1,1nkp,1nkp_CG_F_DC_114_G_DG_307,False,True,majorgw,12.854,0.629
Egr1,1,0,1p47,1p47_GC_C_DG_3_D_DC_62,False,True,majorgw,14.696,1.574
Egr1,1,1,1p47,1p47_GC_C_DG_3_D_DC_62,False,True,majorgw,13.283,0.849
Egr1,2,-1,1p47,1p47_GC_C_DG_4_D_DC_61,True,True,majorgw,14.696,1.574
Egr1,2,0,1p47,1p47_GC_C_DG_4_D_DC_61,True,True,majorgw,13.283,0.849
Egr1,2,1,1p47,1p47_GC_C_DG_4_D_DC_61,True,True,majorgw,13.542,0.982
Egr1,3,-2,1p47,1p47_CG_C_DC_5_D_DG_60,False,True,majorgw,14.696,1.574
Egr1,3,-1,1p47,1p47_CG_C_DC_5_D_DG_60,False,True,majorgw,13.283,0.849
Egr1,3,0,1p47,1p47_CG_C_DC_5_D_DG_60,False,True,majorgw,13.542,0.982
Egr1,3,1,1p47,1p47_CG_C_DC_5_D_DG_60,False,True,majorgw,14.411,1.428
Egr1,4,-2,1p47,1p47_GC_C_DG_6_D_DC_59,True,True,majorgw,13.283,0.849
Egr1,4,-1,1p47,1p47_GC_C_DG_6_D_DC_59,True,True,majorgw,13.542,0.982
Egr1,4,0,1p47,1p47_GC_C_DG_6_D_DC_59,True,True,majorgw,14.411,1.428
Egr1,4,1,1p47,1p47_GC_C_DG_6_D_DC_59,True,True,majorgw,10.659,-0.498
Egr1,5,-2,1p47,1p47_TA_C_DT_7_D_DA_58,False,True,majorgw,13.542,0.982
Egr1,5,-1,1p47,1p47_TA_C_DT_7_D_DA_58,False,True,majorgw,14.411,1.428
Egr1,5,0,1p47,1p47_TA_C_DT_7_D_DA_58,False,True,majorgw,10.659,-0.498
Egr1,5,1,1p47,1p47_TA_C_DT_7_D_DA_58,False,True,majorgw,13.448,0.934
Egr1,6,-2,1p47,1p47_GC_C_DG_8_D_DC_57,True,True,majorgw,14.411,1.428
Egr1,6,-1,1p47,1p47_GC_C_DG_8_D_DC_57,True,True,majorgw,10.659,-0.498
Egr1,6,0,1p47,1p47_GC_C_DG_8_D_DC_57,True,True,majorgw,13.448,0.934
Egr1,6,1,1p47,1p47_GC_C_DG_8_D_DC_57,True,True,majorgw,12.054,0.218
Egr1,7,-2,1p47,1p47_GC_C_DG_9_D_DC_56,True,True,majorgw,10.659,-0.498
Egr1,7,-1,1p47,1p47_GC_C_DG_9_D_DC_56,True,True,majorgw,13.448,0.934
Egr1,7,0,1p47,1p47_GC_C_DG_9_D_DC_56,True,True,majorgw,12.054,0.218
Egr1,7,1,1p47,1p47_GC_C_DG_9_D_DC_56,True,True,majorgw,12.066,0.224
Egr1,8,-2,1p47,1p47_GC_C_DG_10_D_DC_55,True,True,majorgw,13.448,0.934
Egr1,8,-1,1p47,1p47_GC_C_DG_10_D_DC_55,True,True,majorgw,12.054,0.218
Egr1,8,0,1p47,1p47_GC_C_DG_10_D_DC_55,True,True,majorgw,12.066,0.224
Egr1,8,1,1p47,1p47_GC_C_DG_10_D_DC_55,True,True,majorgw,13.171,0.792
Egr1,9,-2,1p47,1p47_CG_C_DC_11_D_DG_54,False,True,majorgw,12.054,0.218
Egr1,9,-1,1p47,1p47_CG_C_DC_11_D_DG_54,False,True,majorgw,12.066,0.224
Egr1,9,0,1p47,1p47_CG_C_DC_11_D_DG_54,False,True,majorgw,13.171,0.792
Egr1,9,1,1p47,1p47_CG_C_DC_11_D_DG_54,False,True,majorgw,14.703,1.578
Egr1,10,-2,1p47,1p47_GC_C_DG_12_D_DC_53,True,True,majorgw,12.066,0.224
Egr1,10,-1,1p47,1p47_GC_C_DG_12_D_DC_53,True,True,majorgw,13.171,0.792
Egr1,10,0,1p47,1p47_GC_C_DG_12_D_DC_53,True,True,majorgw,14.703,1.578
Egr1,10,1,1p47,1p47_GC_C_DG_12_D_DC_53,True,True,majorgw,11.810,0.093
TBP,1,1,1qne,1qne_CG_C_DC_202_D_DG_227,False,False,majorgw,10.643,-0.506
TBP,2,0,1qne,1qne_TA_C_DT_203_D_DA_226,False,True,majorgw,10.643,-0.506
TBP,2,1,1qne,1qne_TA_C_DT_203_D_DA_226,False,True,majorgw,13.428,0.924
TBP,3,-1,1qne,1qne_AT_C_DA_204_D_DT_225,False,True,majorgw,10.643,-0.506
TBP,3,0,1qne,1qne_AT_C_DA_204_D_DT_225,False,True,majorgw,13.428,0.924
TBP,3,1,1qne,1qne_AT_C_DA_204_D_DT_225,False,True,majorgw,13.820,1.125
TBP,4,-2,1qne,1qne_TA_C_DT_205_D_DA_224,False,True,majorgw,10.643,-0.506
TBP,4,-1,1qne,1qne_TA_C_DT_205_D_DA_224,False,True,majorgw,13.428,0.924
TBP,4,0,1qne,1qne_TA_C_DT_205_D_DA_224,False,True,majorgw,13.820,1.125
TBP,4,1,1qne,1qne_TA_C_DT_205_D_DA_224,False,True,majorgw,13.924,1.178
TBP,5,-2,1qne,1qne_AT_C_DA_206_D_DT_223,True,True,majorgw,13.428,0.924
TBP,5,-1,1qne,1qne_AT_C_DA_206_D_DT_223,True,True,majorgw,13.820,1.125
TBP,5,0,1qne,1qne_AT_C_DA_206_D_DT_223,True,True,majorgw,13.924,1.178
TBP,5,1,1qne,1qne_AT_C_DA_206_D_DT_223,True,True,majorgw,12.627,0.512
TBP,6,-2,1qne,1qne_AT_C_DA_207_D_DT_222,True,True,majorgw,13.820,1.125
TBP,6,-1,1qne,1qne_AT_C_DA_207_D_DT_222,True,True,majorgw,13.924,1.178
TBP,6,0,1qne,1qne_AT_C_DA_207_D_DT_222,True,True,majorgw,12.627,0.512
TBP,6,1,1qne,1qne_AT_C_DA_207_D_DT_222,True,True,majorgw,11.182,-0.229
TBP,7,-2,1qne,1qne_AT_C_DA_208_D_DT_221,False,True,majorgw,13.924,1.178
TBP,7,-1,1qne,1qne_AT_C_DA_208_D_DT_221,False,True,majorgw,12.627,0.512
TBP,7,0,1qne,1qne_AT_C_DA_208_D_DT_221,False,True,majorgw,11.182,-0.229
TBP,7,1,1qne,1qne_AT_C_DA_208_D_DT_221,False,True,majorgw,9.402,-1.143
TBP,8,-2,1qne,1qne_AT_C_DA_209_D_DT_220,False,True,majorgw,12.627,0.512
TBP,8,-1,1qne,1qne_AT_C_DA_209_D_DT_220,False,True,majorgw,11.182,-0.229
TBP,8,0,1qne,1qne_AT_C_DA_209_D_DT_220,False,True,majorgw,9.402,-1.143
TBP,8,1,1qne,1qne_AT_C_DA_209_D_DT_220,False,True,majorgw,9.271,-1.210
TBP,9,-2,1qne,1qne_GC_C_DG_210_D_DC_219,False,True,majorgw,11.182,-0.229
TBP,9,-1,1qne,1qne_GC_C_DG_210_D_DC_219,False,True,majorgw,9.402,-1.143
TBP,9,0,1qne,1qne_GC_C_DG_210_D_DC_219,False,True,majorgw,9.271,-1.210
TBP,9,1,1qne,1qne_GC_C_DG_210_D_DC_219,False,True,majorgw,12.127,0.256
GR,1,0,1r4r,1r4r_AT_C_DA_3_D_DT_18,False,False,majorgw,12.895,0.650
GR,1,1,1r4r,1r4r_AT_C_DA_3_D_DT_18,False,False,majorgw,10.941,-0.353
GR,2,-1,1r4r,1r4r_GC_C_DG_4_D_DC_17,False,True,majorgw,12.895,0.650
GR,2,0,1r4r,1r4r_GC_C_DG_4_D_DC_17,False,True,majorgw,10.941,-0.353
GR,2,1,1r4r,1r4r_GC_C_DG_4_D_DC_17,False,True,majorgw,12.409,0.400
GR,3,-2,1r4r,1r4r_AT_C_DA_5_D_DT_16,False,False,majorgw,12.895,0.650
GR,3,-1,1r4r,1r4r_AT_C_DA_5_D_DT_16,False,False,majorgw,10.941,-0.353
GR,3,0,1r4r,1r4r_AT_C_DA_5_D_DT_16,False,False,majorgw,12.409,0.400
GR,3,1,1r4r,1r4r_AT_C_DA_5_D_DT_16,False,False,majorgw,11.625,-0.002
GR,4,-2,1r4r,1r4r_AT_C_DA_6_D_DT_15,False,True,majorgw,10.941,-0.353
GR,4,-1,1r4r,1r4r_AT_C_DA_6_D_DT_15,False,True,majorgw,12.409,0.400
GR,4,0,1r4r,1r4r_AT_C_DA_6_D_DT_15,False,True,majorgw,11.625,-0.002
GR,4,1,1r4r,1r4r_AT_C_DA_6_D_DT_15,False,True,majorgw,15.420,1.946
GR,5,-2,1r4r,1r4r_CG_C_DC_7_D_DG_14,True,True,majorgw,12.409,0.400
GR,5,-1,1r4r,1r4r_CG_C_DC_7_D_DG_14,True,True,majorgw,11.625,-0.002
GR,5,0,1r4r,1r4r_CG_C_DC_7_D_DG_14,True,True,majorgw,15.420,1.946
GR,5,1,1r4r,1r4r_CG_C_DC_7_D_DG_14,True,True,majorgw,16.340,2.418
GR,6,-2,1r4r,1r4r_AT_C_DA_8_D_DT_13,False,True,majorgw,11.625,-0.002
GR,6,-1,1r4r,1r4r_AT_C_DA_8_D_DT_13,False,True,majorgw,15.420,1.946
GR,6,0,1r4r,1r4r_AT_C_DA_8_D_DT_13,False,True,majorgw,16.340,2.418
GR,6,1,1r4r,1r4r_AT_C_DA_8_D_DT_13,False,True,majorgw,15.462,1.968
GR,7,-2,1r4r,1r4r_TA_C_DT_9_D_DA_12,False,False,majorgw,15.420,1.946
GR,7,-1,1r4r,1r4r_TA_C_DT_9_D_DA_12,False,False,majorgw,16.340,2.418
GR,7,0,1r4r,1r4r_TA_C_DT_9_D_DA_12,False,False,majorgw,15.462,1.968
GR,7,1,1r4r,1r4r_TA_C_DT_9_D_DA_12,False,False,majorgw,14.155,1.297
GR,8,-2,1r4r,1r4r_GC_C_DG_10_D_DC_11,False,False,majorgw,16.340,2.418
GR,8,-1,1r4r,1r4r_GC_C_DG_10_D_DC_11,False,False,majorgw,15.462,1.968
GR,8,0,1r4r,1r4r_GC_C_DG_10_D_DC_11,False,False,majorgw,14.155,1.297
GR,8,1,1r4r,1r4r_GC_C_DG_10_D_DC_11,False,False,majorgw,14.053,1.244
GR,9,-2,1r4r,1r4r_AT_C_DA_11_D_DT_10,False,False,majorgw,15.462,1.968
GR,9,-1,1r4r,1r4r_AT_C_DA_11_D_DT_10,False,False,majorgw,14.155,1.297
GR,9,0,1r4r,1r4r_AT_C_DA_11_D_DT_10,False,False,majorgw,14.053,1.244
GR,9,1,1r4r,1r4r_AT_C_DA_11_D_DT_10,False,False,majorgw,14.576,1.513
GR,10,-2,1r4r,1r4r_TA_C_DT_12_D_DA_9,False,False,majorgw,14.155,1.297
GR,10,-1,1r4r,1r4r_TA_C_DT_12_D_DA_9,False,False,majorgw,14.053,1.244
GR,10,0,1r4r,1r4r_TA_C_DT_12_D_DA_9,False,False,majorgw,14.576,1.513
GR,10,1,1r4r,1r4r_TA_C_DT_12_D_DA_9,False,False,majorgw,11.996,0.188
GR,11,-2,1r4r,1r4r_GC_C_DG_13_D_DC_8,True,True,majorgw,14.053,1.244
GR,11,-1,1r4r,1r4r_GC_C_DG_13_D_DC_8,True,True,majorgw,14.576,1.513
GR,11,0,1r4r,1r4r_GC_C_DG_13_D_DC_8,True,True,majorgw,11.996,0.188
GR,11,1,1r4r,1r4r_GC_C_DG_13_D_DC_8,True,True,majorgw,12.962,0.684
GR,12,-2,1r4r,1r4r_TA_C_DT_14_D_DA_7,False,True,majorgw,14.576,1.513
GR,12,-1,1r4r,1r4r_TA_C_DT_14_D_DA_7,False,True,majorgw,11.996,0.188
GR,12,0,1r4r,1r4r_TA_C_DT_14_D_DA_7,False,True,majorgw,12.962,0.684
GR,12,1,1r4r,1r4r_TA_C_DT_14_D_DA_7,False,True,majorgw,11.308,-0.165
GR,13,-2,1r4r,1r4r_TA_C_DT_15_D_DA_6,False,False,majorgw,11.996,0.188
GR,13,-1,1r4r,1r4r_TA_C_DT_15_D_DA_6,False,False,majorgw,12.962,0.684
GR,13,0,1r4r,1r4r_TA_C_DT_15_D_DA_6,False,False,majorgw,11.308,-0.165
GR,13,1,1r4r,1r4r_TA_C_DT_15_D_DA_6,False,False,majorgw,11.769,0.072
GR,14,-2,1r4r,1r4r_CG_C_DC_16_D_DG_5,False,False,majorgw,12.962,0.684
GR,14,-1,1r4r,1r4r_CG_C_DC_16_D_DG_5,False,False,majorgw,11.308,-0.165
GR,14,0,1r4r,1r4r_CG_C_DC_16_D_DG_5,False,False,majorgw,11.769,0.072
GR,14,1,1r4r,1r4r_CG_C_DC_16_D_DG_5,False,False,majorgw,11.879,0.128
GR,15,-2,1r4r,1r4r_TA_C_DT_17_D_DA_4,False,False,majorgw,11.308,-0.165
GR,15,-1,1r4r,1r4r_TA_C_DT_17_D_DA_4,False,False,majorgw,11.769,0.072
GR,15,0,1r4r,1r4r_TA_C_DT_17_D_DA_4,False,False,majorgw,11.879,0.128
GR,16,-2,1r4r,1r4r_CG_C_DC_18_D_DG_3,False,False,majorgw,11.769,0.072
GR,16,-1,1r4r,1r4r_CG_C_DC_18_D_DG_3,False,False,majorgw,11.879,0.128
p53,3,-2,3kz8,3kz8_CG_C_DC_4_C_DG_17,True,True,majorgw,11.089,-0.277
p53,3,-1,3kz8,3kz8_CG_C_DC_4_C_DG_17,True,True,majorgw,13.638,1.031
p53,3,0,3kz8,3kz8_CG_C_DC_4_C_DG_17,True,True,majorgw,11.816,0.096
p53,3,1,3kz8,3kz8_CG_C_DC_4_C_DG_17,True,True,majorgw,7.355,-2.194
p53,4,-2,3kz8,3kz8_AT_C_DA_5_C_DT_16,False,True,majorgw,13.638,1.031
p53,4,-1,3kz8,3kz8_AT_C_DA_5_C_DT_16,False,True,majorgw,11.816,0.096
p53,4,0,3kz8,3kz8_AT_C_DA_5_C_DT_16,False,True,majorgw,7.355,-2.194
p53,4,1,3kz8,3kz8_AT_C_DA_5_C_DT_16,False,True,majorgw,11.828,0.102
p53,5,-2,3kz8,3kz8_TA_C_DT_6_C_DA_15,False,True,majorgw,11.816,0.096
p53,5,-1,3kz8,3kz8_TA_C_DT_6_C_DA_15,False,True,majorgw,7.355,-2.194
p53,5,0,3kz8,3kz8_TA_C_DT_6_C_DA_15,False,True,majorgw,11.828,0.102
p53,5,1,3kz8,3kz8_TA_C_DT_6_C_DA_15,False,True,majorgw,13.633,1.029
p53,6,-2,3kz8,3kz8_GC_C_DG_7_C_DC_14,True,True,majorgw,7.355,-2.194
p53,6,-1,3kz8,3kz8_GC_C_DG_7_C_DC_14,True,True,majorgw,11.828,0.102
p53,6,0,3kz8,3kz8_GC_C_DG_7_C_DC_14,True,True,majorgw,13.633,1.029
p53,6,1,3kz8,3kz8_GC_C_DG_7_C_DC_14,True,True,majorgw,11.140,-0.251
p53,7,-2,3kz8,3kz8_CG_C_DC_8_C_DG_13,True,True,majorgw,11.828,0.102
p53,7,-1,3kz8,3kz8_CG_C_DC_8_C_DG_13,True,True,majorgw,13.633,1.029
p53,7,0,3kz8,3kz8_CG_C_DC_8_C_DG_13,True,True,majorgw,11.140,-0.251
p53,7,1,3kz8,3kz8_CG_C_DC_8_C_DG_13,True,True,majorgw,12.018,0.200
p53,8,-2,3kz8,3kz8_CG_C_DC_9_C_DG_12,True,True,majorgw,13.633,1.029
p53,8,-1,3kz8,3kz8_CG_C_DC_9_C_DG_12,True,True,majorgw,11.140,-0.251
p53,8,0,3kz8,3kz8_CG_C_DC_9_C_DG_12,True,True,majorgw,12.018,0.200
p53,8,1,3kz8,3kz8_CG_C_DC_9_C_DG_12,True,True,majorgw,9.774,-0.952
p53,9,-2,3kz8,3kz8_CG_C_DC_10_C_DG_11,False,True,majorgw,11.140,-0.251
p53,9,-1,3kz8,3kz8_CG_C_DC_10_C_DG_11,False,True,majorgw,12.018,0.200
p53,9,0,3kz8,3kz8_CG_C_DC_10_C_DG_11,False,True,majorgw,9.774,-0.952
p53,9,1,3kz8,3kz8_CG_C_DC_10_C_DG_11,False,True,majorgw,12.018,0.200
p53,10,-2,3kz8,3kz8_GC_C_DG_11_C_DC_10,False,True,majorgw,12.018,0.200
p53,10,-1,3kz8,3kz8_GC_C_DG_11_C_DC_10,False,True,majorgw,9.774,-0.952
p53,10,0,3kz8,3kz8_GC_C_DG_11_C_DC_10,False,True,majorgw,12.018,0.200
p53,10,1,3kz8,3kz8_GC_C_DG_11_C_DC_10,False,True,majorgw,11.138,-0.252
p53,11,-2,3kz8,3kz8_GC_C_DG_12_C_DC_9,True,True,majorgw,9.774,-0.952
p53,11,-1,3kz8,3kz8_GC_C_DG_12_C_DC_9,True,True,majorgw,12.018,0.200
p53,11,0,3kz8,3kz8_GC_C_DG_12_C_DC_9,True,True,majorgw,11.138,-0.252
p53,11,1,3kz8,3kz8_GC_C_DG_12_C_DC_9,True,True,majorgw,13.632,1.028
p53,12,-2,3kz8,3kz8_GC_C_DG_13_C_DC_8,True,True,majorgw,12.018,0.200
p53,12,-1,3kz8,3kz8_GC_C_DG_13_C_DC_8,True,True,majorgw,11.138,-0.252
p53,12,0,3kz8,3kz8_GC_C_DG_13_C_DC_8,True,True,majorgw,13.632,1.028
p53,12,1,3kz8,3kz8_GC_C_DG_13_C_DC_8,True,True,majorgw,11.828,0.102
p53,13,-2,3kz8,3kz8_CG_C_DC_14_C_DG_7,True,True,majorgw,11.138,-0.252
p53,13,-1,3kz8,3kz8_CG_C_DC_14_C_DG_7,True,True,majorgw,13.632,1.028
p53,13,0,3kz8,3kz8_CG_C_DC_14_C_DG_7,True,True,majorgw,11.828,0.102
p53,13,1,3kz8,3kz8_CG_C_DC_14_C_DG_7,True,True,majorgw,7.355,-2.194
p53,14,-2,3kz8,3kz8_AT_C_DA_15_C_DT_6,False,True,majorgw,13.632,1.028
p53,14,-1,3kz8,3kz8_AT_C_DA_15_C_DT_6,False,True,majorgw,11.828,0.102
p53,14,0,3kz8,3kz8_AT_C_DA_15_C_DT_6,False,True,majorgw,7.355,-2.194
p53,14,1,3kz8,3kz8_AT_C_DA_15_C_DT_6,False,True,majorgw,11.815,0.095
p53,15,-2,3kz8,3kz8_TA_C_DT_16_C_DA_5,False,True,majorgw,11.828,0.102
p53,15,-1,3kz8,3kz8_TA_C_DT_16_C_DA_5,False,True,majorgw,7.355,-2.194
p53,15,0,3kz8,3kz8_TA_C_DT_16_C_DA_5,False,True,majorgw,11.815,0.095
p53,15,1,3kz8,3kz8_TA_C_DT_16_C_DA_5,False,True,majorgw,13.640,1.032
p53,16,-2,3kz8,3kz8_GC_C_DG_17_C_DC_4,True,True,majorgw,7.355,-2.194
p53,16,-1,3kz8,3kz8_GC_C_DG_17_C_DC_4,True,True,majorgw,11.815,0.095
p53,16,0,3kz8,3kz8_GC_C_DG_17_C_DC_4,True,True,majorgw,13.640,1.032
p53,16,1,3kz8,3kz8_GC_C_DG_17_C_DC_4,True,True,majorgw,11.089,-0.277
p53,17,-2,3kz8,3kz8_CG_C_DC_18_C_DG_3,True,True,majorgw,11.815,0.095
p53,17,-1,3kz8,3kz8_CG_C_DC_18_C_DG_3,True,True,majorgw,13.640,1.032
p53,17,0,3kz8,3kz8_CG_C_DC_18_C_DG_3,True,True,majorgw,11.089,-0.277
p53,18,-2,3kz8,3kz8_CG_C_DC_19_C_DG_2,True,True,majorgw,13.640,1.032
p53,18,-1,3kz8,3kz8_CG_C_DC_19_C_DG_2,True,True,majorgw,11.089,-0.277
CTCF,1,1,5t00,5t00_AT_B_DA_2_C_DT_16,False,True,majorgw,11.163,-0.239
CTCF,2,0,5t00,5t00_GC_B_DG_3_C_DC_15,False,True,majorgw,11.163,-0.239
CTCF,2,1,5t00,5t00_GC_B_DG_3_C_DC_15,False,True,majorgw,14.980,1.720
CTCF,3,-1,5t00,5t00_cG_B_5CM_4_C_DG_14,True,True,majorgw,11.163,-0.239
CTCF,3,0,5t00,5t00_cG_B_5CM_4_C_DG_14,True,True,majorgw,14.980,1.720
CTCF,3,1,5t00,5t00_cG_B_5CM_4_C_DG_14,True,True,majorgw,12.123,0.254
CTCF,4,-2,5t00,5t00_Gc_B_DG_5_C_5CM_13,True,True,majorgw,11.163,-0.239
CTCF,4,-1,5t00,5t00_Gc_B_DG_5_C_5CM_13,True,True,majorgw,14.980,1.720
CTCF,4,0,5t00,5t00_Gc_B_DG_5_C_5CM_13,True,True,majorgw,12.123,0.254
CTCF,4,1,5t00,5t00_Gc_B_DG_5_C_5CM_13,True,True,majorgw,13.608,1.016
CTCF,5,-2,5t00,5t00_CG_B_DC_6_C_DG_12,True,True,majorgw,14.980,1.720
CTCF,5,-1,5t00,5t00_CG_B_DC_6_C_DG_12,True,True,majorgw,12.123,0.254
CTCF,5,0,5t00,5t00_CG_B_DC_6_C_DG_12,True,True,majorgw,13.608,1.016
CTCF,5,1,5t00,5t00_CG_B_DC_6_C_DG_12,True,True,majorgw,13.701,1.064
CTCF,6,-2,5t00,5t00_CG_B_DC_7_C_DG_11,True,True,majorgw,12.123,0.254
CTCF,6,-1,5t00,5t00_CG_B_DC_7_C_DG_11,True,True,majorgw,13.608,1.016
CTCF,6,0,5t00,5t00_CG_B_DC_7_C_DG_11,True,True,majorgw,13.701,1.064
CTCF,6,1,5t00,5t00_CG_B_DC_7_C_DG_11,True,True,majorgw,13.525,0.973
CTCF,7,-2,5t00,5t00_CG_B_DC_8_C_DG_10,True,True,majorgw,13.608,1.016
CTCF,7,-1,5t00,5t00_CG_B_DC_8_C_DG_10,True,True,majorgw,13.701,1.064
CTCF,7,0,5t00,5t00_CG_B_DC_8_C_DG_10,True,True,majorgw,13.525,0.973
CTCF,7,1,5t00,5t00_CG_B_DC_8_C_DG_10,True,True,majorgw,10.936,-0.356
RelA,2,-1,5u01,5u01_CG_E_DC_203_F_DG_224,False,True,majorgw,12.766,0.584
RelA,2,0,5u01,5u01_CG_E_DC_203_F_DG_224,False,True,majorgw,13.908,1.170
RelA,2,1,5u01,5u01_CG_E_DC_203_F_DG_224,False,True,majorgw,13.158,0.785
RelA,3,-2,5u01,5u01_GC_E_DG_204_F_DC_223,True,True,majorgw,12.766,0.584
RelA,3,-1,5u01,5u01_GC_E_DG_204_F_DC_223,True,True,majorgw,13.908,1.170
RelA,3,0,5u01,5u01_GC_E_DG_204_F_DC_223,True,True,majorgw,13.158,0.785
RelA,3,1,5u01,5u01_GC_E_DG_204_F_DC_223,True,True,majorgw,14.045,1.240
RelA,4,-2,5u01,5u01_GC_E_DG_205_F_DC_222,True,True,majorgw,13.908,1.170
RelA,4,-1,5u01,5u01_GC_E_DG_205_F_DC_222,True,True,majorgw,13.158,0.785
RelA,4,0,5u01,5u01_GC_E_DG_205_F_DC_222,True,True,majorgw,14.045,1.240
RelA,4,1,5u01,5u01_GC_E_DG_205_F_DC_222,True,True,majorgw,11.384,-0.126
RelA,5,-2,5u01,5u01_AT_E_DA_206_F_DT_221,True,True,majorgw,13.158,0.785
RelA,5,-1,5u01,5u01_AT_E_DA_206_F_DT_221,True,True,majorgw,14.045,1.240
RelA,5,0,5u01,5u01_AT_E_DA_206_F_DT_221,True,True,majorgw,11.384,-0.126
RelA,5,1,5u01,5u01_AT_E_DA_206_F_DT_221,True,True,majorgw,9.485,-1.101
RelA,6,-2,5u01,5u01_AT_E_DA_207_F_DT_220,False,True,majorgw,14.045,1.240
RelA,6,-1,5u01,5u01_AT_E_DA_207_F_DT_220,False,True,majorgw,11.384,-0.126
RelA,6,0,5u01,5u01_AT_E_DA_207_F_DT_220,False,True,majorgw,9.485,-1.101
RelA,6,1,5u01,5u01_AT_E_DA_207_F_DT_220,False,True,majorgw,11.350,-0.143
RelA,7,-2,5u01,5u01_AT_E_DA_208_F_DT_219,False,False,majorgw,11.384,-0.126
RelA,7,-1,5u01,5u01_AT_E_DA_208_F_DT_219,False,False,majorgw,9.485,-1.101
RelA,7,0,5u01,5u01_AT_E_DA_208_F_DT_219,False,False,majorgw,11.350,-0.143
RelA,7,1,5u01,5u01_AT_E_DA_208_F_DT_219,False,False,majorgw,12.596,0.496
RelA,8,-2,5u01,5u01_TA_E_DT_209_F_DA_218,False,False,majorgw,9.485,-1.101
RelA,8,-1,5u01,5u01_TA_E_DT_209_F_DA_218,False,False,majorgw,11.350,-0.143
RelA,8,0,5u01,5u01_TA_E_DT_209_F_DA_218,False,False,majorgw,12.596,0.496
RelA,8,1,5u01,5u01_TA_E_DT_209_F_DA_218,False,False,majorgw,15.906,2.196
RelA,9,-2,5u01,5u01_TA_E_DT_210_F_DA_217,False,True,majorgw,11.350,-0.143
RelA,9,-1,5u01,5u01_TA_E_DT_210_F_DA_217,False,True,majorgw,12.596,0.496
RelA,9,0,5u01,5u01_TA_E_DT_210_F_DA_217,False,True,majorgw,15.906,2.196
RelA,9,1,5u01,5u01_TA_E_DT_210_F_DA_217,False,True,majorgw,12.964,0.685
RelA,10,-2,5u01,5u01_CG_E_DC_211_F_DG_216,True,True,majorgw,12.596,0.496
RelA,10,-1,5u01,5u01_CG_E_DC_211_F_DG_216,True,True,majorgw,15.906,2.196
RelA,10,0,5u01,5u01_CG_E_DC_211_F_DG_216,True,True,majorgw,12.964,0.685
RelA,10,1,5u01,5u01_CG_E_DC_211_F_DG_216,True,True,majorgw,11.236,-0.202
RelA,11,-2,5u01,5u01_CG_E_DC_212_F_DG_215,True,True,majorgw,15.906,2.196
RelA,11,-1,5u01,5u01_CG_E_DC_212_F_DG_215,True,True,majorgw,12.964,0.685
RelA,11,0,5u01,5u01_CG_E_DC_212_F_DG_215,True,True,majorgw,11.236,-0.202
RelA,11,1,5u01,5u01_CG_E_DC_212_F_DG_215,True,True,majorgw,10.975,-0.336
RelA,12,-2,5u01,5u01_CG_E_DC_213_F_DG_214,True,True,majorgw,12.964,0.685
RelA,12,-1,5u01,5u01_CG_E_DC_213_F_DG_214,True,True,majorgw,11.236,-0.202
RelA,12,0,5u01,5u01_CG_E_DC_213_F_DG_214,True,True,majorgw,10.975,-0.336
RelA,12,1,5u01,5u01_CG_E_DC_213_F_DG_214,True,True,majorgw,11.217,-0.211
RelA,13,-2,5u01,5u01_GC_E_DG_214_F_DC_213,True,True,majorgw,11.236,-0.202
RelA,13,-1,5u01,5u01_GC_E_DG_214_F_DC_213,True,True,majorgw,10.975,-0.336
RelA,13,0,5u01,5u01_GC_E_DG_214_F_DC_213,True,True,majorgw,11.217,-0.211
RelA,13,1,5u01,5u01_GC_E_DG_214_F_DC_213,True,True,majorgw,13.351,0.884
RelA,14,-2,5u01,5u01_GC_E_DG_215_F_DC_212,True,True,majorgw,10.975,-0.336
RelA,14,-1,5u01,5u01_GC_E_DG_215_F_DC_212,True,True,majorgw,11.217,-0.211
RelA,14,0,5u01,5u01_GC_E_DG_215_F_DC_212,True,True,majorgw,13.351,0.884
RelA,14,1,5u01,5u01_GC_E_DG_215_F_DC_212,True,True,majorgw,15.468,1.971
RelA,15,-2,5u01,5u01_GC_E_DG_216_F_DC_211,True,True,majorgw,11.217,-0.211
RelA,15,-1,5u01,5u01_GC_E_DG_216_F_DC_211,True,True,majorgw,13.351,0.884
RelA,15,0,5u01,5u01_GC_E_DG_216_F_DC_211,True,True,majorgw,15.468,1.971
RelA,15,1,5u01,5u01_GC_E_DG_216_F_DC_211,True,True,majorgw,12.843,0.623
RelA,16,-2,5u01,5u01_AT_E_DA_217_F_DT_210,False,True,majorgw,13.351,0.884
RelA,16,-1,5u01,5u01_AT_E_DA_217_F_DT_210,False,True,majorgw,15.468,1.971
RelA,16,0,5u01,5u01_AT_E_DA_217_F_DT_210,False,True,majorgw,12.843,0.623
RelA,16,1,5u01,5u01_AT_E_DA_217_F_DT_210,False,True,majorgw,10.932,-0.358
RelA,17,-2,5u01,5u01_AT_E_DA_218_F_DT_209,False,True,majorgw,15.468,1.971
RelA,17,-1,5u01,5u01_AT_E_DA_218_F_DT_209,False,True,majorgw,12.843,0.623
RelA,17,0,5u01,5u01_AT_E_DA_218_F_DT_209,False,True,majorgw,10.932,-0.358
RelA,17,1,5u01,5u01_AT_E_DA_218_F_DT_209,False,True,majorgw,10.629,-0.513
RelA,18,-2,5u01,5u01_TA_E_DT_219_F_DA_208,False,False,majorgw,12.843,0.623
RelA,18,-1,5u01,5u01_TA_E_DT_219_F_DA_208,False,False,majorgw,10.932,-0.358
RelA,18,0,5u01,5u01_TA_E_DT_219_F_DA_208,False,False,majorgw,10.629,-0.513
RelA,18,1,5u01,5u01_TA_E_DT_219_F_DA_208,False,False,majorgw,11.699,0.036
RelA,19,-2,5u01,5u01_TA_E_DT_220_F_DA_207,False,True,majorgw,10.932,-0.358
RelA,19,-1,5u01,5u01_TA_E_DT_220_F_DA_207,False,True,majorgw,10.629,-0.513
RelA,19,0,5u01,5u01_TA_E_DT_220_F_DA_207,False,True,majorgw,11.699,0.036
RelA,19,1,5u01,5u01_TA_E_DT_220_F_DA_207,False,True,majorgw,14.545,1.497
RelA,20,-2,5u01,5u01_TA_E_DT_221_F_DA_206,True,True,majorgw,10.629,-0.513
RelA,20,-1,5u01,5u01_TA_E_DT_221_F_DA_206,True,True,majorgw,11.699,0.036
RelA,20,0,5u01,5u01_TA_E_DT_221_F_DA_206,True,True,majorgw,14.545,1.497
RelA,20,1,5u01,5u01_TA_E_DT_221_F_DA_206,True,True,majorgw,12.806,0.604
RelA,21,-2,5u01,5u01_CG_E_DC_222_F_DG_205,True,True,majorgw,11.699,0.036
RelA,21,-1,5u01,5u01_CG_E_DC_222_F_DG_205,True,True,majorgw,14.545,1.497
RelA,21,0,5u01,5u01_CG_E_DC_222_F_DG_205,True,True,majorgw,12.806,0.604
RelA,21,1,5u01,5u01_CG_E_DC_222_F_DG_205,True,True,majorgw,14.096,1.266
RelA,22,-2,5u01,5u01_CG_E_DC_223_F_DG_204,True,True,majorgw,14.545,1.497
RelA,22,-1,5u01,5u01_CG_E_DC_223_F_DG_204,True,True,majorgw,12.806,0.604
RelA,22,0,5u01,5u01_CG_E_DC_223_F_DG_204,True,True,majorgw,14.096,1.266
RelA,22,1,5u01,5u01_CG_E_DC_223_F_DG_204,True,True,majorgw,13.228,0.821
RelA,23,-2,5u01,5u01_GC_E_DG_224_F_DC_203,True,True,majorgw,12.806,0.604
RelA,23,-1,5u01,5u01_GC_E_DG_224_F_DC_203,True,True,majorgw,14.096,1.266
RelA,23,0,5u01,5u01_GC_E_DG_224_F_DC_203,True,True,majorgw,13.228,0.821
Creb,6,-2,5zk1,5zk1_TA_B_DT_-4_B_DA_4,False,True,majorgw,12.230,0.309
Creb,6,-1,5zk1,5zk1_TA_B_DT_-4_B_DA_4,False,True,majorgw,11.345,-0.146
Creb,6,0,5zk1,5zk1_TA_B_DT_-4_B_DA_4,False,True,majorgw,12.875,0.640
Creb,6,1,5zk1,5zk1_TA_B_DT_-4_B_DA_4,False,True,majorgw,10.739,-0.457
Creb,7,-2,5zk1,5zk1_GC_B_DG_-3_B_DC_3,False,True,majorgw,11.345,-0.146
Creb,7,-1,5zk1,5zk1_GC_B_DG_-3_B_DC_3,False,True,majorgw,12.875,0.640
Creb,7,0,5zk1,5zk1_GC_B_DG_-3_B_DC_3,False,True,majorgw,10.739,-0.457
Creb,7,1,5zk1,5zk1_GC_B_DG_-3_B_DC_3,False,True,majorgw,10.592,-0.532
Creb,8,-2,5zk1,5zk1_AT_B_DA_-2_B_DT_2,False,False,majorgw,12.875,0.640
Creb,8,-1,5zk1,5zk1_AT_B_DA_-2_B_DT_2,False,False,majorgw,10.739,-0.457
Creb,8,0,5zk1,5zk1_AT_B_DA_-2_B_DT_2,False,False,majorgw,10.592,-0.532
Creb,8,1,5zk1,5zk1_AT_B_DA_-2_B_DT_2,False,False,majorgw,13.566,0.994
Creb,9,-2,5zk1,5zk1_CG_B_DC_-1_B_DG_1,False,True,majorgw,10.739,-0.457
Creb,9,-1,5zk1,5zk1_CG_B_DC_-1_B_DG_1,False,True,majorgw,10.592,-0.532
Creb,9,0,5zk1,5zk1_CG_B_DC_-1_B_DG_1,False,True,majorgw,13.566,0.994
Creb,9,1,5zk1,5zk1_CG_B_DC_-1_B_DG_1,False,True,majorgw,10.591,-0.533
Creb,10,-2,5zk1,5zk1_GC_B_DG_1_B_DC_-1,False,True,majorgw,10.592,-0.532
Creb,10,-1,5zk1,5zk1_GC_B_DG_1_B_DC_-1,False,True,majorgw,13.566,0.994
Creb,10,0,5zk1,5zk1_GC_B_DG_1_B_DC_-1,False,True,majorgw,10.591,-0.533
Creb,10,1,5zk1,5zk1_GC_B_DG_1_B_DC_-1,False,True,majorgw,10.740,-0.456
Creb,11,-2,5zk1,5zk1_TA_B_DT_2_B_DA_-2,False,False,majorgw,13.566,0.994
Creb,11,-1,5zk1,5zk1_TA_B_DT_2_B_DA_-2,False,False,majorgw,10.591,-0.533
Creb,11,0,5zk1,5zk1_TA_B_DT_2_B_DA_-2,False,False,majorgw,10.740,-0.456
Creb,11,1,5zk1,5zk1_TA_B_DT_2_B_DA_-2,False,False,majorgw,12.875,0.640
Creb,12,-2,5zk1,5zk1_CG_B_DC_3_B_DG_-3,False,True,majorgw,10.591,-0.533
Creb,12,-1,5zk1,5zk1_CG_B_DC_3_B_DG_-3,False,True,majorgw,10.740,-0.456
Creb,12,0,5zk1,5zk1_CG_B_DC_3_B_DG_-3,False,True,majorgw,12.875,0.640
Creb,12,1,5zk1,5zk1_CG_B_DC_3_B_DG_-3,False,True,majorgw,11.345,-0.146
Creb,13,-2,5zk1,5zk1_AT_B_DA_4_B_DT_-4,False,True,majorgw,10.740,-0.456
Creb,13,-1,5zk1,5zk1_AT_B_DA_4_B_DT_-4,False,True,majorgw,12.875,0.640
Creb,13,0,5zk1,5zk1_AT_B_DA_4_B_DT_-4,False,True,majorgw,11.345,-0.146
Creb,13,1,5zk1,5zk1_AT_B_DA_4_B_DT_-4,False,True,majorgw,12.230,0.309
