tf,sequence_star,strand1,strand2,resi,pdbid,pairid,isHbond,isVdw,param,value,mismatch
Max-Max,TAGATCA*CGTGAATG,TAGATCGCGTGAATG,ATCTAGTGCACTTAC,9,1an2,1an2_AT_B_DA_10_B_DT_13,False,True,shear,-0.633,GT
Runx1,TCTTATGT*GGTTTTTG,TCTTATGCGGTTTTTG,AGAATACACCAAAAAC,17,1hjb,1hjb_TA_G_DT_19_H_DA_9,False,True,shear,-0.466,AC
Runx1,TCTTATGT*GGTTTTTG,TCTTATGAGGTTTTTG,AGAATACACCAAAAAC,17,1hjb,1hjb_TA_G_DT_19_H_DA_9,False,True,shear,-0.466,AA
CTCF,GCAG*CGCCCTCTACTGGCAGC,GCACCGCCCTCTACTGGCAGC,CGTCGCGGGAGATGACCGTCG,2,5t00,5t00_GC_B_DG_3_C_DC_15,False,True,shear,-0.455,CC
CTCF,GCAGCGC*CCTCTACTGGCAGC,GCAGCGTCCTCTACTGGCAGC,CGTCGCGGGAGATGACCGTCG,5,5t00,5t00_CG_B_DC_6_C_DG_12,True,True,shear,-0.645,GT
Creb,CCGGTG*ACGTAAACG,CCGGTCACGTAAACG,GGCCACTGCATTTGC,7,5zk1,5zk1_GC_B_DG_-3_B_DC_3,False,True,shear,-1.040,CC
Runx1,TCTTATGT*GGTTTTTG,TCTTATGCGGTTTTTG,AGAATACACCAAAAAC,17,1hjb,1hjb_TA_G_DT_19_H_DA_9,False,True,stretch,-0.429,AC
Ets1,CCTGTTC*CGGTAT,CCTGTTACGGTAT,GGACAAGGCCATA,7,1k79,1k79_GC_B_DG_9_C_DC_8,True,True,stretch,0.163,GA
GR,CAGA*ACATGATGTTCTCA,CAGTACATGATGTTCTCA,GTCTTGTACTACAAGAGT,3,1r4r,1r4r_AT_C_DA_5_D_DT_16,False,False,stretch,-0.415,TT
GR,CAGA*ACATGATGTTCTCA,CAGGACATGATGTTCTCA,GTCTTGTACTACAAGAGT,3,1r4r,1r4r_AT_C_DA_5_D_DT_16,False,False,stretch,-0.415,GT
Creb,CCGGTG*ACGTAAACG,CCGGTCACGTAAACG,GGCCACTGCATTTGC,7,5zk1,5zk1_GC_B_DG_-3_B_DC_3,False,True,stretch,-0.359,CC
GR,CAGA*ACATGATGTTCTCA,CAGTACATGATGTTCTCA,GTCTTGTACTACAAGAGT,3,1r4r,1r4r_AT_C_DA_5_D_DT_16,False,False,propeller,-20.684,TT
TBP,ACTATA*AAAAGTTC,ACTATTAAAAGTTC,TGATATTTTTCAAG,5,1qne,1qne_AT_C_DA_206_D_DT_223,True,True,opening,5.444,TT
TBP,ACTATAAAAA*GTTC,ACTATAAAATGTTC,TGATATTTTTCAAG,8,1qne,1qne_AT_C_DA_209_D_DT_220,False,True,opening,8.646,TT
GR,CAGAACATGATGTT*CTCA,CAGAACATGATGTGCTCA,GTCTTGTACTACAAGAGT,13,1r4r,1r4r_TA_C_DT_15_D_DA_6,False,False,opening,-5.922,GA
RelA,CCTGGGGAATTTCCG*GGA,CCTGGGGAATTTCCAGGA,GGACCCCTTAAAGGCCCT,23,5u01,5u01_GC_E_DG_224_F_DC_203,True,True,opening,-9.654,AC
Ets1,CCTGTTCC*GGTAT,CCTGTTCGGGTAT,GGACAAGGCCATA,6,1k79,1k79_GC_B_DG_8_C_DC_9,True,True,c1c1_dist,10.953,GG*syn
Ets1,CCTGTTCC*GGTAT,CCTGTTCGGGTAT,GGACAAGGCCATA,6,1k79,1k79_GC_B_DG_8_C_DC_9,True,True,c1c1_dist,10.953,G*Gsyn
Ets1,CCTGTTC*CGGTAT,CCTGTTACGGTAT,GGACAAGGCCATA,7,1k79,1k79_GC_B_DG_9_C_DC_8,True,True,c1c1_dist,11.071,GA
Ets1,CCTGTTC*CGGTAT,CCTGTTACGGTAT,GGACAAGGCCATA,7,1k79,1k79_GC_B_DG_9_C_DC_8,True,True,c1c1_dist,11.071,GA*syn
TBP,ACTATA*AAAAGTTC,ACTATTAAAAGTTC,TGATATTTTTCAAG,5,1qne,1qne_AT_C_DA_206_D_DT_223,True,True,c1c1_dist,10.266,TT
TBP,ACTATAAAAA*GTTC,ACTATAAAATGTTC,TGATATTTTTCAAG,8,1qne,1qne_AT_C_DA_209_D_DT_220,False,True,c1c1_dist,9.652,TT
TBP,ACTATAAAAAG*TTC,ACTATAAAAACTTC,TGATATTTTTCAAG,9,1qne,1qne_GC_C_DG_210_D_DC_219,False,True,c1c1_dist,10.362,CC
TBP,ACTATAAAAAG*TTC,ACTATAAAAATTTC,TGATATTTTTCAAG,9,1qne,1qne_GC_C_DG_210_D_DC_219,False,True,c1c1_dist,10.362,CT
p53,AGACA*TGCCCGGGCATGCCTC,AGACTTGCCCGGGCATGCCTC,TCTGTACGGGCCCGTACGGAG,4,3kz8,3kz8_AT_C_DA_5_C_DT_16,False,True,c1c1_dist,8.246,TT
p53,AGACA*TGCCCGGGCATGCCTC,AGACCTGCCCGGGCATGCCTC,TCTGTACGGGCCCGTACGGAG,4,3kz8,3kz8_AT_C_DA_5_C_DT_16,False,True,c1c1_dist,8.246,CT
p53,AGACATGCCCGGGCA*TGCCTC,AGACATGCCCGGGCTTGCCTC,TCTGTACGGGCCCGTACGGAG,14,3kz8,3kz8_AT_C_DA_15_C_DT_6,False,True,c1c1_dist,8.265,TT
p53,AGACATGCCCGGGCA*TGCCTC,AGACATGCCCGGGCCTGCCTC,TCTGTACGGGCCCGTACGGAG,14,3kz8,3kz8_AT_C_DA_15_C_DT_6,False,True,c1c1_dist,8.265,CT
RelA,CCTGGGGAATTTCCG*GGA,CCTGGGGAATTTCCAGGA,GGACCCCTTAAAGGCCCT,23,5u01,5u01_GC_E_DG_224_F_DC_203,True,True,c1c1_dist,10.925,AC
