tf,sequence_star,resi,pdbid,pairid,isHbond,isVdw
Max-Max,TAGATCA*CGTGAATG,9,1an2,1an2_AT_B_DA_10_B_DT_13,False,True
Max-Max,TAGATCA*CGTGAATG,12,1an2,1an2_TA_B_DT_13_B_DA_10,False,True
Elk1,CCCTGTTCCG*GTAT,4,1dux,1dux_CG_A_DC_5_B_DG_9,False,True
Elk1,CCCTGTTC*CGGTAT,6,1dux,1dux_GC_A_DG_7_B_DC_7,True,True
Runx1,TCTTATGT*GGTTTTTG,17,1hjb,1hjb_TA_G_DT_19_H_DA_9,False,True
Ets1,CCTGTTCCG*GTAT,5,1k79,1k79_CG_B_DC_7_C_DG_10,False,True
Ets1,CCTGTTCC*GGTAT,6,1k79,1k79_GC_B_DG_8_C_DC_9,True,True
Ets1,CCTGTTC*CGGTAT,7,1k79,1k79_GC_B_DG_9_C_DC_8,True,True
Max-Myc,TGCCACCTGGTGGCCA*CGTGCC,7,1nkp,1nkp_AT_F_DA_109_G_DT_312,True,True
Max-Myc,TGCCACCTGGTGGCCA*CGTGCC,10,1nkp,1nkp_TA_F_DT_112_G_DA_309,True,True
Egr1,GTG*GCGTGGGCGATA,1,1p47,1p47_GC_C_DG_3_D_DC_62,False,True
Egr1,GTGGCGTGGGC*GATA,9,1p47,1p47_CG_C_DC_11_D_DG_54,False,True
TBP,ACTATA*AAAAGTTC,5,1qne,1qne_AT_C_DA_206_D_DT_223,True,True
TBP,ACTATAAAAA*GTTC,8,1qne,1qne_AT_C_DA_209_D_DT_220,False,True
TBP,ACTATAAAAAG*TTC,9,1qne,1qne_GC_C_DG_210_D_DC_219,False,True
GR,CAGA*ACATGATGTTCTCA,3,1r4r,1r4r_AT_C_DA_5_D_DT_16,False,False
GR,CAGAACATGATGTT*CTCA,13,1r4r,1r4r_TA_C_DT_15_D_DA_6,False,False
p53,AGACA*TGCCCGGGCATGCCTC,4,3kz8,3kz8_AT_C_DA_5_C_DT_16,False,True
p53,AGACAT*GCCCGGGCATGCCTC,5,3kz8,3kz8_TA_C_DT_6_C_DA_15,False,True
p53,AGACATGCCCGGGCA*TGCCTC,14,3kz8,3kz8_AT_C_DA_15_C_DT_6,False,True
p53,AGACATGCCCGGGCAT*GCCTC,15,3kz8,3kz8_TA_C_DT_16_C_DA_5,False,True
CTCF,GCAG*CGCCCTCTACTGGCAGC,2,5t00,5t00_GC_B_DG_3_C_DC_15,False,True
CTCF,GCAGCGC*CCTCTACTGGCAGC,5,5t00,5t00_CG_B_DC_6_C_DG_12,True,True
CTCF,GCAGCGCC*CTCTACTGGCAGC,6,5t00,5t00_CG_B_DC_7_C_DG_11,True,True
RelA,CCTGGGGAATTTCCG*GGA,2,5u01,5u01_CG_E_DC_203_F_DG_224,False,True
RelA,CCTGGGGAATTTCC*GGGA,3,5u01,5u01_GC_E_DG_204_F_DC_223,True,True
RelA,CCTGGGGAATTTCC*GGGA,22,5u01,5u01_CG_E_DC_223_F_DG_204,True,True
RelA,CCTGGGGAATTTCCG*GGA,23,5u01,5u01_GC_E_DG_224_F_DC_203,True,True
Creb,CCGGTG*ACGTAAACG,7,5zk1,5zk1_GC_B_DG_-3_B_DC_3,False,True
Creb,CCGGTG*ACGTAAACG,12,5zk1,5zk1_CG_B_DC_3_B_DG_-3,False,True
