tf_name,tf,seq_type,core,strand1,strand2,position,sim_type,mismatch,mm_id,binding,pos1_avg,pos1_std,pos2_avg,pos2_std,pos3_avg,pos3_std
p53,p53-1,specific,AGACA*TGCCCGGGCATGCCT,5'-AGACATGCCCGGGCATGCCT-3',3'-TCTGTACGGGCCCGTACGGA-5',5,bound,A*-T,HG,,16.77,4.60,19.46,4.08,18.50,3.53
p53,p53-1,specific,AGACA*TGCCCGGGCATGCCT,5'-AGACATGCCCGGGCATGCCT-3',3'-TCTGTACGGGCCCGTACGGA-5',5,free,A-T,WC,,21.71,8.25,23.63,8.17,28.23,8.43
p53,p53-1,specific,AGACA*TGCCCGGGCATGCCT,5'-AGACCTGCCCGGGCATGCCT-3',3'-TCTGTACGGGCCCGTACGGA-5',5,free,C-T,CT,+,17.47,7.51,21.03,8.11,23.70,8.56
p53,p53-1,specific,AGACA*TGCCCGGGCATGCCT,5'-AGACTTGCCCGGGCATGCCT-3',3'-TCTGTACGGGCCCGTACGGA-5',5,free,T-T,TT,+,19.38,8.10,25.76,8.84,30.18,9.38
p53,p53-1,specific,AGACA*TGCCCGGGCATGCCT,5'-AGACGTGCCCGGGCATGCCT-3',3'-TCTGTACGGGCCCGTACGGA-5',5,free,G-T,GT,-,23.37,8.46,28.32,8.89,31.10,8.86
ets1,ets1-5,specific,ATACCGG*AACAGG,5'-ATACCGGAACAGG-3',3'-TATGGCCTTGTCC-5',7,bound,G-C,GC,,27.33,6.29,26.78,8.40,21.67,6.22
ets1,ets1-5,specific,ATACCGG*AACAGG,5'-ATACCGGAACAGG-3',3'-TATGGCCTTGTCC-5',7,free,G-C,GC,,22.96,9.63,20.97,9.26,17.47,8.71
ets1,ets1-5,specific,ATACCGG*AACAGG,5'-ATACCGGAACAGG-3',3'-TATGGCATTGTCC-5',7,free,G-A,GA2,+,24.13,8.44,21.49,8.49,18.37,8.20
ets1,ets1-5,specific,ATACCGG*AACAGG,5'-ATACCGGAACAGG-3',3'-TATGGCATTGTCC-5',7,free,G-A*,GA1,+,19.75,9.11,18.14,9.01,16.04,8.43
ets1,ets1-5,specific,ATACCGG*AACAGG,5'-ATACCGGAACAGG-3',3'-TATGGCTTTGTCC-5',7,free,G-T,GT,+,23.63,9.01,22.25,8.59,19.25,8.29
ets1,ets1-5,specific,ATACCGG*AACAGG,5'-ATACCGGAACAGG-3',3'-TATGGCGTTGTCC-5',7,free,G*-G,GG1,-,29.08,9.58,29.55,9.81,25.63,9.79
ets1,ets1-5,specific,ATACCGG*AACAGG,5'-ATACCGGAACAGG-3',3'-TATGGCGTTGTCC-5',7,free,G-G*,GG2,-,22.87,8.97,21.31,9.29,18.48,8.98
ets1,ets1-2,non-specific,GAGGGGT*AAGCGG,5'-GAGGGGTAAGCGG-3',3'-CTCCCCATTCGCC-5',7,bound,T-A,AT,,23.44,5.68,25.82,4.62,21.84,5.31
ets1,ets1-2,non-specific,GAGGGGT*AAGCGG,5'-GAGGGGTAAGCGG-3',3'-CTCCCCATTCGCC-5',7,free,T-A,AT,,25.46,9.61,24.11,9.96,22.82,9.37
ets1,ets1-2,non-specific,GAGGGGT*AAGCGG,5'-GAGGGGGAAGCGG-3',3'-CTCCCCATTCGCC-5',7,free,G-A,GA2,+,24.30,8.19,21.88,8.18,19.93,7.95
ets1,ets1-2,non-specific,GAGGGGT*AAGCGG,5'-GAGGGGGAAGCGG-3',3'-CTCCCCATTCGCC-5',7,free,G-A*,GA1,+,23.31,8.61,21.31,8.60,19.53,8.33
elk1,elk1,specific,ATACCGG*AACAGGG,5'-ATACCGGAACAGGG-3',3'-TATGGCCTTGTCCC-5',7,bound,G-C,GC,,20.90,5.97,25.83,4.53,22.23,4.33
elk1,elk1,specific,ATACCGG*AACAGGG,5'-ATACCGGAACAGGG-3',3'-TATGGCCTTGTCCC-5',7,free,G-C,GC,,22.45,9.18,20.86,8.96,18.15,8.82
elk1,elk1,specific,ATACCGG*AACAGGG,5'-ATACCGGAACAGGG-3',3'-TATGGCATTGTCCC-5',7,free,G-A,GA2,+,22.85,8.44,21.02,8.49,18.84,8.00
elk1,elk1,specific,ATACCGG*AACAGGG,5'-ATACCGGAACAGGG-3',3'-TATGGCATTGTCCC-5',7,free,G-A*,GA1,+,19.86,8.78,17.09,8.57,15.40,8.17
elk1,elk1,specific,ATACCGG*AACAGGG,5'-ATACCGGAACAGGG-3',3'-TATGGCGTTGTCCC-5',7,free,G*-G,GG1,-,27.89,9.36,28.13,9.61,24.48,9.41
elk1,elk1,specific,ATACCGG*AACAGGG,5'-ATACCGGAACAGGG-3',3'-TATGGCGTTGTCCC-5',7,free,G-G*,GG2,-,26.05,9.47,23.57,9.60,19.36,9.22
myc_max,myc_max,specific,CTCTGCCA*CGTGGGTCGT,5'-CTCTGCCACGTGGGTCGT-3',3'-GAGACGGTGCACCCAGCA-5',8,bound,A-T,AT,,12.16,4.25,18.30,2.83,21.30,2.99
myc_max,myc_max,specific,CTCTGCCA*CGTGGGTCGT,5'-CTCTGCCACGTGGGTCGT-3',3'-GAGACGGTGCACCCAGCA-5',8,free,A-T,AT,,24.94,9.13,25.11,9.53,23.88,9.72
myc_max,myc_max,specific,CTCTGCCA*CGTGGGTCGT,5'-CTCTGCCGCGTGGGTCGT-3',3'-GAGACGGTGCACCCAGCA-5',8,free,G-T,GT,+,26.88,8.33,29.85,8.58,29.36,8.90
myc_max,myc_max,specific,CTCTGCCA*CGTGGGTCGT,5'-CTCTGCCCCGTGGGTCGT-3',3'-GAGACGGTGCACCCAGCA-5',8,free,C-T,CT,-,22.66,8.81,22.79,9.49,22.15,9.51
max_max,max_max,specific,GTAGATCA*CGTGAATGAA,5'-GTAGATCACGTGAATGAA-3',3'-CATCTAGTGCACTTACTT-5',8,bound,A-T,AT,,15.65,3.97,25.07,3.73,24.83,4.30
max_max,max_max,specific,GTAGATCA*CGTGAATGAA,5'-GTAGATCACGTGAATGAA-3',3'-CATCTAGTGCACTTACTT-5',8,free,A-T,AT,,21.37,9.47,22.16,9.39,22.15,9.75
max_max,max_max,specific,GTAGATCA*CGTGAATGAA,5'-GTAGATCGCGTGAATGAA-3',3'-CATCTAGTGCACTTACTT-5',8,free,G-T,GT,+,24.19,8.47,27.95,8.54,27.82,8.77
max_max,max_max,specific,GTAGATCA*CGTGAATGAA,5'-GTAGATCCCGTGAATGAA-3',3'-CATCTAGTGCACTTACTT-5',8,free,C-T,CT,-,16.37,7.80,16.17,7.97,17.31,8.25
mad_max,mad_max,specific,GTAGATCA*CGTGAATGAA,5'-GTAGATCACGTGAATGAA-3',3'-CATCTAGTGCACTTACTT-5',8,bound,A-T,AT,,10.39,5.45,19.70,3.72,23.69,3.25
mad_max,mad_max,specific,GTAGATCA*CGTGAATGAA,5'-GTAGATCACGTGAATGAA-3',3'-CATCTAGTGCACTTACTT-5',8,free,A-T,AT,,21.37,9.47,22.16,9.39,22.15,9.75
mad_max,mad_max,specific,GTAGATCA*CGTGAATGAA,5'-GTAGATCGCGTGAATGAA-3',3'-CATCTAGTGCACTTACTT-5',8,free,G-T,GT,+,24.19,8.47,27.95,8.54,27.82,8.77
mad_max,mad_max,specific,GTAGATCA*CGTGAATGAA,5'-GTAGATCCCGTGAATGAA-3',3'-CATCTAGTGCACTTACTT-5',8,free,C-T,CT,-,16.37,7.80,16.17,7.97,17.31,8.25
atf1,atf1,specific,GTGCCAA*CGTCACCTTCT,5'-GTGCCAACGTCACCTTCT-3',3'-CACGGTTGCAGTGGAAGA-5',7,bound,A-T,AT,,22.47,5.40,19.23,6.48,15.78,5.25
atf1,atf1,specific,GTGCCAA*CGTCACCTTCT,5'-GTGCCAACGTCACCTTCT-3',3'-CACGGTTGCAGTGGAAGA-5',7,free,A-T,AT,,20.08,9.40,19.59,9.30,19.36,8.83
atf1,atf1,specific,GTGCCAA*CGTCACCTTCT,5'-GTGCCAGCGTCACCTTCT-3',3'-CACGGTTGCAGTGGAAGA-5',7,free,G-T,GT,+,24.30,9.33,26.19,9.14,26.13,8.69
atf1,atf1,specific,GTGCCAA*CGTCACCTTCT,5'-GTGCCACCGTCACCTTCT-3',3'-CACGGTTGCAGTGGAAGA-5',7,free,C-T,CT,-,22.38,9.23,21.60,9.15,19.89,8.22
runx1,runx1,specific,TCTTA*TGTGGTTTTTG,5'-TCTTATGTGGTTTTTG-3',3'-AGAATACACCAAAAAC-5',5,bound,A-T,AT,,22.59,8.93,15.45,8.69,13.46,6.54
runx1,runx1,specific,TCTTA*TGTGGTTTTTG,5'-TCTTATGTGGTTTTTG-3',3'-AGAATACACCAAAAAC-5',5,free,A-T,AT,,25.42,10.14,24.89,10.11,24.70,10.03
runx1,runx1,specific,TCTTA*TGTGGTTTTTG,5'-TCTTTTGTGGTTTTTG-3',3'-AGAATACACCAAAAAC-5',5,free,T-T,TT,+,20.72,8.65,21.68,8.72,22.65,9.24
runx1,runx1,specific,TCTTA*TGTGGTTTTTG,5'-TCTTCTGTGGTTTTTG-3',3'-AGAATACACCAAAAAC-5',5,free,C-T,CT,+,16.94,8.47,15.20,7.66,17.47,8.39
runx1,runx1,specific,TCTTA*TGTGGTTTTTG,5'-TCTTGTGTGGTTTTTG-3',3'-AGAATACACCAAAAAC-5',5,free,G-T,GT,-,26.23,9.55,26.69,8.86,26.81,8.84
stat3,stat3-1,specific,AAAGTTCCT*GGAATTTC,5'-AAAGTTCCTGGAATTTC-3',3'-TTTCAAGGACCTTAAAG-5',9,bound,T-A,AT,,19.76,3.29,22.83,3.25,21.26,2.84
stat3,stat3-1,specific,AAAGTTCCT*GGAATTTC,5'-AAAGTTCCTGGAATTTC-3',3'-TTTCAAGGACCTTAAAG-5',9,free,T-A,AT,,23.64,8.96,24.66,9.32,22.90,8.76
stat3,stat3-1,specific,AAAGTTCCT*GGAATTTC,5'-AAAGTTCCCGGAATTTC-3',3'-TTTCAAGGACCTTAAAG-5',9,free,C-A,AC,+,22.80,8.95,23.64,9.27,22.72,9.28
rela,rela,specific,CCCG*GAAATTCCCC,5'-CCCGGAAATTCCCC-3',3'-GGGCCTTTAAGGGG-5',4,bound,G-C,GC,,,,11.19,4.78,6.08,3.13
rela,rela,specific,CCCG*GAAATTCCCC,5'-CCCGGAAATTCCCC-3',3'-GGGCCTTTAAGGGG-5',4,free,G-C,GC,,,,21.69,9.38,18.26,8.33
rela,rela,specific,CCCG*GAAATTCCCC,5'-CCCGGAAATTCCCC-3',3'-GGGGCTTTAAGGGG-5',4,free,G-G*,GG1,+,,,22.87,9.82,19.54,8.59
rela,rela,specific,CCCG*GAAATTCCCC,5'-CCCGGAAATTCCCC-3',3'-GGGGCTTTAAGGGG-5',4,free,G*-G,GG2,+,,,24.11,10.36,23.38,9.86
egr1,egr1,specific,GTGGCGTGGGC*GATA,5'-GTGGCGTGGGCGATA-3',3'-CACCGCACCCGCTAT-5',11,bound,C-G,GC,,17.02,5.17,12.74,6.48,13.33,6.93
egr1,egr1,specific,GTGGCGTGGGC*GATA,5'-GTGGCGTGGGCGATA-3',3'-CACCGCACCCGCTAT-5',11,free,C-G,GC,,24.51,8.56,23.71,8.60,21.17,8.86
egr1,egr1,specific,GTGGCGTGGGC*GATA,5'-GTGGCGTGGGGGATA-3',3'-CACCGCACCCGCTAT-5',11,free,G-G*,GG1,+,27.79,9.12,26.26,9.17,22.90,9.13
egr1,egr1,specific,GTGGCGTGGGC*GATA,5'-GTGGCGTGGGGGATA-3',3'-CACCGCACCCGCTAT-5',11,free,G*-G,GG2,+,25.98,8.66,24.79,8.62,23.76,8.54
egr1,egr1,specific,GTGGCGTGGGC*GATA,5'-GTGGCGTGGGGGATA-3',3'-CACCGCACCCTCTAT-5',11,free,G-T,GT,-,26.99,8.99,25.67,9.02,22.75,8.66
ctcf,ctcf-1,specific,CAGCGC*CCTCTACTGGC,5'-CAGCGCCCTCTACTGGC-3',3'-GTCGCGGGAGATGACCG-5',6,bound,C-G,GC,,15.01,4.67,10.99,4.19,9.90,5.05
ctcf,ctcf-1,specific,CAGCGC*CCTCTACTGGC,5'-CAGCGCCCTCTACTGGC-3',3'-GTCGCGGGAGATGACCG-5',6,free,C-G,GC,,24.34,8.89,25.06,8.93,25.30,8.81
ctcf,ctcf-1,specific,CAGCGC*CCTCTACTGGC,5'-CAGCGTCCTCTACTGGC-3',3'-GTCGCGGGAGATGACCG-5',6,free,T-G,GT,+,28.35,8.15,28.73,7.66,26.08,7.93
ctcf,ctcf-1,specific,CAGCGC*CCTCTACTGGC,5'-CAGCGGCCTCTACTGGC-3',3'-GTCGCGGGAGATGACCG-5',6,free,G*-G,GG1,-,25.57,9.36,25.30,9.74,23.18,9.13
ctcf,ctcf-1,specific,CAGCGC*CCTCTACTGGC,5'-CAGCGGCCTCTACTGGC-3',3'-GTCGCGGGAGATGACCG-5',6,free,G-G*,GG2,-,21.88,8.96,22.68,9.13,22.33,9.03
gr,gr,specific,GTCAGA*ACATGATGTTCTCAAA,5'-GTCAGAACATGATGTTCTCAAA-3',3'-CAGTCTTGTACTACAAGAGTTT-5',6,bound,A-T,AT,,13.72,5.81,7.66,3.89,7.60,3.74
gr,gr,specific,GTCAGA*ACATGATGTTCTCAAA,5'-GTCAGAACATGATGTTCTCAAA-3',3'-CAGTCTTGTACTACAAGAGTTT-5',6,free,A-T,AT,,18.26,9.02,17.41,8.75,19.11,8.63
gr,gr,specific,GTCAGA*ACATGATGTTCTCAAA,5'-GTCAGGACATGATGTTCTCAAA-3',3'-CAGTCTTGTACTACAAGAGTTT-5',6,free,G-T,GT,+,23.54,8.77,23.48,8.45,24.21,8.40
gr,gr,specific,GTCAGA*ACATGATGTTCTCAAA,5'-GTCAGTACATGATGTTCTCAAA-3',3'-CAGTCTTGTACTACAAGAGTTT-5',6,free,T-T,TT,+,19.57,8.51,20.56,8.62,21.09,8.58
gr,gr,specific,GTCAGA*ACATGATGTTCTCAAA,5'-GTCAGCACATGATGTTCTCAAA-3',3'-CAGTCTTGTACTACAAGAGTTT-5',6,free,C-T,CT,-,16.15,7.38,16.75,7.51,17.86,7.87
tbp,tbp,specific,GCTATAAAAG*GGCA,5'-GCTATAAAAGGGCA-3',3'-CGATATTTTCCCGT-5',10,bound,G-C,AdMLP,,68.73,6.35,53.99,7.46,36.20,8.70
tbp,tbp,specific,GCTATAAAAG*GGCA,5'-GCTATAAAAGGGCA-3',3'-CGATATTTTCCCGT-5',10,free,G-C,AdMLP,,20.91,9.31,21.48,9.16,21.97,8.94
tbp,tbp,specific,GCTATAAAAG*GGCA,5'-GCTATAAAACGGCA-3',3'-CGATATTTTCCCGT-5',10,free,C-C,CC2,+,18.57,8.99,18.08,8.96,20.98,8.56
