tf,sequence_star,strand1,strand2,pdbid,resi,pairid,isHbond,isVdw,mismatch,param
CTCF,GCAG*CGCCCTCTACTGGCAGC,5'-GCACCGCCCTCTACTGGCAGC-3',3'-CGTCGCGGGAGATGACCGTCG-5',5t00,2,5t00_GC_B_DG_3_C_DC_15,False,True,CC,shear
CTCF,GCAGCGC*CCTCTACTGGCAGC,5'-GCAGCGTCCTCTACTGGCAGC-3',3'-CGTCGCGGGAGATGACCGTCG-5',5t00,5,5t00_CG_B_DC_6_C_DG_12,True,True,GT,shear
Creb,CCGGTG*ACGTAAACG,5'-CCGGTCACGTAAACG-3',3'-GGCCACTGCATTTGC-5',5zk1,7,5zk1_GC_B_DG_-3_B_DC_3,False,True,CC,shear stretch twist
Elk1,CCCTGTTC*CGGTAT,5'-CCCTGTTACGGTAT-3',3'-GGGACAAGGCCATA-5',1dux,6,1dux_GC_A_DG_7_B_DC_7,True,True,GA,minorgw(-1.0) minorgw(0.0)
Ets1,CCTGTTC*CGGTAT,5'-CCTGTTACGGTAT-3',3'-GGACAAGGCCATA-5',1k79,7,1k79_GC_B_DG_9_C_DC_8,True,True,GA,stretch c1c1_dist minorgw(-1.0) minorgw(0.0)
Ets1,CCTGTTC*CGGTAT,5'-CCTGTTACGGTAT-3',3'-GGACAAGGCCATA-5',1k79,7,1k79_GC_B_DG_9_C_DC_8,True,True,GA*syn,c1c1_dist
Ets1,CCTGTTCC*GGTAT,5'-CCTGTTCGGGTAT-3',3'-GGACAAGGCCATA-5',1k79,6,1k79_GC_B_DG_8_C_DC_9,True,True,G*Gsyn,c1c1_dist
Ets1,CCTGTTCC*GGTAT,5'-CCTGTTCGGGTAT-3',3'-GGACAAGGCCATA-5',1k79,6,1k79_GC_B_DG_8_C_DC_9,True,True,GG*syn,c1c1_dist
GR,CAGA*ACATGATGTTCTCA,5'-CAGGACATGATGTTCTCA-3',3'-GTCTTGTACTACAAGAGT-5',1r4r,3,1r4r_AT_C_DA_5_D_DT_16,False,False,GT,stretch
GR,CAGA*ACATGATGTTCTCA,5'-CAGTACATGATGTTCTCA-3',3'-GTCTTGTACTACAAGAGT-5',1r4r,3,1r4r_AT_C_DA_5_D_DT_16,False,False,TT,stretch propeller tilt
GR,CAGAACATGATGTT*CTCA,5'-CAGAACATGATGTGCTCA-3',3'-GTCTTGTACTACAAGAGT-5',1r4r,13,1r4r_TA_C_DT_15_D_DA_6,False,False,GA,opening
Max-Max,TAGATCA*CGTGAATG,5'-TAGATCGCGTGAATG-3',3'-ATCTAGTGCACTTAC-5',1an2,9,1an2_AT_B_DA_10_B_DT_13,False,True,GT,shear
RelA,CCTGGGGAATTTCCG*GGA,5'-CCTGGGGAATTTCCAGGA-3',3'-GGACCCCTTAAAGGCCCT-5',5u01,23,5u01_GC_E_DG_224_F_DC_203,True,True,AC,opening c1c1_dist shift
Runx1,TCTTATGT*GGTTTTTG,5'-TCTTATGAGGTTTTTG-3',3'-AGAATACACCAAAAAC-5',1hjb,17,1hjb_TA_G_DT_19_H_DA_9,False,True,AA,shear
Runx1,TCTTATGT*GGTTTTTG,5'-TCTTATGCGGTTTTTG-3',3'-AGAATACACCAAAAAC-5',1hjb,17,1hjb_TA_G_DT_19_H_DA_9,False,True,AC,shear stretch
TBP,ACTATA*AAAAGTTC,5'-ACTATTAAAAGTTC-3',3'-TGATATTTTTCAAG-5',1qne,5,1qne_AT_C_DA_206_D_DT_223,True,True,TT,opening c1c1_dist
TBP,ACTATAAAAA*GTTC,5'-ACTATAAAATGTTC-3',3'-TGATATTTTTCAAG-5',1qne,8,1qne_AT_C_DA_209_D_DT_220,False,True,TT,opening c1c1_dist
TBP,ACTATAAAAAG*TTC,5'-ACTATAAAAACTTC-3',3'-TGATATTTTTCAAG-5',1qne,9,1qne_GC_C_DG_210_D_DC_219,False,True,CC,c1c1_dist
TBP,ACTATAAAAAG*TTC,5'-ACTATAAAAATTTC-3',3'-TGATATTTTTCAAG-5',1qne,9,1qne_GC_C_DG_210_D_DC_219,False,True,CT,c1c1_dist
p53,AGACA*TGCCCGGGCATGCCTC,5'-AGACCTGCCCGGGCATGCCTC-3',3'-TCTGTACGGGCCCGTACGGAG-5',3kz8,4,3kz8_AT_C_DA_5_C_DT_16,False,True,CT,c1c1_dist
p53,AGACA*TGCCCGGGCATGCCTC,5'-AGACTTGCCCGGGCATGCCTC-3',3'-TCTGTACGGGCCCGTACGGAG-5',3kz8,4,3kz8_AT_C_DA_5_C_DT_16,False,True,TT,c1c1_dist
p53,AGACATGCCCGGGCA*TGCCTC,5'-AGACATGCCCGGGCCTGCCTC-3',3'-TCTGTACGGGCCCGTACGGAG-5',3kz8,14,3kz8_AT_C_DA_15_C_DT_6,False,True,CT,c1c1_dist
p53,AGACATGCCCGGGCA*TGCCTC,5'-AGACATGCCCGGGCTTGCCTC-3',3'-TCTGTACGGGCCCGTACGGAG-5',3kz8,14,3kz8_AT_C_DA_15_C_DT_6,False,True,TT,c1c1_dist
