tf_name,tf,seq_type,core,strand1,strand2,position,sim_type,mismatch,mm_id,binding,pos1_avg,pos1_std,pos2_avg,pos2_std,pos3_avg,pos3_std,pos4_avg,pos4_std
p53,p53-1,specific,AGACA*TGCCCGGGCATGCCT,5'-AGACATGCCCGGGCATGCCT-3',3'-TCTGTACGGGCCCGTACGGA-5',5,bound,A*-T,HG,,5.12,1.07,6.85,0.73,8.03,0.65,6.19,0.53
p53,p53-1,specific,AGACA*TGCCCGGGCATGCCT,5'-AGACATGCCCGGGCATGCCT-3',3'-TCTGTACGGGCCCGTACGGA-5',5,free,A-T,WC,,7.06,1.40,7.24,1.33,7.78,1.28,7.87,1.21
p53,p53-1,specific,AGACA*TGCCCGGGCATGCCT,5'-AGACCTGCCCGGGCATGCCT-3',3'-TCTGTACGGGCCCGTACGGA-5',5,free,C-T,CT,+,5.41,1.18,5.24,1.12,6.11,1.19,6.82,1.30
p53,p53-1,specific,AGACA*TGCCCGGGCATGCCT,5'-AGACTTGCCCGGGCATGCCT-3',3'-TCTGTACGGGCCCGTACGGA-5',5,free,T-T,TT,+,6.03,1.37,6.49,1.47,7.29,1.33,7.94,1.11
p53,p53-1,specific,AGACA*TGCCCGGGCATGCCT,5'-AGACGTGCCCGGGCATGCCT-3',3'-TCTGTACGGGCCCGTACGGA-5',5,free,G-T,GT,-,7.31,1.39,7.56,1.43,7.95,1.15,8.04,1.08
ets1,ets1-5,specific,ATACCGG*AACAGG,5'-ATACCGGAACAGG-3',3'-TATGGCCTTGTCC-5',7,bound,G-C,GC,,8.83,0.95,8.83,1.27,7.59,1.42,5.95,1.13
ets1,ets1-5,specific,ATACCGG*AACAGG,5'-ATACCGGAACAGG-3',3'-TATGGCCTTGTCC-5',7,free,G-C,GC,,8.18,1.06,7.77,1.23,6.86,1.50,6.47,1.60
ets1,ets1-5,specific,ATACCGG*AACAGG,5'-ATACCGGAACAGG-3',3'-TATGGCATTGTCC-5',7,free,G-A,GA2,+,8.69,1.13,8.78,1.14,8.11,1.11,7.71,1.25
ets1,ets1-5,specific,ATACCGG*AACAGG,5'-ATACCGGAACAGG-3',3'-TATGGCATTGTCC-5',7,free,G-A*,GA1,+,8.24,1.18,7.49,1.29,6.23,1.55,6.03,1.51
ets1,ets1-5,specific,ATACCGG*AACAGG,5'-ATACCGGAACAGG-3',3'-TATGGCTTTGTCC-5',7,free,G-T,GT,+,8.47,1.02,8.03,1.19,6.98,1.36,6.41,1.43
ets1,ets1-5,specific,ATACCGG*AACAGG,5'-ATACCGGAACAGG-3',3'-TATGGCGTTGTCC-5',7,free,G*-G,GG1,-,8.22,1.14,8.72,1.20,8.37,1.25,7.43,1.39
ets1,ets1-5,specific,ATACCGG*AACAGG,5'-ATACCGGAACAGG-3',3'-TATGGCGTTGTCC-5',7,free,G-G*,GG2,-,8.24,1.13,7.90,1.18,7.00,1.58,6.83,1.64
ets1,ets1-2,non-specific,GAGGGGT*AAGCGG,5'-GAGGGGTAAGCGG-3',3'-CTCCCCATTCGCC-5',7,bound,T-A,AT,,7.43,1.31,8.39,1.13,8.52,1.09,6.84,1.29
ets1,ets1-2,non-specific,GAGGGGT*AAGCGG,5'-GAGGGGTAAGCGG-3',3'-CTCCCCATTCGCC-5',7,free,T-A,AT,,7.64,1.25,8.16,1.26,8.19,1.27,7.30,1.46
ets1,ets1-2,non-specific,GAGGGGT*AAGCGG,5'-GAGGGGGAAGCGG-3',3'-CTCCCCATTCGCC-5',7,free,G-A,GA2,+,8.89,1.55,9.00,1.29,8.34,1.06,8.11,1.64
ets1,ets1-2,non-specific,GAGGGGT*AAGCGG,5'-GAGGGGGAAGCGG-3',3'-CTCCCCATTCGCC-5',7,free,G-A*,GA1,+,8.01,1.03,7.86,1.10,7.24,1.43,6.59,1.56
elk1,elk1,specific,ATACCGG*AACAGGG,5'-ATACCGGAACAGGG-3',3'-TATGGCCTTGTCCC-5',7,bound,G-C,GC,,8.10,1.00,8.78,1.25,8.18,1.38,6.02,1.08
elk1,elk1,specific,ATACCGG*AACAGGG,5'-ATACCGGAACAGGG-3',3'-TATGGCCTTGTCCC-5',7,free,G-C,GC,,8.29,1.02,7.87,1.18,6.89,1.47,6.53,1.60
elk1,elk1,specific,ATACCGG*AACAGGG,5'-ATACCGGAACAGGG-3',3'-TATGGCATTGTCCC-5',7,free,G-A,GA2,+,8.62,1.09,8.74,1.13,8.14,1.13,7.74,1.25
elk1,elk1,specific,ATACCGG*AACAGGG,5'-ATACCGGAACAGGG-3',3'-TATGGCATTGTCCC-5',7,free,G-A*,GA1,+,8.42,1.06,7.50,1.21,6.07,1.49,5.87,1.47
elk1,elk1,specific,ATACCGG*AACAGGG,5'-ATACCGGAACAGGG-3',3'-TATGGCGTTGTCCC-5',7,free,G*-G,GG1,-,8.13,1.17,8.67,1.25,8.34,1.28,7.50,1.39
elk1,elk1,specific,ATACCGG*AACAGGG,5'-ATACCGGAACAGGG-3',3'-TATGGCGTTGTCCC-5',7,free,G-G*,GG2,-,8.23,1.08,8.01,1.22,7.18,1.61,6.92,1.69
myc_max,myc_max,specific,CTCTGCCA*CGTGGGTCGT,5'-CTCTGCCACGTGGGTCGT-3',3'-GAGACGGTGCACCCAGCA-5',8,bound,A-T,AT,,8.09,0.81,8.06,0.68,8.16,0.64,8.18,0.69
myc_max,myc_max,specific,CTCTGCCA*CGTGGGTCGT,5'-CTCTGCCACGTGGGTCGT-3',3'-GAGACGGTGCACCCAGCA-5',8,free,A-T,AT,,7.67,1.19,7.97,1.09,7.52,1.29,7.03,1.49
myc_max,myc_max,specific,CTCTGCCA*CGTGGGTCGT,5'-CTCTGCCGCGTGGGTCGT-3',3'-GAGACGGTGCACCCAGCA-5',8,free,G-T,GT,+,8.18,1.07,8.47,1.02,8.11,1.04,7.64,1.22
myc_max,myc_max,specific,CTCTGCCA*CGTGGGTCGT,5'-CTCTGCCCCGTGGGTCGT-3',3'-GAGACGGTGCACCCAGCA-5',8,free,C-T,CT,-,6.62,1.35,6.36,1.55,6.36,1.58,6.51,1.39
max_max,max_max,specific,GTAGATCA*CGTGAATGAA,5'-GTAGATCACGTGAATGAA-3',3'-CATCTAGTGCACTTACTT-5',8,bound,A-T,AT,,6.34,1.20,8.30,0.96,8.64,0.99,7.90,0.80
max_max,max_max,specific,GTAGATCA*CGTGAATGAA,5'-GTAGATCACGTGAATGAA-3',3'-CATCTAGTGCACTTACTT-5',8,free,A-T,AT,,6.67,1.51,7.79,1.30,7.42,1.35,6.85,1.55
max_max,max_max,specific,GTAGATCA*CGTGAATGAA,5'-GTAGATCGCGTGAATGAA-3',3'-CATCTAGTGCACTTACTT-5',8,free,G-T,GT,+,7.42,1.33,8.27,1.12,8.07,1.07,7.48,1.26
max_max,max_max,specific,GTAGATCA*CGTGAATGAA,5'-GTAGATCCCGTGAATGAA-3',3'-CATCTAGTGCACTTACTT-5',8,free,C-T,CT,-,5.12,1.34,5.31,1.41,5.71,1.23,6.23,1.23
mad_max,mad_max,specific,GTAGATCA*CGTGAATGAA,5'-GTAGATCACGTGAATGAA-3',3'-CATCTAGTGCACTTACTT-5',8,bound,A-T,AT,,5.82,1.36,6.73,1.17,7.97,0.89,8.44,0.90
mad_max,mad_max,specific,GTAGATCA*CGTGAATGAA,5'-GTAGATCACGTGAATGAA-3',3'-CATCTAGTGCACTTACTT-5',8,free,A-T,AT,,6.67,1.51,7.79,1.30,7.42,1.35,6.85,1.55
mad_max,mad_max,specific,GTAGATCA*CGTGAATGAA,5'-GTAGATCGCGTGAATGAA-3',3'-CATCTAGTGCACTTACTT-5',8,free,G-T,GT,+,7.42,1.33,8.27,1.12,8.07,1.07,7.48,1.26
mad_max,mad_max,specific,GTAGATCA*CGTGAATGAA,5'-GTAGATCCCGTGAATGAA-3',3'-CATCTAGTGCACTTACTT-5',8,free,C-T,CT,-,5.12,1.34,5.31,1.41,5.71,1.23,6.23,1.23
atf1,atf1,specific,GTGCCAA*CGTCACCTTCT,5'-GTGCCAACGTCACCTTCT-3',3'-CACGGTTGCAGTGGAAGA-5',7,bound,A-T,AT,,8.92,0.98,8.11,1.12,7.23,1.14,7.47,0.89
atf1,atf1,specific,GTGCCAA*CGTCACCTTCT,5'-GTGCCAACGTCACCTTCT-3',3'-CACGGTTGCAGTGGAAGA-5',7,free,A-T,AT,,8.12,1.10,7.19,1.30,6.15,1.49,6.11,1.52
atf1,atf1,specific,GTGCCAA*CGTCACCTTCT,5'-GTGCCAGCGTCACCTTCT-3',3'-CACGGTTGCAGTGGAAGA-5',7,free,G-T,GT,+,8.41,1.16,8.02,1.23,7.33,1.35,7.08,1.44
atf1,atf1,specific,GTGCCAA*CGTCACCTTCT,5'-GTGCCACCGTCACCTTCT-3',3'-CACGGTTGCAGTGGAAGA-5',7,free,C-T,CT,-,7.49,1.14,6.85,1.53,5.94,1.74,5.64,1.51
runx1,runx1,specific,TCTTA*TGTGGTTTTTG,5'-TCTTATGTGGTTTTTG-3',3'-AGAATACACCAAAAAC-5',5,bound,A-T,AT,,6.38,1.55,6.20,1.63,6.34,1.56,6.41,1.26
runx1,runx1,specific,TCTTA*TGTGGTTTTTG,5'-TCTTATGTGGTTTTTG-3',3'-AGAATACACCAAAAAC-5',5,free,A-T,AT,,7.20,1.62,7.88,1.44,7.68,1.50,7.52,1.47
runx1,runx1,specific,TCTTA*TGTGGTTTTTG,5'-TCTTTTGTGGTTTTTG-3',3'-AGAATACACCAAAAAC-5',5,free,T-T,TT,+,6.48,1.67,7.09,1.60,7.07,1.35,7.19,1.39
runx1,runx1,specific,TCTTA*TGTGGTTTTTG,5'-TCTTCTGTGGTTTTTG-3',3'-AGAATACACCAAAAAC-5',5,free,C-T,CT,+,5.46,1.54,5.23,1.48,5.55,1.34,6.44,1.27
runx1,runx1,specific,TCTTA*TGTGGTTTTTG,5'-TCTTGTGTGGTTTTTG-3',3'-AGAATACACCAAAAAC-5',5,free,G-T,GT,-,7.78,1.36,8.09,1.26,8.03,1.13,7.82,1.22
stat3,stat3-1,specific,AAAGTTCCT*GGAATTTC,5'-AAAGTTCCTGGAATTTC-3',3'-TTTCAAGGACCTTAAAG-5',9,bound,T-A,AT,,7.98,0.84,8.10,0.83,9.30,1.01,9.39,0.78
stat3,stat3-1,specific,AAAGTTCCT*GGAATTTC,5'-AAAGTTCCTGGAATTTC-3',3'-TTTCAAGGACCTTAAAG-5',9,free,T-A,AT,,7.23,1.29,8.24,1.14,8.60,1.08,7.53,1.15
stat3,stat3-1,specific,AAAGTTCCT*GGAATTTC,5'-AAAGTTCCCGGAATTTC-3',3'-TTTCAAGGACCTTAAAG-5',9,free,C-A,AC,+,7.33,1.72,8.44,1.54,8.82,1.15,8.12,1.41
rela,rela,specific,CCCG*GAAATTCCCC,5'-CCCGGAAATTCCCC-3',3'-GGGCCTTTAAGGGG-5',4,bound,G-C,GC,,,,7.74,0.89,7.01,0.94,6.29,1.02
rela,rela,specific,CCCG*GAAATTCCCC,5'-CCCGGAAATTCCCC-3',3'-GGGCCTTTAAGGGG-5',4,free,G-C,GC,,,,8.50,1.06,7.95,1.16,6.74,1.39
rela,rela,specific,CCCG*GAAATTCCCC,5'-CCCGGAAATTCCCC-3',3'-GGGGCTTTAAGGGG-5',4,free,G-G*,GG1,+,,,8.92,1.21,8.58,1.30,7.41,1.43
rela,rela,specific,CCCG*GAAATTCCCC,5'-CCCGGAAATTCCCC-3',3'-GGGGCTTTAAGGGG-5',4,free,G*-G,GG2,+,,,8.71,1.20,8.86,1.33,7.52,1.44
egr1,egr1,specific,GTGGCGTGGGC*GATA,5'-GTGGCGTGGGCGATA-3',3'-CACCGCACCCGCTAT-5',11,bound,C-G,GC,,7.21,1.00,6.66,1.06,7.11,1.25,7.47,1.38
egr1,egr1,specific,GTGGCGTGGGC*GATA,5'-GTGGCGTGGGCGATA-3',3'-CACCGCACCCGCTAT-5',11,free,C-G,GC,,7.41,1.20,7.78,1.11,8.21,1.16,7.30,1.40
egr1,egr1,specific,GTGGCGTGGGC*GATA,5'-GTGGCGTGGGGGATA-3',3'-CACCGCACCCGCTAT-5',11,free,G-G*,GG1,+,7.96,1.08,8.04,1.19,7.87,1.51,7.78,1.67
egr1,egr1,specific,GTGGCGTGGGC*GATA,5'-GTGGCGTGGGGGATA-3',3'-CACCGCACCCGCTAT-5',11,free,G*-G,GG2,+,7.64,1.14,7.73,1.27,7.75,1.50,7.92,1.38
egr1,egr1,specific,GTGGCGTGGGC*GATA,5'-GTGGCGTGGGGGATA-3',3'-CACCGCACCCTCTAT-5',11,free,G-T,GT,-,7.44,1.25,7.92,1.17,8.56,1.17,8.16,1.30
ctcf,ctcf-1,specific,CAGCGC*CCTCTACTGGC,5'-CAGCGCCCTCTACTGGC-3',3'-GTCGCGGGAGATGACCG-5',6,bound,C-G,GC,,7.23,0.95,6.80,0.79,6.26,0.92,5.33,1.08
ctcf,ctcf-1,specific,CAGCGC*CCTCTACTGGC,5'-CAGCGCCCTCTACTGGC-3',3'-GTCGCGGGAGATGACCG-5',6,free,C-G,GC,,7.69,1.16,7.65,1.17,7.31,1.28,7.45,1.22
ctcf,ctcf-1,specific,CAGCGC*CCTCTACTGGC,5'-CAGCGTCCTCTACTGGC-3',3'-GTCGCGGGAGATGACCG-5',6,free,T-G,GT,+,7.72,1.12,7.98,1.01,7.79,1.06,7.77,1.07
ctcf,ctcf-1,specific,CAGCGC*CCTCTACTGGC,5'-CAGCGGCCTCTACTGGC-3',3'-GTCGCGGGAGATGACCG-5',6,free,G*-G,GG1,-,7.72,1.31,7.68,1.46,7.28,1.39,7.14,1.29
ctcf,ctcf-1,specific,CAGCGC*CCTCTACTGGC,5'-CAGCGGCCTCTACTGGC-3',3'-GTCGCGGGAGATGACCG-5',6,free,G-G*,GG2,-,7.68,1.16,7.33,1.27,6.66,1.54,6.81,1.43
gr,gr,specific,GTCAGA*ACATGATGTTCTCAAA,5'-GTCAGAACATGATGTTCTCAAA-3',3'-CAGTCTTGTACTACAAGAGTTT-5',6,bound,A-T,AT,,7.64,1.28,6.01,1.26,5.38,1.15,5.50,1.19
gr,gr,specific,GTCAGA*ACATGATGTTCTCAAA,5'-GTCAGAACATGATGTTCTCAAA-3',3'-CAGTCTTGTACTACAAGAGTTT-5',6,free,A-T,AT,,7.48,1.46,6.33,1.64,6.11,1.56,6.45,1.48
gr,gr,specific,GTCAGA*ACATGATGTTCTCAAA,5'-GTCAGGACATGATGTTCTCAAA-3',3'-CAGTCTTGTACTACAAGAGTTT-5',6,free,G-T,GT,+,8.16,1.15,7.24,1.46,6.97,1.42,6.96,1.36
gr,gr,specific,GTCAGA*ACATGATGTTCTCAAA,5'-GTCAGTACATGATGTTCTCAAA-3',3'-CAGTCTTGTACTACAAGAGTTT-5',6,free,T-T,TT,+,7.16,1.14,6.41,1.39,6.43,1.36,6.44,1.37
gr,gr,specific,GTCAGA*ACATGATGTTCTCAAA,5'-GTCAGCACATGATGTTCTCAAA-3',3'-CAGTCTTGTACTACAAGAGTTT-5',6,free,C-T,CT,-,6.08,1.44,5.16,1.48,5.46,1.36,5.75,1.34
tbp,tbp,specific,GCTATAAAAG*GGCA,5'-GCTATAAAAGGGCA-3',3'-CGATATTTTCCCGT-5',10,bound,G-C,AdMLP,,16.55,0.45,13.66,0.68,10.16,1.11,8.38,1.27
tbp,tbp,specific,GCTATAAAAG*GGCA,5'-GCTATAAAAGGGCA-3',3'-CGATATTTTCCCGT-5',10,free,G-C,AdMLP,,6.18,1.55,6.68,1.41,7.32,1.27,7.40,1.23
tbp,tbp,specific,GCTATAAAAG*GGCA,5'-GCTATAAAACGGCA-3',3'-CGATATTTTCCCGT-5',10,free,C-C,CC2,+,5.04,1.39,5.53,1.49,6.13,1.64,7.02,1.48
