tf,sequence_star,flank,pdbid,pairid,isHbond,isVdw,param,value
CTCF,GCAG*CGCCCTCTACTGGCAGC,,5t00,5t00_GC_B_DG_3_C_DC_15,False,True,shear,-0.455
CTCF,GCAG*CGCCCTCTACTGGCAGC,,5t00,5t00_GC_B_DG_3_C_DC_15,False,True,opening,6.111
CTCF,GCAG*CGCCCTCTACTGGCAGC,,5t00,5t00_GC_B_DG_3_C_DC_15,False,True,shift,-0.784
CTCF,GCAG*CGCCCTCTACTGGCAGC,,5t00,5t00_GC_B_DG_3_C_DC_15,False,True,slide,-1.010
CTCF,GCAG*CGCCCTCTACTGGCAGC,,5t00,5t00_GC_B_DG_3_C_DC_15,False,True,twist,29.329
CTCF,GCAG*CGCCCTCTACTGGCAGC,0.000,5t00,5t00_GC_B_DG_3_C_DC_15,False,True,minorgw,8.413
CTCF,GCAG*CGCCCTCTACTGGCAGC,1.000,5t00,5t00_GC_B_DG_3_C_DC_15,False,True,minorgw,8.676
CTCF,GCAG*CGCCCTCTACTGGCAGC,1.000,5t00,5t00_GC_B_DG_3_C_DC_15,False,True,majorgw,14.980
CTCF,GCAG*CGCCCTCTACTGGCAGC,1.000,5t00,5t00_GC_B_DG_3_C_DC_15,False,True,beta,22.000
CTCF,GCAG*CGCCCTCTACTGGCAGC,1.000,5t00,5t00_GC_B_DG_3_C_DC_15,False,True,zeta,19.900
CTCF,GCAGCGC*CCTCTACTGGCAGC,,5t00,5t00_CG_B_DC_6_C_DG_12,True,True,shear,-0.645
CTCF,GCAGCGC*CCTCTACTGGCAGC,,5t00,5t00_CG_B_DC_6_C_DG_12,True,True,buckle,10.825
CTCF,GCAGCGC*CCTCTACTGGCAGC,,5t00,5t00_CG_B_DC_6_C_DG_12,True,True,opening,5.991
CTCF,GCAGCGC*CCTCTACTGGCAGC,,5t00,5t00_CG_B_DC_6_C_DG_12,True,True,rise,2.980
CTCF,GCAGCGC*CCTCTACTGGCAGC,,5t00,5t00_CG_B_DC_6_C_DG_12,True,True,roll,10.923
CTCF,GCAGCGC*CCTCTACTGGCAGC,,5t00,5t00_CG_B_DC_6_C_DG_12,True,True,twist,24.151
CTCF,GCAGCGC*CCTCTACTGGCAGC,-2.000,5t00,5t00_CG_B_DC_6_C_DG_12,True,True,minorgw,8.676
CTCF,GCAGCGC*CCTCTACTGGCAGC,-1.000,5t00,5t00_CG_B_DC_6_C_DG_12,True,True,minorgw,8.956
CTCF,GCAGCGC*CCTCTACTGGCAGC,0.000,5t00,5t00_CG_B_DC_6_C_DG_12,True,True,minorgw,9.353
CTCF,GCAGCGC*CCTCTACTGGCAGC,1.000,5t00,5t00_CG_B_DC_6_C_DG_12,True,True,minorgw,8.071
CTCF,GCAGCGC*CCTCTACTGGCAGC,-2.000,5t00,5t00_CG_B_DC_6_C_DG_12,True,True,majorgw,14.980
CTCF,GCAGCGC*CCTCTACTGGCAGC,0.000,5t00,5t00_CG_B_DC_6_C_DG_12,True,True,majorgw,13.608
CTCF,GCAGCGC*CCTCTACTGGCAGC,1.000,5t00,5t00_CG_B_DC_6_C_DG_12,True,True,majorgw,13.701
CTCF,GCAGCGC*CCTCTACTGGCAGC,-1.000,5t00,5t00_CG_B_DC_6_C_DG_12,True,True,beta,27.800
CTCF,GCAGCGC*CCTCTACTGGCAGC,0.000,5t00,5t00_CG_B_DC_6_C_DG_12,True,True,beta,22.800
CTCF,GCAGCGC*CCTCTACTGGCAGC,-1.000,5t00,5t00_CG_B_DC_6_C_DG_12,True,True,zeta,17.400
CTCF,GCAGCGC*CCTCTACTGGCAGC,0.000,5t00,5t00_CG_B_DC_6_C_DG_12,True,True,zeta,16.100
CTCF,GCAGCGC*CCTCTACTGGCAGC,1.000,5t00,5t00_CG_B_DC_6_C_DG_12,True,True,zeta,16.900
CTCF,GCAGCGCC*CTCTACTGGCAGC,,5t00,5t00_CG_B_DC_7_C_DG_11,True,True,stretch,-0.305
CTCF,GCAGCGCC*CTCTACTGGCAGC,,5t00,5t00_CG_B_DC_7_C_DG_11,True,True,propeller,2.458
CTCF,GCAGCGCC*CTCTACTGGCAGC,,5t00,5t00_CG_B_DC_7_C_DG_11,True,True,opening,3.835
CTCF,GCAGCGCC*CTCTACTGGCAGC,,5t00,5t00_CG_B_DC_7_C_DG_11,True,True,c1c1_dist,10.369
CTCF,GCAGCGCC*CTCTACTGGCAGC,,5t00,5t00_CG_B_DC_7_C_DG_11,True,True,shift,-0.721
CTCF,GCAGCGCC*CTCTACTGGCAGC,,5t00,5t00_CG_B_DC_7_C_DG_11,True,True,roll,-10.259
CTCF,GCAGCGCC*CTCTACTGGCAGC,-2.000,5t00,5t00_CG_B_DC_7_C_DG_11,True,True,minorgw,8.956
CTCF,GCAGCGCC*CTCTACTGGCAGC,-1.000,5t00,5t00_CG_B_DC_7_C_DG_11,True,True,minorgw,9.353
CTCF,GCAGCGCC*CTCTACTGGCAGC,0.000,5t00,5t00_CG_B_DC_7_C_DG_11,True,True,minorgw,8.071
CTCF,GCAGCGCC*CTCTACTGGCAGC,1.000,5t00,5t00_CG_B_DC_7_C_DG_11,True,True,minorgw,7.639
CTCF,GCAGCGCC*CTCTACTGGCAGC,-1.000,5t00,5t00_CG_B_DC_7_C_DG_11,True,True,majorgw,13.608
CTCF,GCAGCGCC*CTCTACTGGCAGC,0.000,5t00,5t00_CG_B_DC_7_C_DG_11,True,True,majorgw,13.701
CTCF,GCAGCGCC*CTCTACTGGCAGC,-1.000,5t00,5t00_CG_B_DC_7_C_DG_11,True,True,beta,22.800
CTCF,GCAGCGCC*CTCTACTGGCAGC,1.000,5t00,5t00_CG_B_DC_7_C_DG_11,True,True,beta,20.800
CTCF,GCAGCGCC*CTCTACTGGCAGC,-1.000,5t00,5t00_CG_B_DC_7_C_DG_11,True,True,zeta,16.100
CTCF,GCAGCGCC*CTCTACTGGCAGC,0.000,5t00,5t00_CG_B_DC_7_C_DG_11,True,True,zeta,16.900
CTCF,GCAGCGCC*CTCTACTGGCAGC,1.000,5t00,5t00_CG_B_DC_7_C_DG_11,True,True,zeta,18.000
Creb,CCGGTG*ACGTAAACG,,5zk1,5zk1_GC_B_DG_-3_B_DC_3,False,True,shear,-1.040
Creb,CCGGTG*ACGTAAACG,,5zk1,5zk1_GC_B_DG_-3_B_DC_3,False,True,stretch,-0.359
Creb,CCGGTG*ACGTAAACG,,5zk1,5zk1_GC_B_DG_-3_B_DC_3,False,True,opening,-7.877
Creb,CCGGTG*ACGTAAACG,,5zk1,5zk1_GC_B_DG_-3_B_DC_3,False,True,c1c1_dist,10.868
Creb,CCGGTG*ACGTAAACG,,5zk1,5zk1_GC_B_DG_-3_B_DC_3,False,True,twist,40.916
Creb,CCGGTG*ACGTAAACG,-1.000,5zk1,5zk1_GC_B_DG_-3_B_DC_3,False,True,minorgw,7.123
Creb,CCGGTG*ACGTAAACG,0.000,5zk1,5zk1_GC_B_DG_-3_B_DC_3,False,True,minorgw,7.610
Creb,CCGGTG*ACGTAAACG,1.000,5zk1,5zk1_GC_B_DG_-3_B_DC_3,False,True,minorgw,8.039
Creb,CCGGTG*ACGTAAACG,0.000,5zk1,5zk1_GC_B_DG_-3_B_DC_3,False,True,beta,19.400
Creb,CCGGTG*ACGTAAACG,1.000,5zk1,5zk1_GC_B_DG_-3_B_DC_3,False,True,beta,24.000
Creb,CCGGTG*ACGTAAACG,,5zk1,5zk1_CG_B_DC_3_B_DG_-3,False,True,shear,-1.040
Creb,CCGGTG*ACGTAAACG,,5zk1,5zk1_CG_B_DC_3_B_DG_-3,False,True,stretch,-0.359
Creb,CCGGTG*ACGTAAACG,,5zk1,5zk1_CG_B_DC_3_B_DG_-3,False,True,opening,-7.877
Creb,CCGGTG*ACGTAAACG,,5zk1,5zk1_CG_B_DC_3_B_DG_-3,False,True,c1c1_dist,10.868
Creb,CCGGTG*ACGTAAACG,,5zk1,5zk1_CG_B_DC_3_B_DG_-3,False,True,shift,-0.643
Creb,CCGGTG*ACGTAAACG,-2.000,5zk1,5zk1_CG_B_DC_3_B_DG_-3,False,True,minorgw,8.039
Creb,CCGGTG*ACGTAAACG,-1.000,5zk1,5zk1_CG_B_DC_3_B_DG_-3,False,True,minorgw,7.609
Creb,CCGGTG*ACGTAAACG,0.000,5zk1,5zk1_CG_B_DC_3_B_DG_-3,False,True,minorgw,7.123
Creb,CCGGTG*ACGTAAACG,-1.000,5zk1,5zk1_CG_B_DC_3_B_DG_-3,False,True,beta,24.000
Creb,CCGGTG*ACGTAAACG,0.000,5zk1,5zk1_CG_B_DC_3_B_DG_-3,False,True,beta,19.400
Egr1,GTG*GCGTGGGCGATA,,1p47,1p47_GC_C_DG_3_D_DC_62,False,True,shear,-0.497
Egr1,GTG*GCGTGGGCGATA,,1p47,1p47_GC_C_DG_3_D_DC_62,False,True,shift,-0.724
Egr1,GTG*GCGTGGGCGATA,,1p47,1p47_GC_C_DG_3_D_DC_62,False,True,twist,40.488
Egr1,GTG*GCGTGGGCGATA,1.000,1p47,1p47_GC_C_DG_3_D_DC_62,False,True,minorgw,7.663
Egr1,GTG*GCGTGGGCGATA,0.000,1p47,1p47_GC_C_DG_3_D_DC_62,False,True,majorgw,14.696
Egr1,GTGGCGTGGGC*GATA,,1p47,1p47_CG_C_DC_11_D_DG_54,False,True,shear,-0.558
Egr1,GTGGCGTGGGC*GATA,,1p47,1p47_CG_C_DC_11_D_DG_54,False,True,stretch,-0.305
Egr1,GTGGCGTGGGC*GATA,,1p47,1p47_CG_C_DC_11_D_DG_54,False,True,stagger,-0.207
Egr1,GTGGCGTGGGC*GATA,,1p47,1p47_CG_C_DC_11_D_DG_54,False,True,shift,1.112
Egr1,GTGGCGTGGGC*GATA,,1p47,1p47_CG_C_DC_11_D_DG_54,False,True,tilt,6.169
Egr1,GTGGCGTGGGC*GATA,,1p47,1p47_CG_C_DC_11_D_DG_54,False,True,roll,9.850
Egr1,GTGGCGTGGGC*GATA,-2.000,1p47,1p47_CG_C_DC_11_D_DG_54,False,True,minorgw,7.519
Egr1,GTGGCGTGGGC*GATA,-1.000,1p47,1p47_CG_C_DC_11_D_DG_54,False,True,minorgw,7.792
Egr1,GTGGCGTGGGC*GATA,0.000,1p47,1p47_CG_C_DC_11_D_DG_54,False,True,minorgw,6.998
Egr1,GTGGCGTGGGC*GATA,1.000,1p47,1p47_CG_C_DC_11_D_DG_54,False,True,minorgw,6.971
Egr1,GTGGCGTGGGC*GATA,1.000,1p47,1p47_CG_C_DC_11_D_DG_54,False,True,majorgw,14.703
Egr1,GTGGCGTGGGC*GATA,-1.000,1p47,1p47_CG_C_DC_11_D_DG_54,False,True,beta,22.300
Egr1,GTGGCGTGGGC*GATA,0.000,1p47,1p47_CG_C_DC_11_D_DG_54,False,True,beta,21.100
Egr1,GTGGCGTGGGC*GATA,-1.000,1p47,1p47_CG_C_DC_11_D_DG_54,False,True,zeta,24.100
Egr1,GTGGCGTGGGC*GATA,0.000,1p47,1p47_CG_C_DC_11_D_DG_54,False,True,zeta,22.500
Egr1,GTGGCGTGGGC*GATA,1.000,1p47,1p47_CG_C_DC_11_D_DG_54,False,True,zeta,21.600
Elk1,CCCTGTTCCG*GTAT,,1dux,1dux_CG_A_DC_5_B_DG_9,False,True,stretch,0.012
Elk1,CCCTGTTCCG*GTAT,,1dux,1dux_CG_A_DC_5_B_DG_9,False,True,buckle,16.211
Elk1,CCCTGTTCCG*GTAT,,1dux,1dux_CG_A_DC_5_B_DG_9,False,True,shift,-0.721
Elk1,CCCTGTTCCG*GTAT,,1dux,1dux_CG_A_DC_5_B_DG_9,False,True,slide,0.822
Elk1,CCCTGTTCCG*GTAT,,1dux,1dux_CG_A_DC_5_B_DG_9,False,True,tilt,-5.240
Elk1,CCCTGTTCCG*GTAT,-1.000,1dux,1dux_CG_A_DC_5_B_DG_9,False,True,minorgw,7.405
Elk1,CCCTGTTCCG*GTAT,0.000,1dux,1dux_CG_A_DC_5_B_DG_9,False,True,minorgw,8.608
Elk1,CCCTGTTCCG*GTAT,1.000,1dux,1dux_CG_A_DC_5_B_DG_9,False,True,minorgw,8.718
Elk1,CCCTGTTCCG*GTAT,0.000,1dux,1dux_CG_A_DC_5_B_DG_9,False,True,majorgw,14.643
Elk1,CCCTGTTCCG*GTAT,1.000,1dux,1dux_CG_A_DC_5_B_DG_9,False,True,majorgw,14.205
Elk1,CCCTGTTCCG*GTAT,1.000,1dux,1dux_CG_A_DC_5_B_DG_9,False,True,beta,20.000
Elk1,CCCTGTTCCG*GTAT,-1.000,1dux,1dux_CG_A_DC_5_B_DG_9,False,True,zeta,26.000
Elk1,CCCTGTTCCG*GTAT,0.000,1dux,1dux_CG_A_DC_5_B_DG_9,False,True,zeta,23.000
Elk1,CCCTGTTCCG*GTAT,1.000,1dux,1dux_CG_A_DC_5_B_DG_9,False,True,zeta,20.200
Elk1,CCCTGTTC*CGGTAT,,1dux,1dux_GC_A_DG_7_B_DC_7,True,True,opening,3.514
Elk1,CCCTGTTC*CGGTAT,,1dux,1dux_GC_A_DG_7_B_DC_7,True,True,roll,8.354
Elk1,CCCTGTTC*CGGTAT,-2.000,1dux,1dux_GC_A_DG_7_B_DC_7,True,True,minorgw,8.608
Elk1,CCCTGTTC*CGGTAT,-1.000,1dux,1dux_GC_A_DG_7_B_DC_7,True,True,minorgw,8.718
Elk1,CCCTGTTC*CGGTAT,0.000,1dux,1dux_GC_A_DG_7_B_DC_7,True,True,minorgw,8.557
Elk1,CCCTGTTC*CGGTAT,-2.000,1dux,1dux_GC_A_DG_7_B_DC_7,True,True,majorgw,14.643
Elk1,CCCTGTTC*CGGTAT,-1.000,1dux,1dux_GC_A_DG_7_B_DC_7,True,True,majorgw,14.205
Elk1,CCCTGTTC*CGGTAT,-1.000,1dux,1dux_GC_A_DG_7_B_DC_7,True,True,beta,20.000
Elk1,CCCTGTTC*CGGTAT,0.000,1dux,1dux_GC_A_DG_7_B_DC_7,True,True,beta,26.200
Elk1,CCCTGTTC*CGGTAT,1.000,1dux,1dux_GC_A_DG_7_B_DC_7,True,True,beta,23.200
Elk1,CCCTGTTC*CGGTAT,-1.000,1dux,1dux_GC_A_DG_7_B_DC_7,True,True,zeta,20.200
Elk1,CCCTGTTC*CGGTAT,0.000,1dux,1dux_GC_A_DG_7_B_DC_7,True,True,zeta,21.300
Elk1,CCCTGTTC*CGGTAT,1.000,1dux,1dux_GC_A_DG_7_B_DC_7,True,True,zeta,23.000
Ets1,CCTGTTCCG*GTAT,,1k79,1k79_CG_B_DC_7_C_DG_10,False,True,stretch,0.090
Ets1,CCTGTTCCG*GTAT,,1k79,1k79_CG_B_DC_7_C_DG_10,False,True,stagger,0.468
Ets1,CCTGTTCCG*GTAT,,1k79,1k79_CG_B_DC_7_C_DG_10,False,True,buckle,15.339
Ets1,CCTGTTCCG*GTAT,,1k79,1k79_CG_B_DC_7_C_DG_10,False,True,propeller,2.678
Ets1,CCTGTTCCG*GTAT,,1k79,1k79_CG_B_DC_7_C_DG_10,False,True,c1c1_dist,10.966
Ets1,CCTGTTCCG*GTAT,,1k79,1k79_CG_B_DC_7_C_DG_10,False,True,slide,0.795
Ets1,CCTGTTCCG*GTAT,,1k79,1k79_CG_B_DC_7_C_DG_10,False,True,rise,2.986
Ets1,CCTGTTCCG*GTAT,-2.000,1k79,1k79_CG_B_DC_7_C_DG_10,False,True,minorgw,7.897
Ets1,CCTGTTCCG*GTAT,-1.000,1k79,1k79_CG_B_DC_7_C_DG_10,False,True,minorgw,8.408
Ets1,CCTGTTCCG*GTAT,0.000,1k79,1k79_CG_B_DC_7_C_DG_10,False,True,minorgw,8.379
Ets1,CCTGTTCCG*GTAT,1.000,1k79,1k79_CG_B_DC_7_C_DG_10,False,True,minorgw,8.000
Ets1,CCTGTTCCG*GTAT,0.000,1k79,1k79_CG_B_DC_7_C_DG_10,False,True,majorgw,14.674
Ets1,CCTGTTCCG*GTAT,1.000,1k79,1k79_CG_B_DC_7_C_DG_10,False,True,majorgw,14.069
Ets1,CCTGTTCCG*GTAT,-1.000,1k79,1k79_CG_B_DC_7_C_DG_10,False,True,beta,27.300
Ets1,CCTGTTCCG*GTAT,0.000,1k79,1k79_CG_B_DC_7_C_DG_10,False,True,beta,23.600
Ets1,CCTGTTCCG*GTAT,1.000,1k79,1k79_CG_B_DC_7_C_DG_10,False,True,beta,22.500
Ets1,CCTGTTCCG*GTAT,-1.000,1k79,1k79_CG_B_DC_7_C_DG_10,False,True,zeta,20.900
Ets1,CCTGTTCCG*GTAT,0.000,1k79,1k79_CG_B_DC_7_C_DG_10,False,True,zeta,20.200
Ets1,CCTGTTCCG*GTAT,1.000,1k79,1k79_CG_B_DC_7_C_DG_10,False,True,zeta,20.600
Ets1,CCTGTTCC*GGTAT,,1k79,1k79_GC_B_DG_8_C_DC_9,True,True,stretch,0.089
Ets1,CCTGTTCC*GGTAT,,1k79,1k79_GC_B_DG_8_C_DC_9,True,True,propeller,-1.017
Ets1,CCTGTTCC*GGTAT,,1k79,1k79_GC_B_DG_8_C_DC_9,True,True,c1c1_dist,10.953
Ets1,CCTGTTCC*GGTAT,,1k79,1k79_GC_B_DG_8_C_DC_9,True,True,shift,-1.204
Ets1,CCTGTTCC*GGTAT,,1k79,1k79_GC_B_DG_8_C_DC_9,True,True,tilt,-4.942
Ets1,CCTGTTCC*GGTAT,-2.000,1k79,1k79_GC_B_DG_8_C_DC_9,True,True,minorgw,8.408
Ets1,CCTGTTCC*GGTAT,-1.000,1k79,1k79_GC_B_DG_8_C_DC_9,True,True,minorgw,8.379
Ets1,CCTGTTCC*GGTAT,0.000,1k79,1k79_GC_B_DG_8_C_DC_9,True,True,minorgw,8.000
Ets1,CCTGTTCC*GGTAT,1.000,1k79,1k79_GC_B_DG_8_C_DC_9,True,True,minorgw,7.877
Ets1,CCTGTTCC*GGTAT,-1.000,1k79,1k79_GC_B_DG_8_C_DC_9,True,True,majorgw,14.674
Ets1,CCTGTTCC*GGTAT,0.000,1k79,1k79_GC_B_DG_8_C_DC_9,True,True,majorgw,14.069
Ets1,CCTGTTCC*GGTAT,-1.000,1k79,1k79_GC_B_DG_8_C_DC_9,True,True,beta,23.600
Ets1,CCTGTTCC*GGTAT,0.000,1k79,1k79_GC_B_DG_8_C_DC_9,True,True,beta,22.500
Ets1,CCTGTTCC*GGTAT,1.000,1k79,1k79_GC_B_DG_8_C_DC_9,True,True,beta,24.900
Ets1,CCTGTTCC*GGTAT,-1.000,1k79,1k79_GC_B_DG_8_C_DC_9,True,True,zeta,20.200
Ets1,CCTGTTCC*GGTAT,0.000,1k79,1k79_GC_B_DG_8_C_DC_9,True,True,zeta,20.600
Ets1,CCTGTTCC*GGTAT,1.000,1k79,1k79_GC_B_DG_8_C_DC_9,True,True,zeta,23.000
Ets1,CCTGTTC*CGGTAT,,1k79,1k79_GC_B_DG_9_C_DC_8,True,True,stretch,0.163
Ets1,CCTGTTC*CGGTAT,,1k79,1k79_GC_B_DG_9_C_DC_8,True,True,c1c1_dist,11.071
Ets1,CCTGTTC*CGGTAT,,1k79,1k79_GC_B_DG_9_C_DC_8,True,True,roll,8.526
Ets1,CCTGTTC*CGGTAT,-2.000,1k79,1k79_GC_B_DG_9_C_DC_8,True,True,minorgw,8.379
Ets1,CCTGTTC*CGGTAT,-1.000,1k79,1k79_GC_B_DG_9_C_DC_8,True,True,minorgw,8.000
Ets1,CCTGTTC*CGGTAT,0.000,1k79,1k79_GC_B_DG_9_C_DC_8,True,True,minorgw,7.877
Ets1,CCTGTTC*CGGTAT,-2.000,1k79,1k79_GC_B_DG_9_C_DC_8,True,True,majorgw,14.674
Ets1,CCTGTTC*CGGTAT,-1.000,1k79,1k79_GC_B_DG_9_C_DC_8,True,True,majorgw,14.069
Ets1,CCTGTTC*CGGTAT,-1.000,1k79,1k79_GC_B_DG_9_C_DC_8,True,True,beta,22.500
Ets1,CCTGTTC*CGGTAT,0.000,1k79,1k79_GC_B_DG_9_C_DC_8,True,True,beta,24.900
Ets1,CCTGTTC*CGGTAT,1.000,1k79,1k79_GC_B_DG_9_C_DC_8,True,True,beta,20.900
Ets1,CCTGTTC*CGGTAT,-1.000,1k79,1k79_GC_B_DG_9_C_DC_8,True,True,zeta,20.600
Ets1,CCTGTTC*CGGTAT,0.000,1k79,1k79_GC_B_DG_9_C_DC_8,True,True,zeta,23.000
Ets1,CCTGTTC*CGGTAT,1.000,1k79,1k79_GC_B_DG_9_C_DC_8,True,True,zeta,24.900
GR,CAGA*ACATGATGTTCTCA,,1r4r,1r4r_AT_C_DA_5_D_DT_16,False,False,stretch,-0.415
GR,CAGA*ACATGATGTTCTCA,,1r4r,1r4r_AT_C_DA_5_D_DT_16,False,False,propeller,-20.684
GR,CAGA*ACATGATGTTCTCA,,1r4r,1r4r_AT_C_DA_5_D_DT_16,False,False,opening,-5.386
GR,CAGA*ACATGATGTTCTCA,,1r4r,1r4r_AT_C_DA_5_D_DT_16,False,False,shift,2.031
GR,CAGA*ACATGATGTTCTCA,,1r4r,1r4r_AT_C_DA_5_D_DT_16,False,False,rise,3.725
GR,CAGA*ACATGATGTTCTCA,,1r4r,1r4r_AT_C_DA_5_D_DT_16,False,False,tilt,7.714
GR,CAGA*ACATGATGTTCTCA,-1.000,1r4r,1r4r_AT_C_DA_5_D_DT_16,False,False,minorgw,3.648
GR,CAGA*ACATGATGTTCTCA,0.000,1r4r,1r4r_AT_C_DA_5_D_DT_16,False,False,minorgw,3.242
GR,CAGAACATGATGTT*CTCA,,1r4r,1r4r_TA_C_DT_15_D_DA_6,False,False,shear,-0.820
GR,CAGAACATGATGTT*CTCA,,1r4r,1r4r_TA_C_DT_15_D_DA_6,False,False,stretch,-0.492
GR,CAGAACATGATGTT*CTCA,,1r4r,1r4r_TA_C_DT_15_D_DA_6,False,False,propeller,-20.049
GR,CAGAACATGATGTT*CTCA,,1r4r,1r4r_TA_C_DT_15_D_DA_6,False,False,opening,-5.922
GR,CAGAACATGATGTT*CTCA,,1r4r,1r4r_TA_C_DT_15_D_DA_6,False,False,shift,-0.627
GR,CAGAACATGATGTT*CTCA,,1r4r,1r4r_TA_C_DT_15_D_DA_6,False,False,twist,46.890
Max-Max,TAGATCA*CGTGAATG,,1an2,1an2_AT_B_DA_10_B_DT_13,False,True,shear,-0.633
Max-Max,TAGATCA*CGTGAATG,,1an2,1an2_AT_B_DA_10_B_DT_13,False,True,stretch,0.376
Max-Max,TAGATCA*CGTGAATG,,1an2,1an2_AT_B_DA_10_B_DT_13,False,True,stagger,1.008
Max-Max,TAGATCA*CGTGAATG,,1an2,1an2_AT_B_DA_10_B_DT_13,False,True,buckle,22.289
Max-Max,TAGATCA*CGTGAATG,,1an2,1an2_AT_B_DA_10_B_DT_13,False,True,opening,-7.082
Max-Max,TAGATCA*CGTGAATG,,1an2,1an2_AT_B_DA_10_B_DT_13,False,True,c1c1_dist,11.208
Max-Max,TAGATCA*CGTGAATG,,1an2,1an2_AT_B_DA_10_B_DT_13,False,True,shift,-0.855
Max-Max,TAGATCA*CGTGAATG,,1an2,1an2_AT_B_DA_10_B_DT_13,False,True,rise,4.304
Max-Max,TAGATCA*CGTGAATG,,1an2,1an2_AT_B_DA_10_B_DT_13,False,True,roll,-8.917
Max-Max,TAGATCA*CGTGAATG,-2.000,1an2,1an2_AT_B_DA_10_B_DT_13,False,True,minorgw,8.257
Max-Max,TAGATCA*CGTGAATG,-1.000,1an2,1an2_AT_B_DA_10_B_DT_13,False,True,minorgw,7.988
Max-Max,TAGATCA*CGTGAATG,0.000,1an2,1an2_AT_B_DA_10_B_DT_13,False,True,minorgw,7.344
Max-Max,TAGATCA*CGTGAATG,1.000,1an2,1an2_AT_B_DA_10_B_DT_13,False,True,minorgw,7.344
Max-Max,TAGATCA*CGTGAATG,0.000,1an2,1an2_AT_B_DA_10_B_DT_13,False,True,beta,18.800
Max-Max,TAGATCA*CGTGAATG,1.000,1an2,1an2_AT_B_DA_10_B_DT_13,False,True,beta,18.900
Max-Max,TAGATCA*CGTGAATG,-1.000,1an2,1an2_AT_B_DA_10_B_DT_13,False,True,zeta,26.200
Max-Max,TAGATCA*CGTGAATG,0.000,1an2,1an2_AT_B_DA_10_B_DT_13,False,True,zeta,25.400
Max-Max,TAGATCA*CGTGAATG,1.000,1an2,1an2_AT_B_DA_10_B_DT_13,False,True,zeta,25.600
Max-Max,TAGATCA*CGTGAATG,,1an2,1an2_TA_B_DT_13_B_DA_10,False,True,shear,-0.633
Max-Max,TAGATCA*CGTGAATG,,1an2,1an2_TA_B_DT_13_B_DA_10,False,True,stretch,0.376
Max-Max,TAGATCA*CGTGAATG,,1an2,1an2_TA_B_DT_13_B_DA_10,False,True,stagger,1.008
Max-Max,TAGATCA*CGTGAATG,,1an2,1an2_TA_B_DT_13_B_DA_10,False,True,buckle,22.289
Max-Max,TAGATCA*CGTGAATG,,1an2,1an2_TA_B_DT_13_B_DA_10,False,True,opening,-7.082
Max-Max,TAGATCA*CGTGAATG,,1an2,1an2_TA_B_DT_13_B_DA_10,False,True,c1c1_dist,11.208
Max-Max,TAGATCA*CGTGAATG,,1an2,1an2_TA_B_DT_13_B_DA_10,False,True,rise,2.922
Max-Max,TAGATCA*CGTGAATG,,1an2,1an2_TA_B_DT_13_B_DA_10,False,True,tilt,-7.710
Max-Max,TAGATCA*CGTGAATG,,1an2,1an2_TA_B_DT_13_B_DA_10,False,True,roll,10.112
Max-Max,TAGATCA*CGTGAATG,-2.000,1an2,1an2_TA_B_DT_13_B_DA_10,False,True,minorgw,7.344
Max-Max,TAGATCA*CGTGAATG,-1.000,1an2,1an2_TA_B_DT_13_B_DA_10,False,True,minorgw,7.344
Max-Max,TAGATCA*CGTGAATG,0.000,1an2,1an2_TA_B_DT_13_B_DA_10,False,True,minorgw,7.988
Max-Max,TAGATCA*CGTGAATG,1.000,1an2,1an2_TA_B_DT_13_B_DA_10,False,True,minorgw,8.257
Max-Max,TAGATCA*CGTGAATG,-1.000,1an2,1an2_TA_B_DT_13_B_DA_10,False,True,beta,18.900
Max-Max,TAGATCA*CGTGAATG,0.000,1an2,1an2_TA_B_DT_13_B_DA_10,False,True,beta,18.800
Max-Max,TAGATCA*CGTGAATG,-1.000,1an2,1an2_TA_B_DT_13_B_DA_10,False,True,zeta,25.600
Max-Max,TAGATCA*CGTGAATG,0.000,1an2,1an2_TA_B_DT_13_B_DA_10,False,True,zeta,25.400
Max-Max,TAGATCA*CGTGAATG,1.000,1an2,1an2_TA_B_DT_13_B_DA_10,False,True,zeta,26.200
Max-Myc,TGCCACCTGGTGGCCA*CGTGCC,,1nkp,1nkp_AT_F_DA_109_G_DT_312,True,True,shift,-0.610
Max-Myc,TGCCACCTGGTGGCCA*CGTGCC,,1nkp,1nkp_AT_F_DA_109_G_DT_312,True,True,twist,29.983
Max-Myc,TGCCACCTGGTGGCCA*CGTGCC,-2.000,1nkp,1nkp_AT_F_DA_109_G_DT_312,True,True,minorgw,7.439
Max-Myc,TGCCACCTGGTGGCCA*CGTGCC,1.000,1nkp,1nkp_AT_F_DA_109_G_DT_312,True,True,minorgw,7.250
Max-Myc,TGCCACCTGGTGGCCA*CGTGCC,-1.000,1nkp,1nkp_AT_F_DA_109_G_DT_312,True,True,majorgw,14.370
Max-Myc,TGCCACCTGGTGGCCA*CGTGCC,-1.000,1nkp,1nkp_AT_F_DA_109_G_DT_312,True,True,zeta,26.400
Max-Myc,TGCCACCTGGTGGCCA*CGTGCC,0.000,1nkp,1nkp_AT_F_DA_109_G_DT_312,True,True,zeta,27.400
Max-Myc,TGCCACCTGGTGGCCA*CGTGCC,,1nkp,1nkp_TA_F_DT_112_G_DA_309,True,True,slide,0.899
Max-Myc,TGCCACCTGGTGGCCA*CGTGCC,,1nkp,1nkp_TA_F_DT_112_G_DA_309,True,True,roll,10.801
Max-Myc,TGCCACCTGGTGGCCA*CGTGCC,-2.000,1nkp,1nkp_TA_F_DT_112_G_DA_309,True,True,minorgw,7.250
Max-Myc,TGCCACCTGGTGGCCA*CGTGCC,-1.000,1nkp,1nkp_TA_F_DT_112_G_DA_309,True,True,minorgw,8.363
Max-Myc,TGCCACCTGGTGGCCA*CGTGCC,0.000,1nkp,1nkp_TA_F_DT_112_G_DA_309,True,True,minorgw,9.495
Max-Myc,TGCCACCTGGTGGCCA*CGTGCC,1.000,1nkp,1nkp_TA_F_DT_112_G_DA_309,True,True,minorgw,9.322
Max-Myc,TGCCACCTGGTGGCCA*CGTGCC,-1.000,1nkp,1nkp_TA_F_DT_112_G_DA_309,True,True,beta,23.300
Max-Myc,TGCCACCTGGTGGCCA*CGTGCC,0.000,1nkp,1nkp_TA_F_DT_112_G_DA_309,True,True,beta,25.900
Max-Myc,TGCCACCTGGTGGCCA*CGTGCC,1.000,1nkp,1nkp_TA_F_DT_112_G_DA_309,True,True,beta,25.300
Max-Myc,TGCCACCTGGTGGCCA*CGTGCC,-1.000,1nkp,1nkp_TA_F_DT_112_G_DA_309,True,True,zeta,25.700
Max-Myc,TGCCACCTGGTGGCCA*CGTGCC,0.000,1nkp,1nkp_TA_F_DT_112_G_DA_309,True,True,zeta,23.000
Max-Myc,TGCCACCTGGTGGCCA*CGTGCC,1.000,1nkp,1nkp_TA_F_DT_112_G_DA_309,True,True,zeta,23.300
RelA,CCTGGGGAATTTCCG*GGA,,5u01,5u01_CG_E_DC_203_F_DG_224,False,True,stagger,0.681
RelA,CCTGGGGAATTTCCG*GGA,,5u01,5u01_CG_E_DC_203_F_DG_224,False,True,propeller,-20.980
RelA,CCTGGGGAATTTCCG*GGA,,5u01,5u01_CG_E_DC_203_F_DG_224,False,True,opening,-7.069
RelA,CCTGGGGAATTTCCG*GGA,,5u01,5u01_CG_E_DC_203_F_DG_224,False,True,c1c1_dist,10.924
RelA,CCTGGGGAATTTCCG*GGA,,5u01,5u01_CG_E_DC_203_F_DG_224,False,True,shift,-1.585
RelA,CCTGGGGAATTTCCG*GGA,,5u01,5u01_CG_E_DC_203_F_DG_224,False,True,roll,-6.952
RelA,CCTGGGGAATTTCCG*GGA,0.000,5u01,5u01_CG_E_DC_203_F_DG_224,False,True,minorgw,7.388
RelA,CCTGGGGAATTTCCG*GGA,0.000,5u01,5u01_CG_E_DC_203_F_DG_224,False,True,majorgw,13.908
RelA,CCTGGGGAATTTCCG*GGA,1.000,5u01,5u01_CG_E_DC_203_F_DG_224,False,True,zeta,27.400
RelA,CCTGGGGAATTTCC*GGGA,,5u01,5u01_GC_E_DG_204_F_DC_223,True,True,stagger,0.999
RelA,CCTGGGGAATTTCC*GGGA,,5u01,5u01_GC_E_DG_204_F_DC_223,True,True,opening,4.454
RelA,CCTGGGGAATTTCC*GGGA,,5u01,5u01_GC_E_DG_204_F_DC_223,True,True,tilt,3.061
RelA,CCTGGGGAATTTCC*GGGA,-1.000,5u01,5u01_GC_E_DG_204_F_DC_223,True,True,minorgw,7.388
RelA,CCTGGGGAATTTCC*GGGA,-1.000,5u01,5u01_GC_E_DG_204_F_DC_223,True,True,majorgw,13.908
RelA,CCTGGGGAATTTCC*GGGA,1.000,5u01,5u01_GC_E_DG_204_F_DC_223,True,True,majorgw,14.045
RelA,CCTGGGGAATTTCC*GGGA,1.000,5u01,5u01_GC_E_DG_204_F_DC_223,True,True,gamma,-104.500
RelA,CCTGGGGAATTTCC*GGGA,0.000,5u01,5u01_GC_E_DG_204_F_DC_223,True,True,zeta,27.400
RelA,CCTGGGGAATTTCC*GGGA,,5u01,5u01_CG_E_DC_223_F_DG_204,True,True,stagger,0.918
RelA,CCTGGGGAATTTCC*GGGA,,5u01,5u01_CG_E_DC_223_F_DG_204,True,True,propeller,0.318
RelA,CCTGGGGAATTTCC*GGGA,,5u01,5u01_CG_E_DC_223_F_DG_204,True,True,opening,5.879
RelA,CCTGGGGAATTTCC*GGGA,,5u01,5u01_CG_E_DC_223_F_DG_204,True,True,shift,1.292
RelA,CCTGGGGAATTTCC*GGGA,,5u01,5u01_CG_E_DC_223_F_DG_204,True,True,roll,-10.757
RelA,CCTGGGGAATTTCC*GGGA,-1.000,5u01,5u01_CG_E_DC_223_F_DG_204,True,True,minorgw,7.306
RelA,CCTGGGGAATTTCC*GGGA,0.000,5u01,5u01_CG_E_DC_223_F_DG_204,True,True,minorgw,8.332
RelA,CCTGGGGAATTTCC*GGGA,-2.000,5u01,5u01_CG_E_DC_223_F_DG_204,True,True,majorgw,14.545
RelA,CCTGGGGAATTTCC*GGGA,0.000,5u01,5u01_CG_E_DC_223_F_DG_204,True,True,majorgw,14.096
RelA,CCTGGGGAATTTCC*GGGA,-1.000,5u01,5u01_CG_E_DC_223_F_DG_204,True,True,gamma,151.000
RelA,CCTGGGGAATTTCC*GGGA,0.000,5u01,5u01_CG_E_DC_223_F_DG_204,True,True,gamma,96.800
RelA,CCTGGGGAATTTCC*GGGA,0.000,5u01,5u01_CG_E_DC_223_F_DG_204,True,True,zeta,23.000
RelA,CCTGGGGAATTTCCG*GGA,,5u01,5u01_GC_E_DG_224_F_DC_203,True,True,stagger,0.984
RelA,CCTGGGGAATTTCCG*GGA,,5u01,5u01_GC_E_DG_224_F_DC_203,True,True,propeller,-27.362
RelA,CCTGGGGAATTTCCG*GGA,,5u01,5u01_GC_E_DG_224_F_DC_203,True,True,opening,-9.654
RelA,CCTGGGGAATTTCCG*GGA,,5u01,5u01_GC_E_DG_224_F_DC_203,True,True,c1c1_dist,10.925
RelA,CCTGGGGAATTTCCG*GGA,,5u01,5u01_GC_E_DG_224_F_DC_203,True,True,shift,1.635
RelA,CCTGGGGAATTTCCG*GGA,-2.000,5u01,5u01_GC_E_DG_224_F_DC_203,True,True,minorgw,7.306
RelA,CCTGGGGAATTTCCG*GGA,-1.000,5u01,5u01_GC_E_DG_224_F_DC_203,True,True,minorgw,8.332
RelA,CCTGGGGAATTTCCG*GGA,-1.000,5u01,5u01_GC_E_DG_224_F_DC_203,True,True,majorgw,14.096
RelA,CCTGGGGAATTTCCG*GGA,-1.000,5u01,5u01_GC_E_DG_224_F_DC_203,True,True,gamma,96.800
RelA,CCTGGGGAATTTCCG*GGA,-1.000,5u01,5u01_GC_E_DG_224_F_DC_203,True,True,zeta,23.000
Runx1,TCTTATGT*GGTTTTTG,,1hjb,1hjb_TA_G_DT_19_H_DA_9,False,True,shear,-0.466
Runx1,TCTTATGT*GGTTTTTG,,1hjb,1hjb_TA_G_DT_19_H_DA_9,False,True,stretch,-0.429
Runx1,TCTTATGT*GGTTTTTG,,1hjb,1hjb_TA_G_DT_19_H_DA_9,False,True,stagger,-0.406
Runx1,TCTTATGT*GGTTTTTG,,1hjb,1hjb_TA_G_DT_19_H_DA_9,False,True,propeller,2.949
Runx1,TCTTATGT*GGTTTTTG,-2.000,1hjb,1hjb_TA_G_DT_19_H_DA_9,False,True,minorgw,6.955
Runx1,TCTTATGT*GGTTTTTG,0.000,1hjb,1hjb_TA_G_DT_19_H_DA_9,False,True,minorgw,7.413
Runx1,TCTTATGT*GGTTTTTG,1.000,1hjb,1hjb_TA_G_DT_19_H_DA_9,False,True,minorgw,7.812
Runx1,TCTTATGT*GGTTTTTG,-2.000,1hjb,1hjb_TA_G_DT_19_H_DA_9,False,True,majorgw,13.699
Runx1,TCTTATGT*GGTTTTTG,-1.000,1hjb,1hjb_TA_G_DT_19_H_DA_9,False,True,majorgw,13.588
Runx1,TCTTATGT*GGTTTTTG,1.000,1hjb,1hjb_TA_G_DT_19_H_DA_9,False,True,beta,21.200
Runx1,TCTTATGT*GGTTTTTG,0.000,1hjb,1hjb_TA_G_DT_19_H_DA_9,False,True,zeta,26.400
Runx1,TCTTATGT*GGTTTTTG,1.000,1hjb,1hjb_TA_G_DT_19_H_DA_9,False,True,zeta,25.500
TBP,ACTATA*AAAAGTTC,,1qne,1qne_AT_C_DA_206_D_DT_223,True,True,stagger,-0.387
TBP,ACTATA*AAAAGTTC,,1qne,1qne_AT_C_DA_206_D_DT_223,True,True,propeller,-1.823
TBP,ACTATA*AAAAGTTC,,1qne,1qne_AT_C_DA_206_D_DT_223,True,True,opening,5.444
TBP,ACTATA*AAAAGTTC,,1qne,1qne_AT_C_DA_206_D_DT_223,True,True,c1c1_dist,10.266
TBP,ACTATA*AAAAGTTC,,1qne,1qne_AT_C_DA_206_D_DT_223,True,True,shift,0.562
TBP,ACTATA*AAAAGTTC,,1qne,1qne_AT_C_DA_206_D_DT_223,True,True,slide,1.281
TBP,ACTATA*AAAAGTTC,,1qne,1qne_AT_C_DA_206_D_DT_223,True,True,roll,19.666
TBP,ACTATA*AAAAGTTC,,1qne,1qne_AT_C_DA_206_D_DT_223,True,True,twist,12.441
TBP,ACTATA*AAAAGTTC,-2.000,1qne,1qne_AT_C_DA_206_D_DT_223,True,True,minorgw,16.355
TBP,ACTATA*AAAAGTTC,-1.000,1qne,1qne_AT_C_DA_206_D_DT_223,True,True,minorgw,17.912
TBP,ACTATA*AAAAGTTC,0.000,1qne,1qne_AT_C_DA_206_D_DT_223,True,True,minorgw,18.648
TBP,ACTATA*AAAAGTTC,1.000,1qne,1qne_AT_C_DA_206_D_DT_223,True,True,minorgw,17.674
TBP,ACTATA*AAAAGTTC,-1.000,1qne,1qne_AT_C_DA_206_D_DT_223,True,True,majorgw,13.820
TBP,ACTATA*AAAAGTTC,0.000,1qne,1qne_AT_C_DA_206_D_DT_223,True,True,majorgw,13.924
TBP,ACTATA*AAAAGTTC,-1.000,1qne,1qne_AT_C_DA_206_D_DT_223,True,True,beta,84.600
TBP,ACTATA*AAAAGTTC,0.000,1qne,1qne_AT_C_DA_206_D_DT_223,True,True,beta,83.500
TBP,ACTATA*AAAAGTTC,1.000,1qne,1qne_AT_C_DA_206_D_DT_223,True,True,beta,84.700
TBP,ACTATA*AAAAGTTC,-1.000,1qne,1qne_AT_C_DA_206_D_DT_223,True,True,zeta,-6.200
TBP,ACTATA*AAAAGTTC,0.000,1qne,1qne_AT_C_DA_206_D_DT_223,True,True,zeta,-14.100
TBP,ACTATA*AAAAGTTC,1.000,1qne,1qne_AT_C_DA_206_D_DT_223,True,True,zeta,-9.800
TBP,ACTATAAAAA*GTTC,,1qne,1qne_AT_C_DA_209_D_DT_220,False,True,buckle,38.206
TBP,ACTATAAAAA*GTTC,,1qne,1qne_AT_C_DA_209_D_DT_220,False,True,opening,8.646
TBP,ACTATAAAAA*GTTC,,1qne,1qne_AT_C_DA_209_D_DT_220,False,True,c1c1_dist,9.652
TBP,ACTATAAAAA*GTTC,,1qne,1qne_AT_C_DA_209_D_DT_220,False,True,slide,0.452
TBP,ACTATAAAAA*GTTC,,1qne,1qne_AT_C_DA_209_D_DT_220,False,True,rise,5.060
TBP,ACTATAAAAA*GTTC,,1qne,1qne_AT_C_DA_209_D_DT_220,False,True,roll,42.851
TBP,ACTATAAAAA*GTTC,,1qne,1qne_AT_C_DA_209_D_DT_220,False,True,twist,25.981
TBP,ACTATAAAAA*GTTC,-2.000,1qne,1qne_AT_C_DA_209_D_DT_220,False,True,minorgw,17.674
TBP,ACTATAAAAA*GTTC,-1.000,1qne,1qne_AT_C_DA_209_D_DT_220,False,True,minorgw,15.983
TBP,ACTATAAAAA*GTTC,0.000,1qne,1qne_AT_C_DA_209_D_DT_220,False,True,minorgw,13.561
TBP,ACTATAAAAA*GTTC,1.000,1qne,1qne_AT_C_DA_209_D_DT_220,False,True,minorgw,10.235
TBP,ACTATAAAAA*GTTC,0.000,1qne,1qne_AT_C_DA_209_D_DT_220,False,True,majorgw,9.402
TBP,ACTATAAAAA*GTTC,1.000,1qne,1qne_AT_C_DA_209_D_DT_220,False,True,majorgw,9.271
TBP,ACTATAAAAA*GTTC,-1.000,1qne,1qne_AT_C_DA_209_D_DT_220,False,True,beta,81.400
TBP,ACTATAAAAA*GTTC,0.000,1qne,1qne_AT_C_DA_209_D_DT_220,False,True,beta,71.000
TBP,ACTATAAAAA*GTTC,1.000,1qne,1qne_AT_C_DA_209_D_DT_220,False,True,beta,55.500
TBP,ACTATAAAAA*GTTC,-1.000,1qne,1qne_AT_C_DA_209_D_DT_220,False,True,zeta,-0.900
TBP,ACTATAAAAA*GTTC,0.000,1qne,1qne_AT_C_DA_209_D_DT_220,False,True,zeta,8.300
TBP,ACTATAAAAA*GTTC,1.000,1qne,1qne_AT_C_DA_209_D_DT_220,False,True,zeta,18.900
TBP,ACTATAAAAAG*TTC,,1qne,1qne_GC_C_DG_210_D_DC_219,False,True,propeller,1.369
TBP,ACTATAAAAAG*TTC,,1qne,1qne_GC_C_DG_210_D_DC_219,False,True,c1c1_dist,10.362
TBP,ACTATAAAAAG*TTC,,1qne,1qne_GC_C_DG_210_D_DC_219,False,True,shift,-1.541
TBP,ACTATAAAAAG*TTC,-2.000,1qne,1qne_GC_C_DG_210_D_DC_219,False,True,minorgw,15.983
TBP,ACTATAAAAAG*TTC,-1.000,1qne,1qne_GC_C_DG_210_D_DC_219,False,True,minorgw,13.561
TBP,ACTATAAAAAG*TTC,0.000,1qne,1qne_GC_C_DG_210_D_DC_219,False,True,minorgw,10.235
TBP,ACTATAAAAAG*TTC,1.000,1qne,1qne_GC_C_DG_210_D_DC_219,False,True,minorgw,8.675
TBP,ACTATAAAAAG*TTC,-1.000,1qne,1qne_GC_C_DG_210_D_DC_219,False,True,majorgw,9.402
TBP,ACTATAAAAAG*TTC,0.000,1qne,1qne_GC_C_DG_210_D_DC_219,False,True,majorgw,9.271
TBP,ACTATAAAAAG*TTC,-1.000,1qne,1qne_GC_C_DG_210_D_DC_219,False,True,beta,71.000
TBP,ACTATAAAAAG*TTC,0.000,1qne,1qne_GC_C_DG_210_D_DC_219,False,True,beta,55.500
TBP,ACTATAAAAAG*TTC,1.000,1qne,1qne_GC_C_DG_210_D_DC_219,False,True,beta,34.600
TBP,ACTATAAAAAG*TTC,-1.000,1qne,1qne_GC_C_DG_210_D_DC_219,False,True,zeta,8.300
TBP,ACTATAAAAAG*TTC,0.000,1qne,1qne_GC_C_DG_210_D_DC_219,False,True,zeta,18.900
TBP,ACTATAAAAAG*TTC,1.000,1qne,1qne_GC_C_DG_210_D_DC_219,False,True,zeta,26.700
p53,AGACA*TGCCCGGGCATGCCTC,,3kz8,3kz8_AT_C_DA_5_C_DT_16,False,True,c1c1_dist,8.246
p53,AGACA*TGCCCGGGCATGCCTC,0.000,3kz8,3kz8_AT_C_DA_5_C_DT_16,False,True,minorgw,8.435
p53,AGACA*TGCCCGGGCATGCCTC,-2.000,3kz8,3kz8_AT_C_DA_5_C_DT_16,False,True,majorgw,13.638
p53,AGACA*TGCCCGGGCATGCCTC,0.000,3kz8,3kz8_AT_C_DA_5_C_DT_16,False,True,majorgw,7.355
p53,AGACA*TGCCCGGGCATGCCTC,0.000,3kz8,3kz8_AT_C_DA_5_C_DT_16,False,True,beta,19.800
p53,AGACA*TGCCCGGGCATGCCTC,1.000,3kz8,3kz8_AT_C_DA_5_C_DT_16,False,True,beta,19.800
p53,AGACA*TGCCCGGGCATGCCTC,-1.000,3kz8,3kz8_AT_C_DA_5_C_DT_16,False,True,gamma,114.900
p53,AGACAT*GCCCGGGCATGCCTC,,3kz8,3kz8_TA_C_DT_6_C_DA_15,False,True,c1c1_dist,8.265
p53,AGACAT*GCCCGGGCATGCCTC,-1.000,3kz8,3kz8_TA_C_DT_6_C_DA_15,False,True,minorgw,8.435
p53,AGACAT*GCCCGGGCATGCCTC,-1.000,3kz8,3kz8_TA_C_DT_6_C_DA_15,False,True,majorgw,7.355
p53,AGACAT*GCCCGGGCATGCCTC,1.000,3kz8,3kz8_TA_C_DT_6_C_DA_15,False,True,majorgw,13.633
p53,AGACAT*GCCCGGGCATGCCTC,-1.000,3kz8,3kz8_TA_C_DT_6_C_DA_15,False,True,beta,19.800
p53,AGACAT*GCCCGGGCATGCCTC,0.000,3kz8,3kz8_TA_C_DT_6_C_DA_15,False,True,beta,19.800
p53,AGACATGCCCGGGCA*TGCCTC,,3kz8,3kz8_AT_C_DA_15_C_DT_6,False,True,c1c1_dist,8.265
p53,AGACATGCCCGGGCA*TGCCTC,0.000,3kz8,3kz8_AT_C_DA_15_C_DT_6,False,True,minorgw,8.435
p53,AGACATGCCCGGGCA*TGCCTC,-2.000,3kz8,3kz8_AT_C_DA_15_C_DT_6,False,True,majorgw,13.632
p53,AGACATGCCCGGGCA*TGCCTC,0.000,3kz8,3kz8_AT_C_DA_15_C_DT_6,False,True,majorgw,7.355
p53,AGACATGCCCGGGCA*TGCCTC,0.000,3kz8,3kz8_AT_C_DA_15_C_DT_6,False,True,beta,19.800
p53,AGACATGCCCGGGCA*TGCCTC,1.000,3kz8,3kz8_AT_C_DA_15_C_DT_6,False,True,beta,19.800
p53,AGACATGCCCGGGCA*TGCCTC,-1.000,3kz8,3kz8_AT_C_DA_15_C_DT_6,False,True,gamma,114.700
p53,AGACATGCCCGGGCAT*GCCTC,,3kz8,3kz8_TA_C_DT_16_C_DA_5,False,True,c1c1_dist,8.246
p53,AGACATGCCCGGGCAT*GCCTC,-1.000,3kz8,3kz8_TA_C_DT_16_C_DA_5,False,True,minorgw,8.435
p53,AGACATGCCCGGGCAT*GCCTC,-1.000,3kz8,3kz8_TA_C_DT_16_C_DA_5,False,True,majorgw,7.355
p53,AGACATGCCCGGGCAT*GCCTC,1.000,3kz8,3kz8_TA_C_DT_16_C_DA_5,False,True,majorgw,13.640
p53,AGACATGCCCGGGCAT*GCCTC,-1.000,3kz8,3kz8_TA_C_DT_16_C_DA_5,False,True,beta,19.800
p53,AGACATGCCCGGGCAT*GCCTC,0.000,3kz8,3kz8_TA_C_DT_16_C_DA_5,False,True,beta,19.800
