tf,flank,pdbid,pairid,isHbond,isVdw,param,value
CTCF,,5t00,5t00_AT_B_DA_2_C_DT_16,False,True,shear,-1.090
CTCF,,5t00,5t00_AT_B_DA_2_C_DT_16,False,True,opening,13.501
CTCF,,5t00,5t00_AT_B_DA_2_C_DT_16,False,True,c1c1_dist,10.019
CTCF,1.000,5t00,5t00_AT_B_DA_2_C_DT_16,False,True,minorgw,8.413
CTCF,0.000,5t00,5t00_GC_B_DG_3_C_DC_15,False,True,minorgw,8.413
CTCF,1.000,5t00,5t00_GC_B_DG_3_C_DC_15,False,True,minorgw,8.676
CTCF,1.000,5t00,5t00_GC_B_DG_3_C_DC_15,False,True,zeta,19.900
CTCF,,5t00,5t00_cG_B_5CM_4_C_DG_14,True,True,stretch,0.354
CTCF,,5t00,5t00_cG_B_5CM_4_C_DG_14,True,True,c1c1_dist,11.366
CTCF,,5t00,5t00_cG_B_5CM_4_C_DG_14,True,True,roll,12.111
CTCF,-1.000,5t00,5t00_cG_B_5CM_4_C_DG_14,True,True,minorgw,8.413
CTCF,0.000,5t00,5t00_cG_B_5CM_4_C_DG_14,True,True,minorgw,8.676
CTCF,1.000,5t00,5t00_cG_B_5CM_4_C_DG_14,True,True,minorgw,8.956
CTCF,1.000,5t00,5t00_cG_B_5CM_4_C_DG_14,True,True,beta,27.800
CTCF,0.000,5t00,5t00_cG_B_5CM_4_C_DG_14,True,True,zeta,19.900
CTCF,1.000,5t00,5t00_cG_B_5CM_4_C_DG_14,True,True,zeta,17.400
CTCF,-2.000,5t00,5t00_Gc_B_DG_5_C_5CM_13,True,True,minorgw,8.413
CTCF,-1.000,5t00,5t00_Gc_B_DG_5_C_5CM_13,True,True,minorgw,8.676
CTCF,0.000,5t00,5t00_Gc_B_DG_5_C_5CM_13,True,True,minorgw,8.956
CTCF,1.000,5t00,5t00_Gc_B_DG_5_C_5CM_13,True,True,minorgw,9.353
CTCF,0.000,5t00,5t00_Gc_B_DG_5_C_5CM_13,True,True,beta,27.800
CTCF,-1.000,5t00,5t00_Gc_B_DG_5_C_5CM_13,True,True,zeta,19.900
CTCF,0.000,5t00,5t00_Gc_B_DG_5_C_5CM_13,True,True,zeta,17.400
CTCF,1.000,5t00,5t00_Gc_B_DG_5_C_5CM_13,True,True,zeta,16.100
CTCF,,5t00,5t00_CG_B_DC_6_C_DG_12,True,True,twist,24.151
CTCF,-2.000,5t00,5t00_CG_B_DC_6_C_DG_12,True,True,minorgw,8.676
CTCF,-1.000,5t00,5t00_CG_B_DC_6_C_DG_12,True,True,minorgw,8.956
CTCF,0.000,5t00,5t00_CG_B_DC_6_C_DG_12,True,True,minorgw,9.353
CTCF,-1.000,5t00,5t00_CG_B_DC_6_C_DG_12,True,True,beta,27.800
CTCF,-1.000,5t00,5t00_CG_B_DC_6_C_DG_12,True,True,zeta,17.400
CTCF,0.000,5t00,5t00_CG_B_DC_6_C_DG_12,True,True,zeta,16.100
CTCF,1.000,5t00,5t00_CG_B_DC_6_C_DG_12,True,True,zeta,16.900
CTCF,-2.000,5t00,5t00_CG_B_DC_7_C_DG_11,True,True,minorgw,8.956
CTCF,-1.000,5t00,5t00_CG_B_DC_7_C_DG_11,True,True,minorgw,9.353
CTCF,-1.000,5t00,5t00_CG_B_DC_7_C_DG_11,True,True,zeta,16.100
CTCF,0.000,5t00,5t00_CG_B_DC_7_C_DG_11,True,True,zeta,16.900
CTCF,1.000,5t00,5t00_CG_B_DC_7_C_DG_11,True,True,zeta,18.000
CTCF,-2.000,5t00,5t00_CG_B_DC_8_C_DG_10,True,True,minorgw,9.353
CTCF,-1.000,5t00,5t00_CG_B_DC_8_C_DG_10,True,True,zeta,16.900
CTCF,0.000,5t00,5t00_CG_B_DC_8_C_DG_10,True,True,zeta,18.000
CTCF,1.000,5t00,5t00_CG_B_DC_8_C_DG_10,True,True,zeta,18.300
Creb,,5zk1,5zk1_GC_B_DG_-3_B_DC_3,False,True,shear,-1.040
Creb,,5zk1,5zk1_AT_B_DA_-2_B_DT_2,False,False,opening,-8.715
Creb,1.000,5zk1,5zk1_AT_B_DA_-2_B_DT_2,False,False,minorgw,8.445
Creb,,5zk1,5zk1_CG_B_DC_-1_B_DG_1,False,True,stretch,-0.455
Creb,,5zk1,5zk1_CG_B_DC_-1_B_DG_1,False,True,opening,-8.817
Creb,0.000,5zk1,5zk1_CG_B_DC_-1_B_DG_1,False,True,minorgw,8.445
Creb,,5zk1,5zk1_GC_B_DG_1_B_DC_-1,False,True,stretch,-0.455
Creb,,5zk1,5zk1_GC_B_DG_1_B_DC_-1,False,True,opening,-8.817
Creb,-1.000,5zk1,5zk1_GC_B_DG_1_B_DC_-1,False,True,minorgw,8.445
Creb,,5zk1,5zk1_TA_B_DT_2_B_DA_-2,False,False,opening,-8.715
Creb,-2.000,5zk1,5zk1_TA_B_DT_2_B_DA_-2,False,False,minorgw,8.445
Creb,,5zk1,5zk1_CG_B_DC_3_B_DG_-3,False,True,shear,-1.040
Egr1,1.000,1p47,1p47_GC_C_DG_4_D_DC_61,True,True,zeta,20.400
Egr1,,1p47,1p47_CG_C_DC_5_D_DG_60,False,True,shift,0.951
Egr1,1.000,1p47,1p47_CG_C_DC_5_D_DG_60,False,True,minorgw,8.537
Egr1,0.000,1p47,1p47_CG_C_DC_5_D_DG_60,False,True,zeta,20.400
Egr1,1.000,1p47,1p47_CG_C_DC_5_D_DG_60,False,True,zeta,20.300
Egr1,,1p47,1p47_GC_C_DG_6_D_DC_59,True,True,twist,23.322
Egr1,0.000,1p47,1p47_GC_C_DG_6_D_DC_59,True,True,minorgw,8.537
Egr1,-1.000,1p47,1p47_GC_C_DG_6_D_DC_59,True,True,zeta,20.400
Egr1,0.000,1p47,1p47_GC_C_DG_6_D_DC_59,True,True,zeta,20.300
Egr1,1.000,1p47,1p47_GC_C_DG_6_D_DC_59,True,True,zeta,21.600
Egr1,,1p47,1p47_TA_C_DT_7_D_DA_58,False,True,opening,8.586
Egr1,,1p47,1p47_TA_C_DT_7_D_DA_58,False,True,shift,1.117
Egr1,,1p47,1p47_TA_C_DT_7_D_DA_58,False,True,tilt,9.118
Egr1,-1.000,1p47,1p47_TA_C_DT_7_D_DA_58,False,True,minorgw,8.537
Egr1,-1.000,1p47,1p47_TA_C_DT_7_D_DA_58,False,True,zeta,20.300
Egr1,0.000,1p47,1p47_TA_C_DT_7_D_DA_58,False,True,zeta,21.600
Egr1,-2.000,1p47,1p47_GC_C_DG_8_D_DC_57,True,True,minorgw,8.537
Egr1,-1.000,1p47,1p47_GC_C_DG_8_D_DC_57,True,True,zeta,21.600
Egr1,,1p47,1p47_CG_C_DC_11_D_DG_54,False,True,shift,1.112
Egr1,,1p47,1p47_CG_C_DC_11_D_DG_54,False,True,tilt,6.169
Egr1,1.000,1p47,1p47_CG_C_DC_11_D_DG_54,False,True,zeta,21.600
Egr1,0.000,1p47,1p47_GC_C_DG_12_D_DC_53,True,True,zeta,21.600
Egr1,1.000,1p47,1p47_GC_C_DG_12_D_DC_53,True,True,zeta,19.700
Elk1,1.000,1dux,1dux_CG_A_DC_4_B_DG_10,False,False,minorgw,8.608
Elk1,0.000,1dux,1dux_CG_A_DC_5_B_DG_9,False,True,minorgw,8.608
Elk1,1.000,1dux,1dux_CG_A_DC_5_B_DG_9,False,True,minorgw,8.718
Elk1,1.000,1dux,1dux_CG_A_DC_5_B_DG_9,False,True,zeta,20.200
Elk1,,1dux,1dux_GC_A_DG_6_B_DC_8,True,True,shift,-1.541
Elk1,,1dux,1dux_GC_A_DG_6_B_DC_8,True,True,tilt,-7.052
Elk1,-1.000,1dux,1dux_GC_A_DG_6_B_DC_8,True,True,minorgw,8.608
Elk1,0.000,1dux,1dux_GC_A_DG_6_B_DC_8,True,True,minorgw,8.718
Elk1,1.000,1dux,1dux_GC_A_DG_6_B_DC_8,True,True,minorgw,8.557
Elk1,0.000,1dux,1dux_GC_A_DG_6_B_DC_8,True,True,zeta,20.200
Elk1,1.000,1dux,1dux_GC_A_DG_6_B_DC_8,True,True,zeta,21.300
Elk1,-2.000,1dux,1dux_GC_A_DG_7_B_DC_7,True,True,minorgw,8.608
Elk1,-1.000,1dux,1dux_GC_A_DG_7_B_DC_7,True,True,minorgw,8.718
Elk1,0.000,1dux,1dux_GC_A_DG_7_B_DC_7,True,True,minorgw,8.557
Elk1,-1.000,1dux,1dux_GC_A_DG_7_B_DC_7,True,True,zeta,20.200
Elk1,0.000,1dux,1dux_GC_A_DG_7_B_DC_7,True,True,zeta,21.300
Elk1,-2.000,1dux,1dux_AT_A_DA_8_B_DT_6,False,True,minorgw,8.718
Elk1,-1.000,1dux,1dux_AT_A_DA_8_B_DT_6,False,True,minorgw,8.557
Elk1,-1.000,1dux,1dux_AT_A_DA_8_B_DT_6,False,True,zeta,21.300
Elk1,-2.000,1dux,1dux_AT_A_DA_9_B_DT_5,False,False,minorgw,8.557
Ets1,,1k79,1k79_CG_B_DC_6_C_DG_11,False,False,stagger,-0.638
Ets1,,1k79,1k79_CG_B_DC_6_C_DG_11,False,False,tilt,8.784
Ets1,,1k79,1k79_CG_B_DC_6_C_DG_11,False,False,roll,15.819
Ets1,0.000,1k79,1k79_CG_B_DC_6_C_DG_11,False,False,minorgw,8.408
Ets1,-1.000,1k79,1k79_CG_B_DC_6_C_DG_11,False,False,beta,27.400
Ets1,0.000,1k79,1k79_CG_B_DC_6_C_DG_11,False,False,beta,27.300
Ets1,0.000,1k79,1k79_CG_B_DC_6_C_DG_11,False,False,zeta,20.900
Ets1,1.000,1k79,1k79_CG_B_DC_6_C_DG_11,False,False,zeta,20.200
Ets1,-1.000,1k79,1k79_CG_B_DC_7_C_DG_10,False,True,minorgw,8.408
Ets1,-1.000,1k79,1k79_CG_B_DC_7_C_DG_10,False,True,beta,27.300
Ets1,-1.000,1k79,1k79_CG_B_DC_7_C_DG_10,False,True,zeta,20.900
Ets1,0.000,1k79,1k79_CG_B_DC_7_C_DG_10,False,True,zeta,20.200
Ets1,1.000,1k79,1k79_CG_B_DC_7_C_DG_10,False,True,zeta,20.600
Ets1,,1k79,1k79_GC_B_DG_8_C_DC_9,True,True,shift,-1.204
Ets1,-2.000,1k79,1k79_GC_B_DG_8_C_DC_9,True,True,minorgw,8.408
Ets1,-1.000,1k79,1k79_GC_B_DG_8_C_DC_9,True,True,zeta,20.200
Ets1,0.000,1k79,1k79_GC_B_DG_8_C_DC_9,True,True,zeta,20.600
Ets1,,1k79,1k79_GC_B_DG_9_C_DC_8,True,True,stretch,0.163
Ets1,,1k79,1k79_GC_B_DG_9_C_DC_8,True,True,c1c1_dist,11.071
Ets1,-1.000,1k79,1k79_GC_B_DG_9_C_DC_8,True,True,zeta,20.600
GR,,1r4r,1r4r_AT_C_DA_3_D_DT_18,False,False,opening,14.568
GR,,1r4r,1r4r_AT_C_DA_3_D_DT_18,False,False,c1c1_dist,9.556
GR,,1r4r,1r4r_GC_C_DG_4_D_DC_17,False,True,roll,-11.962
GR,,1r4r,1r4r_GC_C_DG_4_D_DC_17,False,True,twist,47.959
GR,,1r4r,1r4r_AT_C_DA_5_D_DT_16,False,False,shift,2.031
GR,,1r4r,1r4r_AT_C_DA_5_D_DT_16,False,False,tilt,7.714
GR,,1r4r,1r4r_AT_C_DA_6_D_DT_15,False,True,shear,1.045
GR,,1r4r,1r4r_AT_C_DA_6_D_DT_15,False,True,stretch,0.515
GR,,1r4r,1r4r_AT_C_DA_6_D_DT_15,False,True,opening,32.650
GR,,1r4r,1r4r_AT_C_DA_6_D_DT_15,False,True,c1c1_dist,9.618
GR,,1r4r,1r4r_AT_C_DA_6_D_DT_15,False,True,shift,-1.169
GR,1.000,1r4r,1r4r_CG_C_DC_7_D_DG_14,True,True,majorgw,16.340
GR,,1r4r,1r4r_AT_C_DA_8_D_DT_13,False,True,shear,1.104
GR,,1r4r,1r4r_AT_C_DA_8_D_DT_13,False,True,stretch,0.446
GR,,1r4r,1r4r_AT_C_DA_8_D_DT_13,False,True,stagger,0.793
GR,,1r4r,1r4r_AT_C_DA_8_D_DT_13,False,True,c1c1_dist,11.442
GR,,1r4r,1r4r_AT_C_DA_8_D_DT_13,False,True,shift,1.030
GR,,1r4r,1r4r_AT_C_DA_8_D_DT_13,False,True,twist,17.608
GR,0.000,1r4r,1r4r_AT_C_DA_8_D_DT_13,False,True,majorgw,16.340
GR,,1r4r,1r4r_TA_C_DT_9_D_DA_12,False,False,stretch,-0.580
GR,,1r4r,1r4r_TA_C_DT_9_D_DA_12,False,False,stagger,0.876
GR,,1r4r,1r4r_TA_C_DT_9_D_DA_12,False,False,rise,2.700
GR,-1.000,1r4r,1r4r_TA_C_DT_9_D_DA_12,False,False,majorgw,16.340
GR,,1r4r,1r4r_GC_C_DG_10_D_DC_11,False,False,shear,-1.244
GR,,1r4r,1r4r_GC_C_DG_10_D_DC_11,False,False,stretch,-0.830
GR,,1r4r,1r4r_GC_C_DG_10_D_DC_11,False,False,stagger,0.889
GR,,1r4r,1r4r_GC_C_DG_10_D_DC_11,False,False,propeller,-29.819
GR,,1r4r,1r4r_GC_C_DG_10_D_DC_11,False,False,c1c1_dist,10.038
GR,-2.000,1r4r,1r4r_GC_C_DG_10_D_DC_11,False,False,majorgw,16.340
GR,,1r4r,1r4r_AT_C_DA_11_D_DT_10,False,False,stretch,-0.499
GR,,1r4r,1r4r_AT_C_DA_11_D_DT_10,False,False,slide,-1.699
GR,,1r4r,1r4r_TA_C_DT_12_D_DA_9,False,False,shear,1.739
GR,,1r4r,1r4r_GC_C_DG_13_D_DC_8,True,True,opening,10.449
GR,,1r4r,1r4r_TA_C_DT_14_D_DA_7,False,True,opening,-11.187
GR,,1r4r,1r4r_TA_C_DT_15_D_DA_6,False,False,shear,-0.820
GR,,1r4r,1r4r_TA_C_DT_15_D_DA_6,False,False,stretch,-0.492
GR,,1r4r,1r4r_TA_C_DT_15_D_DA_6,False,False,twist,46.890
GR,,1r4r,1r4r_CG_C_DC_16_D_DG_5,False,False,shear,-1.819
GR,,1r4r,1r4r_CG_C_DC_16_D_DG_5,False,False,stretch,-0.652
GR,,1r4r,1r4r_TA_C_DT_17_D_DA_4,False,False,stretch,-0.477
GR,,1r4r,1r4r_TA_C_DT_17_D_DA_4,False,False,c1c1_dist,9.917
GR,,1r4r,1r4r_TA_C_DT_17_D_DA_4,False,False,shift,-2.730
GR,,1r4r,1r4r_CG_C_DC_18_D_DG_3,False,False,shear,-1.375
GR,,1r4r,1r4r_CG_C_DC_18_D_DG_3,False,False,stretch,2.128
GR,,1r4r,1r4r_CG_C_DC_18_D_DG_3,False,False,stagger,1.112
GR,,1r4r,1r4r_CG_C_DC_18_D_DG_3,False,False,opening,31.230
GR,,1r4r,1r4r_CG_C_DC_18_D_DG_3,False,False,c1c1_dist,11.226
GR,,1r4r,1r4r_CG_C_DC_18_D_DG_3,False,False,shift,1.647
GR,,1r4r,1r4r_CG_C_DC_18_D_DG_3,False,False,twist,20.660
Max-Max,,1an2,1an2_TA_B_DT_8_B_DA_15,False,False,stagger,1.170
Max-Max,,1an2,1an2_TA_B_DT_8_B_DA_15,False,False,tilt,-10.952
Max-Max,,1an2,1an2_CG_B_DC_9_B_DG_14,True,True,tilt,7.710
Max-Max,,1an2,1an2_AT_B_DA_10_B_DT_13,False,True,stretch,0.376
Max-Max,,1an2,1an2_AT_B_DA_10_B_DT_13,False,True,stagger,1.008
Max-Max,,1an2,1an2_AT_B_DA_10_B_DT_13,False,True,buckle,22.289
Max-Max,,1an2,1an2_AT_B_DA_10_B_DT_13,False,True,c1c1_dist,11.208
Max-Max,,1an2,1an2_AT_B_DA_10_B_DT_13,False,True,rise,4.304
Max-Max,,1an2,1an2_CG_B_DC_11_B_DG_12,True,True,stretch,-0.455
Max-Max,,1an2,1an2_CG_B_DC_11_B_DG_12,True,True,opening,-9.218
Max-Max,,1an2,1an2_GC_B_DG_12_B_DC_11,True,True,stretch,-0.455
Max-Max,,1an2,1an2_GC_B_DG_12_B_DC_11,True,True,opening,-9.218
Max-Max,,1an2,1an2_GC_B_DG_12_B_DC_11,True,True,rise,4.304
Max-Max,,1an2,1an2_TA_B_DT_13_B_DA_10,False,True,stretch,0.376
Max-Max,,1an2,1an2_TA_B_DT_13_B_DA_10,False,True,stagger,1.008
Max-Max,,1an2,1an2_TA_B_DT_13_B_DA_10,False,True,buckle,22.289
Max-Max,,1an2,1an2_TA_B_DT_13_B_DA_10,False,True,c1c1_dist,11.208
Max-Max,,1an2,1an2_TA_B_DT_13_B_DA_10,False,True,tilt,-7.710
Max-Max,,1an2,1an2_GC_B_DG_14_B_DC_9,True,True,tilt,-10.952
Max-Max,,1an2,1an2_AT_B_DA_15_B_DT_8,False,False,stagger,1.170
Max-Myc,,1nkp,1nkp_CG_F_DC_108_G_DG_313,True,True,buckle,-15.073
Max-Myc,-2.000,1nkp,1nkp_CG_F_DC_108_G_DG_313,True,True,minorgw,8.683
Max-Myc,1.000,1nkp,1nkp_GC_F_DG_111_G_DC_310,False,True,minorgw,9.495
Max-Myc,0.000,1nkp,1nkp_TA_F_DT_112_G_DA_309,True,True,minorgw,9.495
Max-Myc,1.000,1nkp,1nkp_TA_F_DT_112_G_DA_309,True,True,minorgw,9.322
Max-Myc,-1.000,1nkp,1nkp_GC_F_DG_113_G_DC_308,True,True,minorgw,9.495
Max-Myc,0.000,1nkp,1nkp_GC_F_DG_113_G_DC_308,True,True,minorgw,9.322
Max-Myc,-2.000,1nkp,1nkp_CG_F_DC_114_G_DG_307,False,True,minorgw,9.495
Max-Myc,-1.000,1nkp,1nkp_CG_F_DC_114_G_DG_307,False,True,minorgw,9.322
RelA,,5u01,5u01_CG_E_DC_203_F_DG_224,False,True,stagger,0.681
RelA,,5u01,5u01_CG_E_DC_203_F_DG_224,False,True,shift,-1.585
RelA,,5u01,5u01_GC_E_DG_204_F_DC_223,True,True,stagger,0.999
RelA,,5u01,5u01_GC_E_DG_205_F_DC_222,True,True,stagger,0.877
RelA,,5u01,5u01_AT_E_DA_206_F_DT_221,True,True,stagger,0.674
RelA,,5u01,5u01_AT_E_DA_207_F_DT_220,False,True,stagger,1.135
RelA,,5u01,5u01_AT_E_DA_207_F_DT_220,False,True,propeller,-28.774
RelA,,5u01,5u01_AT_E_DA_207_F_DT_220,False,True,tilt,5.619
RelA,,5u01,5u01_TA_E_DT_209_F_DA_218,False,False,stagger,1.032
RelA,,5u01,5u01_TA_E_DT_209_F_DA_218,False,False,roll,-12.925
RelA,1.000,5u01,5u01_TA_E_DT_209_F_DA_218,False,False,majorgw,15.906
RelA,,5u01,5u01_TA_E_DT_210_F_DA_217,False,True,stagger,0.949
RelA,,5u01,5u01_TA_E_DT_210_F_DA_217,False,True,c1c1_dist,10.093
RelA,0.000,5u01,5u01_TA_E_DT_210_F_DA_217,False,True,majorgw,15.906
RelA,1.000,5u01,5u01_CG_E_DC_211_F_DG_216,True,True,minorgw,8.510
RelA,-1.000,5u01,5u01_CG_E_DC_211_F_DG_216,True,True,majorgw,15.906
RelA,,5u01,5u01_CG_E_DC_212_F_DG_215,True,True,stagger,1.303
RelA,,5u01,5u01_CG_E_DC_212_F_DG_215,True,True,shift,1.012
RelA,0.000,5u01,5u01_CG_E_DC_212_F_DG_215,True,True,minorgw,8.510
RelA,1.000,5u01,5u01_CG_E_DC_212_F_DG_215,True,True,minorgw,9.051
RelA,-2.000,5u01,5u01_CG_E_DC_212_F_DG_215,True,True,majorgw,15.906
RelA,,5u01,5u01_CG_E_DC_213_F_DG_214,True,True,stagger,0.925
RelA,-1.000,5u01,5u01_CG_E_DC_213_F_DG_214,True,True,minorgw,8.510
RelA,0.000,5u01,5u01_CG_E_DC_213_F_DG_214,True,True,minorgw,9.051
RelA,1.000,5u01,5u01_CG_E_DC_213_F_DG_214,True,True,minorgw,8.417
RelA,,5u01,5u01_GC_E_DG_214_F_DC_213,True,True,stagger,1.141
RelA,,5u01,5u01_GC_E_DG_214_F_DC_213,True,True,shift,1.638
RelA,-2.000,5u01,5u01_GC_E_DG_214_F_DC_213,True,True,minorgw,8.510
RelA,-1.000,5u01,5u01_GC_E_DG_214_F_DC_213,True,True,minorgw,9.051
RelA,0.000,5u01,5u01_GC_E_DG_214_F_DC_213,True,True,minorgw,8.417
RelA,,5u01,5u01_GC_E_DG_215_F_DC_212,True,True,stagger,0.965
RelA,,5u01,5u01_GC_E_DG_215_F_DC_212,True,True,tilt,6.745
RelA,-2.000,5u01,5u01_GC_E_DG_215_F_DC_212,True,True,minorgw,9.051
RelA,-1.000,5u01,5u01_GC_E_DG_215_F_DC_212,True,True,minorgw,8.417
RelA,-2.000,5u01,5u01_GC_E_DG_216_F_DC_211,True,True,minorgw,8.417
RelA,,5u01,5u01_AT_E_DA_218_F_DT_209,False,True,stagger,1.234
RelA,,5u01,5u01_AT_E_DA_218_F_DT_209,False,True,c1c1_dist,10.140
RelA,,5u01,5u01_TA_E_DT_219_F_DA_208,False,False,stagger,0.815
RelA,,5u01,5u01_TA_E_DT_219_F_DA_208,False,False,propeller,-28.282
RelA,,5u01,5u01_TA_E_DT_220_F_DA_207,False,True,stagger,1.105
RelA,,5u01,5u01_TA_E_DT_220_F_DA_207,False,True,tilt,-7.065
RelA,,5u01,5u01_CG_E_DC_223_F_DG_204,True,True,stagger,0.918
RelA,,5u01,5u01_CG_E_DC_223_F_DG_204,True,True,shift,1.292
RelA,,5u01,5u01_GC_E_DG_224_F_DC_203,True,True,stagger,0.984
RelA,,5u01,5u01_GC_E_DG_224_F_DC_203,True,True,propeller,-27.362
RelA,,5u01,5u01_GC_E_DG_224_F_DC_203,True,True,opening,-9.654
RelA,,5u01,5u01_GC_E_DG_224_F_DC_203,True,True,shift,1.635
Runx1,,1hjb,1hjb_TA_G_DT_17_H_DA_11,False,True,shear,0.817
Runx1,,1hjb,1hjb_TA_G_DT_17_H_DA_11,False,True,stretch,0.215
Runx1,,1hjb,1hjb_TA_G_DT_17_H_DA_11,False,True,c1c1_dist,11.184
Runx1,,1hjb,1hjb_GC_G_DG_18_H_DC_10,True,True,shear,-0.987
Runx1,,1hjb,1hjb_GC_G_DG_18_H_DC_10,True,True,stretch,-0.557
Runx1,,1hjb,1hjb_GC_G_DG_21_H_DC_7,True,True,stretch,-0.558
Runx1,,1hjb,1hjb_GC_G_DG_21_H_DC_7,True,True,shift,1.049
Runx1,,1hjb,1hjb_TA_G_DT_22_H_DA_6,False,True,opening,9.553
Runx1,,1hjb,1hjb_TA_G_DT_22_H_DA_6,False,True,c1c1_dist,10.071
Runx1,,1hjb,1hjb_TA_G_DT_23_H_DA_5,True,True,shear,-0.918
TBP,,1qne,1qne_CG_C_DC_202_D_DG_227,False,False,shear,-1.372
TBP,,1qne,1qne_CG_C_DC_202_D_DG_227,False,False,stretch,-0.868
TBP,,1qne,1qne_CG_C_DC_202_D_DG_227,False,False,c1c1_dist,9.974
TBP,,1qne,1qne_CG_C_DC_202_D_DG_227,False,False,tilt,-9.088
TBP,1.000,1qne,1qne_CG_C_DC_202_D_DG_227,False,False,minorgw,14.067
TBP,,1qne,1qne_TA_C_DT_203_D_DA_226,False,True,stretch,-0.477
TBP,,1qne,1qne_TA_C_DT_203_D_DA_226,False,True,stagger,-0.595
TBP,,1qne,1qne_TA_C_DT_203_D_DA_226,False,True,opening,7.247
TBP,,1qne,1qne_TA_C_DT_203_D_DA_226,False,True,c1c1_dist,9.773
TBP,,1qne,1qne_TA_C_DT_203_D_DA_226,False,True,rise,4.799
TBP,,1qne,1qne_TA_C_DT_203_D_DA_226,False,True,tilt,8.715
TBP,,1qne,1qne_TA_C_DT_203_D_DA_226,False,True,roll,48.741
TBP,,1qne,1qne_TA_C_DT_203_D_DA_226,False,True,twist,14.510
TBP,0.000,1qne,1qne_TA_C_DT_203_D_DA_226,False,True,minorgw,14.067
TBP,1.000,1qne,1qne_TA_C_DT_203_D_DA_226,False,True,minorgw,16.355
TBP,1.000,1qne,1qne_TA_C_DT_203_D_DA_226,False,True,beta,78.200
TBP,1.000,1qne,1qne_TA_C_DT_203_D_DA_226,False,True,zeta,3.200
TBP,,1qne,1qne_AT_C_DA_204_D_DT_225,False,True,buckle,-33.685
TBP,,1qne,1qne_AT_C_DA_204_D_DT_225,False,True,propeller,12.414
TBP,,1qne,1qne_AT_C_DA_204_D_DT_225,False,True,opening,10.349
TBP,,1qne,1qne_AT_C_DA_204_D_DT_225,False,True,c1c1_dist,9.690
TBP,,1qne,1qne_AT_C_DA_204_D_DT_225,False,True,shift,-1.510
TBP,,1qne,1qne_AT_C_DA_204_D_DT_225,False,True,roll,21.172
TBP,,1qne,1qne_AT_C_DA_204_D_DT_225,False,True,twist,19.967
TBP,-1.000,1qne,1qne_AT_C_DA_204_D_DT_225,False,True,minorgw,14.067
TBP,0.000,1qne,1qne_AT_C_DA_204_D_DT_225,False,True,minorgw,16.355
TBP,1.000,1qne,1qne_AT_C_DA_204_D_DT_225,False,True,minorgw,17.912
TBP,0.000,1qne,1qne_AT_C_DA_204_D_DT_225,False,True,beta,78.200
TBP,1.000,1qne,1qne_AT_C_DA_204_D_DT_225,False,True,beta,84.600
TBP,0.000,1qne,1qne_AT_C_DA_204_D_DT_225,False,True,zeta,3.200
TBP,1.000,1qne,1qne_AT_C_DA_204_D_DT_225,False,True,zeta,-6.200
TBP,,1qne,1qne_TA_C_DT_205_D_DA_224,False,True,buckle,22.216
TBP,,1qne,1qne_TA_C_DT_205_D_DA_224,False,True,slide,2.055
TBP,-2.000,1qne,1qne_TA_C_DT_205_D_DA_224,False,True,minorgw,14.067
TBP,-1.000,1qne,1qne_TA_C_DT_205_D_DA_224,False,True,minorgw,16.355
TBP,0.000,1qne,1qne_TA_C_DT_205_D_DA_224,False,True,minorgw,17.912
TBP,1.000,1qne,1qne_TA_C_DT_205_D_DA_224,False,True,minorgw,18.648
TBP,-1.000,1qne,1qne_TA_C_DT_205_D_DA_224,False,True,beta,78.200
TBP,0.000,1qne,1qne_TA_C_DT_205_D_DA_224,False,True,beta,84.600
TBP,1.000,1qne,1qne_TA_C_DT_205_D_DA_224,False,True,beta,83.500
TBP,-1.000,1qne,1qne_TA_C_DT_205_D_DA_224,False,True,zeta,3.200
TBP,0.000,1qne,1qne_TA_C_DT_205_D_DA_224,False,True,zeta,-6.200
TBP,1.000,1qne,1qne_TA_C_DT_205_D_DA_224,False,True,zeta,-14.100
TBP,,1qne,1qne_AT_C_DA_206_D_DT_223,True,True,slide,1.281
TBP,,1qne,1qne_AT_C_DA_206_D_DT_223,True,True,roll,19.666
TBP,,1qne,1qne_AT_C_DA_206_D_DT_223,True,True,twist,12.441
TBP,-2.000,1qne,1qne_AT_C_DA_206_D_DT_223,True,True,minorgw,16.355
TBP,-1.000,1qne,1qne_AT_C_DA_206_D_DT_223,True,True,minorgw,17.912
TBP,0.000,1qne,1qne_AT_C_DA_206_D_DT_223,True,True,minorgw,18.648
TBP,1.000,1qne,1qne_AT_C_DA_206_D_DT_223,True,True,minorgw,17.674
TBP,-1.000,1qne,1qne_AT_C_DA_206_D_DT_223,True,True,beta,84.600
TBP,0.000,1qne,1qne_AT_C_DA_206_D_DT_223,True,True,beta,83.500
TBP,1.000,1qne,1qne_AT_C_DA_206_D_DT_223,True,True,beta,84.700
TBP,-1.000,1qne,1qne_AT_C_DA_206_D_DT_223,True,True,zeta,-6.200
TBP,0.000,1qne,1qne_AT_C_DA_206_D_DT_223,True,True,zeta,-14.100
TBP,1.000,1qne,1qne_AT_C_DA_206_D_DT_223,True,True,zeta,-9.800
TBP,,1qne,1qne_AT_C_DA_207_D_DT_222,True,True,buckle,18.689
TBP,,1qne,1qne_AT_C_DA_207_D_DT_222,True,True,c1c1_dist,10.058
TBP,,1qne,1qne_AT_C_DA_207_D_DT_222,True,True,slide,1.174
TBP,,1qne,1qne_AT_C_DA_207_D_DT_222,True,True,roll,24.055
TBP,,1qne,1qne_AT_C_DA_207_D_DT_222,True,True,twist,19.623
TBP,-2.000,1qne,1qne_AT_C_DA_207_D_DT_222,True,True,minorgw,17.912
TBP,-1.000,1qne,1qne_AT_C_DA_207_D_DT_222,True,True,minorgw,18.648
TBP,0.000,1qne,1qne_AT_C_DA_207_D_DT_222,True,True,minorgw,17.674
TBP,1.000,1qne,1qne_AT_C_DA_207_D_DT_222,True,True,minorgw,15.983
TBP,-1.000,1qne,1qne_AT_C_DA_207_D_DT_222,True,True,beta,83.500
TBP,0.000,1qne,1qne_AT_C_DA_207_D_DT_222,True,True,beta,84.700
TBP,1.000,1qne,1qne_AT_C_DA_207_D_DT_222,True,True,beta,81.400
TBP,-1.000,1qne,1qne_AT_C_DA_207_D_DT_222,True,True,zeta,-14.100
TBP,0.000,1qne,1qne_AT_C_DA_207_D_DT_222,True,True,zeta,-9.800
TBP,1.000,1qne,1qne_AT_C_DA_207_D_DT_222,True,True,zeta,-0.900
TBP,,1qne,1qne_AT_C_DA_208_D_DT_221,False,True,buckle,26.445
TBP,,1qne,1qne_AT_C_DA_208_D_DT_221,False,True,c1c1_dist,9.977
TBP,,1qne,1qne_AT_C_DA_208_D_DT_221,False,True,roll,17.496
TBP,,1qne,1qne_AT_C_DA_208_D_DT_221,False,True,twist,23.827
TBP,-2.000,1qne,1qne_AT_C_DA_208_D_DT_221,False,True,minorgw,18.648
TBP,-1.000,1qne,1qne_AT_C_DA_208_D_DT_221,False,True,minorgw,17.674
TBP,0.000,1qne,1qne_AT_C_DA_208_D_DT_221,False,True,minorgw,15.983
TBP,1.000,1qne,1qne_AT_C_DA_208_D_DT_221,False,True,minorgw,13.561
TBP,-1.000,1qne,1qne_AT_C_DA_208_D_DT_221,False,True,beta,84.700
TBP,0.000,1qne,1qne_AT_C_DA_208_D_DT_221,False,True,beta,81.400
TBP,1.000,1qne,1qne_AT_C_DA_208_D_DT_221,False,True,beta,71.000
TBP,-1.000,1qne,1qne_AT_C_DA_208_D_DT_221,False,True,zeta,-9.800
TBP,0.000,1qne,1qne_AT_C_DA_208_D_DT_221,False,True,zeta,-0.900
TBP,1.000,1qne,1qne_AT_C_DA_208_D_DT_221,False,True,zeta,8.300
TBP,,1qne,1qne_AT_C_DA_209_D_DT_220,False,True,buckle,38.206
TBP,,1qne,1qne_AT_C_DA_209_D_DT_220,False,True,opening,8.646
TBP,,1qne,1qne_AT_C_DA_209_D_DT_220,False,True,c1c1_dist,9.652
TBP,,1qne,1qne_AT_C_DA_209_D_DT_220,False,True,rise,5.060
TBP,,1qne,1qne_AT_C_DA_209_D_DT_220,False,True,roll,42.851
TBP,-2.000,1qne,1qne_AT_C_DA_209_D_DT_220,False,True,minorgw,17.674
TBP,-1.000,1qne,1qne_AT_C_DA_209_D_DT_220,False,True,minorgw,15.983
TBP,0.000,1qne,1qne_AT_C_DA_209_D_DT_220,False,True,minorgw,13.561
TBP,1.000,1qne,1qne_AT_C_DA_209_D_DT_220,False,True,minorgw,10.235
TBP,-1.000,1qne,1qne_AT_C_DA_209_D_DT_220,False,True,beta,81.400
TBP,0.000,1qne,1qne_AT_C_DA_209_D_DT_220,False,True,beta,71.000
TBP,1.000,1qne,1qne_AT_C_DA_209_D_DT_220,False,True,beta,55.500
TBP,-1.000,1qne,1qne_AT_C_DA_209_D_DT_220,False,True,zeta,-0.900
TBP,0.000,1qne,1qne_AT_C_DA_209_D_DT_220,False,True,zeta,8.300
TBP,1.000,1qne,1qne_AT_C_DA_209_D_DT_220,False,True,zeta,18.900
TBP,,1qne,1qne_GC_C_DG_210_D_DC_219,False,True,shift,-1.541
TBP,-2.000,1qne,1qne_GC_C_DG_210_D_DC_219,False,True,minorgw,15.983
TBP,-1.000,1qne,1qne_GC_C_DG_210_D_DC_219,False,True,minorgw,13.561
TBP,0.000,1qne,1qne_GC_C_DG_210_D_DC_219,False,True,minorgw,10.235
TBP,1.000,1qne,1qne_GC_C_DG_210_D_DC_219,False,True,minorgw,8.675
TBP,-1.000,1qne,1qne_GC_C_DG_210_D_DC_219,False,True,beta,71.000
TBP,0.000,1qne,1qne_GC_C_DG_210_D_DC_219,False,True,beta,55.500
TBP,1.000,1qne,1qne_GC_C_DG_210_D_DC_219,False,True,beta,34.600
TBP,-1.000,1qne,1qne_GC_C_DG_210_D_DC_219,False,True,zeta,8.300
TBP,0.000,1qne,1qne_GC_C_DG_210_D_DC_219,False,True,zeta,18.900
p53,1.000,3kz8,3kz8_CG_C_DC_4_C_DG_17,True,True,minorgw,8.435
p53,1.000,3kz8,3kz8_CG_C_DC_4_C_DG_17,True,True,majorgw,7.355
p53,,3kz8,3kz8_AT_C_DA_5_C_DT_16,False,True,c1c1_dist,8.246
p53,0.000,3kz8,3kz8_AT_C_DA_5_C_DT_16,False,True,minorgw,8.435
p53,0.000,3kz8,3kz8_AT_C_DA_5_C_DT_16,False,True,majorgw,7.355
p53,,3kz8,3kz8_TA_C_DT_6_C_DA_15,False,True,c1c1_dist,8.265
p53,-1.000,3kz8,3kz8_TA_C_DT_6_C_DA_15,False,True,minorgw,8.435
p53,-1.000,3kz8,3kz8_TA_C_DT_6_C_DA_15,False,True,majorgw,7.355
p53,-2.000,3kz8,3kz8_GC_C_DG_7_C_DC_14,True,True,minorgw,8.435
p53,-2.000,3kz8,3kz8_GC_C_DG_7_C_DC_14,True,True,majorgw,7.355
p53,1.000,3kz8,3kz8_CG_C_DC_14_C_DG_7,True,True,minorgw,8.435
p53,1.000,3kz8,3kz8_CG_C_DC_14_C_DG_7,True,True,majorgw,7.355
p53,,3kz8,3kz8_AT_C_DA_15_C_DT_6,False,True,c1c1_dist,8.265
p53,0.000,3kz8,3kz8_AT_C_DA_15_C_DT_6,False,True,minorgw,8.435
p53,0.000,3kz8,3kz8_AT_C_DA_15_C_DT_6,False,True,majorgw,7.355
p53,,3kz8,3kz8_TA_C_DT_16_C_DA_5,False,True,c1c1_dist,8.246
p53,-1.000,3kz8,3kz8_TA_C_DT_16_C_DA_5,False,True,minorgw,8.435
p53,-1.000,3kz8,3kz8_TA_C_DT_16_C_DA_5,False,True,majorgw,7.355
p53,-2.000,3kz8,3kz8_GC_C_DG_17_C_DC_4,True,True,minorgw,8.435
p53,-2.000,3kz8,3kz8_GC_C_DG_17_C_DC_4,True,True,majorgw,7.355
